Model,Campus,Loss,TopK,Metric,Baseline(loss0),Value,AbsDiff,RelDiff(%)
NCL,campus_10,loss1,Top 3,Hit Ratio,0.21944,0.21175,-0.007690000000000002,-3.5043747721472855
NCL,campus_10,loss1,Top 3,Precision,0.27139,0.26188,-0.009510000000000018,-3.504182173256206
NCL,campus_10,loss1,Top 3,Recall,0.29537,0.28447,-0.01090000000000002,-3.6902867589802684
NCL,campus_10,loss1,Top 3,NDCG,0.35447,0.34166,-0.012809999999999988,-3.613846023640925
NCL,campus_10,loss1,Top 5,Hit Ratio,0.30355,0.29504,-0.008509999999999962,-2.8034920112007784
NCL,campus_10,loss1,Top 5,Precision,0.22526,0.21894,-0.006319999999999992,-2.805646808132821
NCL,campus_10,loss1,Top 5,Recall,0.38082,0.37162,-0.009199999999999986,-2.4158395042277157
NCL,campus_10,loss1,Top 5,NDCG,0.3744,0.36325,-0.011149999999999993,-2.9780982905982887
NCL,campus_10,loss1,Top 10,Hit Ratio,0.43708,0.43036,-0.006720000000000004,-1.5374759769378612
NCL,campus_10,loss1,Top 10,Precision,0.16217,0.15968,-0.00249000000000002,-1.5354257877536042
NCL,campus_10,loss1,Top 10,Recall,0.49609,0.49053,-0.005559999999999954,-1.1207643774315053
NCL,campus_10,loss1,Top 10,NDCG,0.40875,0.39979,-0.008960000000000024,-2.1920489296636143
NCL,campus_10,loss1,Top 20,Hit Ratio,0.5768,0.56956,-0.007240000000000024,-1.2552011095700457
NCL,campus_10,loss1,Top 20,Precision,0.10701,0.10566,-0.00134999999999999,-1.2615643397813197
NCL,campus_10,loss1,Top 20,Recall,0.60226,0.59308,-0.009179999999999966,-1.5242586258426536
NCL,campus_10,loss1,Top 20,NDCG,0.44624,0.4365,-0.009740000000000026,-2.1826819648619633
NCL,campus_10,loss2,Top 3,Hit Ratio,0.21944,0.22003,0.0005900000000000072,0.2688662048851655
NCL,campus_10,loss2,Top 3,Precision,0.27139,0.27213,0.0007399999999999629,0.27267032683590514
NCL,campus_10,loss2,Top 3,Recall,0.29537,0.29598,0.0006099999999999994,0.20652063513559243
NCL,campus_10,loss2,Top 3,NDCG,0.35447,0.35594,0.0014699999999999713,0.41470364205714766
NCL,campus_10,loss2,Top 5,Hit Ratio,0.30355,0.30012,-0.0034299999999999886,-1.1299621149728178
NCL,campus_10,loss2,Top 5,Precision,0.22526,0.22271,-0.0025499999999999967,-1.1320252153067554
NCL,campus_10,loss2,Top 5,Recall,0.38082,0.37751,-0.0033099999999999796,-0.8691770390210544
NCL,campus_10,loss2,Top 5,NDCG,0.3744,0.3731,-0.0013000000000000234,-0.3472222222222284
NCL,campus_10,loss2,Top 10,Hit Ratio,0.43708,0.43536,-0.0017199999999999993,-0.3935206369543331
NCL,campus_10,loss2,Top 10,Precision,0.16217,0.16153,-0.0006400000000000017,-0.3946475920330528
NCL,campus_10,loss2,Top 10,Recall,0.49609,0.49377,-0.0023199999999999887,-0.467657078352716
NCL,campus_10,loss2,Top 10,NDCG,0.40875,0.40834,-0.00041000000000002146,-0.10030581039755877
NCL,campus_10,loss2,Top 20,Hit Ratio,0.5768,0.57359,-0.003209999999999935,-0.5565187239944409
NCL,campus_10,loss2,Top 20,Precision,0.10701,0.10641,-0.0005999999999999894,-0.5606952621250252
NCL,campus_10,loss2,Top 20,Recall,0.60226,0.59518,-0.007079999999999975,-1.1755720120877984
NCL,campus_10,loss2,Top 20,NDCG,0.44624,0.4445,-0.0017400000000000193,-0.3899247041950563
NCL,campus_10,loss3,Top 3,Hit Ratio,0.21944,0.22123,0.0017900000000000138,0.815712723295668
NCL,campus_10,loss3,Top 3,Precision,0.27139,0.27361,0.0022199999999999998,0.8180109805077561
NCL,campus_10,loss3,Top 3,Recall,0.29537,0.29846,0.0030899999999999817,1.0461455124081598
NCL,campus_10,loss3,Top 3,NDCG,0.35447,0.35859,0.0041200000000000125,1.1622986430445488
NCL,campus_10,loss3,Top 5,Hit Ratio,0.30355,0.3043,0.0007500000000000284,0.24707626420689457
NCL,campus_10,loss3,Top 5,Precision,0.22526,0.22581,0.0005500000000000227,0.24416230134068306
NCL,campus_10,loss3,Top 5,Recall,0.38082,0.38338,0.0025600000000000067,0.6722336011764106
NCL,campus_10,loss3,Top 5,NDCG,0.3744,0.37761,0.0032099999999999906,0.8573717948717924
NCL,campus_10,loss3,Top 10,Hit Ratio,0.43708,0.43977,0.00268999999999997,0.6154479729111307
NCL,campus_10,loss3,Top 10,Precision,0.16217,0.16317,0.0010000000000000009,0.6166368625516438
NCL,campus_10,loss3,Top 10,Recall,0.49609,0.49873,0.002640000000000031,0.5321615029530995
NCL,campus_10,loss3,Top 10,NDCG,0.40875,0.41225,0.003500000000000003,0.8562691131498478
NCL,campus_10,loss3,Top 20,Hit Ratio,0.5768,0.57703,0.0002300000000000635,0.03987517337033001
NCL,campus_10,loss3,Top 20,Precision,0.10701,0.10705,4.000000000001225e-05,0.037379684141680455
NCL,campus_10,loss3,Top 20,Recall,0.60226,0.59795,-0.004310000000000036,-0.715637764420688
NCL,campus_10,loss3,Top 20,NDCG,0.44624,0.44778,0.0015399999999999858,0.34510577267837617
NCL,campus_10,loss4,Top 3,Hit Ratio,0.21944,0.20563,-0.013809999999999989,-6.293292016040826
NCL,campus_10,loss4,Top 3,Precision,0.27139,0.25432,-0.01707000000000003,-6.289841187958299
NCL,campus_10,loss4,Top 3,Recall,0.29537,0.27901,-0.01636000000000004,-5.5388157226529575
NCL,campus_10,loss4,Top 3,NDCG,0.35447,0.33182,-0.022650000000000003,-6.389821423533728
NCL,campus_10,loss4,Top 5,Hit Ratio,0.30355,0.28437,-0.019179999999999975,-6.318563663317403
NCL,campus_10,loss4,Top 5,Precision,0.22526,0.21102,-0.014239999999999975,-6.321583947438504
NCL,campus_10,loss4,Top 5,Recall,0.38082,0.36211,-0.018710000000000004,-4.913082296097896
NCL,campus_10,loss4,Top 5,NDCG,0.3744,0.35181,-0.02259,-6.033653846153846
NCL,campus_10,loss4,Top 10,Hit Ratio,0.43708,0.42111,-0.01597000000000004,-3.653793355907394
NCL,campus_10,loss4,Top 10,Precision,0.16217,0.15624,-0.005930000000000019,-3.656656594931256
NCL,campus_10,loss4,Top 10,Recall,0.49609,0.48317,-0.012919999999999987,-2.6043661432401355
NCL,campus_10,loss4,Top 10,NDCG,0.40875,0.39033,-0.018419999999999992,-4.506422018348622
NCL,campus_10,loss4,Top 20,Hit Ratio,0.5768,0.56001,-0.01678999999999997,-2.9108876560332826
NCL,campus_10,loss4,Top 20,Precision,0.10701,0.10389,-0.0031199999999999978,-2.9156153630501804
NCL,campus_10,loss4,Top 20,Recall,0.60226,0.58632,-0.015940000000000065,-2.646697439644018
NCL,campus_10,loss4,Top 20,NDCG,0.44624,0.42737,-0.018869999999999998,-4.228666188598063
NCL,campus_10,loss5,Top 3,Hit Ratio,0.21944,0.22026,0.0008200000000000152,0.37367845424718155
NCL,campus_10,loss5,Top 3,Precision,0.27139,0.27241,0.0010199999999999654,0.3758428829359834
NCL,campus_10,loss5,Top 3,Recall,0.29537,0.29587,0.0005000000000000004,0.1692792091275351
NCL,campus_10,loss5,Top 3,NDCG,0.35447,0.35673,0.0022599999999999842,0.6375715857477317
NCL,campus_10,loss5,Top 5,Hit Ratio,0.30355,0.30385,0.00030000000000002247,0.09883050568276147
NCL,campus_10,loss5,Top 5,Precision,0.22526,0.22548,0.00022000000000002573,0.09766492053628062
NCL,campus_10,loss5,Top 5,Recall,0.38082,0.38015,-0.0006700000000000039,-0.17593613780788928
NCL,campus_10,loss5,Top 5,NDCG,0.3744,0.37605,0.0016499999999999848,0.44070512820512414
NCL,campus_10,loss5,Top 10,Hit Ratio,0.43708,0.43775,0.0006699999999999484,0.1532900155577808
NCL,campus_10,loss5,Top 10,Precision,0.16217,0.16242,0.0002500000000000002,0.15415921563791096
NCL,campus_10,loss5,Top 10,Recall,0.49609,0.495,-0.0010899999999999799,-0.21971819629502307
NCL,campus_10,loss5,Top 10,NDCG,0.40875,0.41019,0.0014399999999999968,0.3522935779816506
NCL,campus_10,loss5,Top 20,Hit Ratio,0.5768,0.5824,0.005600000000000049,0.9708737864077756
NCL,campus_10,loss5,Top 20,Precision,0.10701,0.10804,0.0010300000000000031,0.9625268666479798
NCL,campus_10,loss5,Top 20,Recall,0.60226,0.60706,0.0048000000000000265,0.7969979742968197
NCL,campus_10,loss5,Top 20,NDCG,0.44624,0.44945,0.0032099999999999906,0.7193438508425938
NCL,campus_102,loss1,Top 3,Hit Ratio,0.21577,0.20591,-0.00985999999999998,-4.569680678500246
NCL,campus_102,loss1,Top 3,Precision,0.23727,0.22643,-0.010840000000000016,-4.568634888523629
NCL,campus_102,loss1,Top 3,Recall,0.28366,0.27182,-0.011840000000000017,-4.174011140097305
NCL,campus_102,loss1,Top 3,NDCG,0.32214,0.30574,-0.01639999999999997,-5.090954243496607
NCL,campus_102,loss1,Top 5,Hit Ratio,0.30007,0.2837,-0.016369999999999996,-5.455393741460324
NCL,campus_102,loss1,Top 5,Precision,0.19798,0.18718,-0.010799999999999976,-5.4550964743913415
NCL,campus_102,loss1,Top 5,Recall,0.37049,0.35556,-0.014929999999999999,-4.029798375124835
NCL,campus_102,loss1,Top 5,NDCG,0.34534,0.32775,-0.017589999999999995,-5.0935310129148075
NCL,campus_102,loss1,Top 10,Hit Ratio,0.43221,0.41374,-0.018469999999999986,-4.2733856227296885
NCL,campus_102,loss1,Top 10,Precision,0.14258,0.13649,-0.006090000000000012,-4.27128629541311
NCL,campus_102,loss1,Top 10,Recall,0.48871,0.47686,-0.011849999999999972,-2.424750874751892
NCL,campus_102,loss1,Top 10,NDCG,0.38688,0.37153,-0.015349999999999975,-3.967638544251441
NCL,campus_102,loss1,Top 20,Hit Ratio,0.5566,0.54789,-0.008709999999999996,-1.5648580668343508
NCL,campus_102,loss1,Top 20,Precision,0.09181,0.09037,-0.0014399999999999968,-1.568456595142138
NCL,campus_102,loss1,Top 20,Recall,0.58769,0.58761,-8.000000000008001e-05,-0.013612618897731799
NCL,campus_102,loss1,Top 20,NDCG,0.42316,0.41189,-0.011270000000000002,-2.663295207486531
NCL,campus_102,loss2,Top 3,Hit Ratio,0.21577,0.21797,0.0022000000000000075,1.0196042081846446
NCL,campus_102,loss2,Top 3,Precision,0.23727,0.23969,0.0024199999999999777,1.019935095039397
NCL,campus_102,loss2,Top 3,Recall,0.28366,0.28492,0.0012599999999999834,0.44419375308467296
NCL,campus_102,loss2,Top 3,NDCG,0.32214,0.32525,0.0031100000000000017,0.9654187620289322
NCL,campus_102,loss2,Top 5,Hit Ratio,0.30007,0.30064,0.0005700000000000149,0.18995567700870294
NCL,campus_102,loss2,Top 5,Precision,0.19798,0.19836,0.0003800000000000192,0.19193857965452027
NCL,campus_102,loss2,Top 5,Recall,0.37049,0.37426,0.0037699999999999956,1.0175713244621976
NCL,campus_102,loss2,Top 5,NDCG,0.34534,0.34789,0.0025499999999999967,0.7384027335379617
NCL,campus_102,loss2,Top 10,Hit Ratio,0.43221,0.42809,-0.004119999999999957,-0.9532403229911286
NCL,campus_102,loss2,Top 10,Precision,0.14258,0.14122,-0.00136,-0.9538504699116286
NCL,campus_102,loss2,Top 10,Recall,0.48871,0.49095,0.0022400000000000198,0.4583495324425569
NCL,campus_102,loss2,Top 10,NDCG,0.38688,0.38798,0.0010999999999999899,0.2843258891645962
NCL,campus_102,loss2,Top 20,Hit Ratio,0.5566,0.55631,-0.00029000000000001247,-0.05210204814948122
NCL,campus_102,loss2,Top 20,Precision,0.09181,0.09176,-5.000000000000837e-05,-0.05446029844244458
NCL,campus_102,loss2,Top 20,Recall,0.58769,0.59341,0.005719999999999947,0.9733022511868411
NCL,campus_102,loss2,Top 20,NDCG,0.42316,0.4256,0.0024399999999999977,0.5766140466962846
NCL,campus_102,loss3,Top 3,Hit Ratio,0.21577,0.21835,0.002579999999999999,1.1957176623256243
NCL,campus_102,loss3,Top 3,Precision,0.23727,0.24011,0.0028399999999999814,1.1969486239305356
NCL,campus_102,loss3,Top 3,Recall,0.28366,0.28439,0.0007299999999999529,0.2573503490093608
NCL,campus_102,loss3,Top 3,NDCG,0.32214,0.32393,0.0017900000000000138,0.5556590302353057
NCL,campus_102,loss3,Top 5,Hit Ratio,0.30007,0.29968,-0.00039000000000000146,-0.12996967374279383
NCL,campus_102,loss3,Top 5,Precision,0.19798,0.19773,-0.0002500000000000002,-0.12627538135165178
NCL,campus_102,loss3,Top 5,Recall,0.37049,0.37086,0.00037000000000003697,0.0998677427191117
NCL,campus_102,loss3,Top 5,NDCG,0.34534,0.34551,0.00017000000000000348,0.04922684890253185
NCL,campus_102,loss3,Top 10,Hit Ratio,0.43221,0.4323,9.00000000000345e-05,0.020823210939134796
NCL,campus_102,loss3,Top 10,Precision,0.14258,0.14261,2.999999999997449e-05,0.021040819189209206
NCL,campus_102,loss3,Top 10,Recall,0.48871,0.49093,0.0022199999999999998,0.4542571259028872
NCL,campus_102,loss3,Top 10,NDCG,0.38688,0.38779,0.0009100000000000219,0.2352150537634465
NCL,campus_102,loss3,Top 20,Hit Ratio,0.5566,0.561,0.0044000000000000705,0.7905138339921075
NCL,campus_102,loss3,Top 20,Precision,0.09181,0.09253,0.0007199999999999984,0.784228297571069
NCL,campus_102,loss3,Top 20,Recall,0.58769,0.5964,0.008709999999999996,1.4820738824890665
NCL,campus_102,loss3,Top 20,NDCG,0.42316,0.42605,0.0028900000000000037,0.6829568012099451
NCL,campus_102,loss4,Top 3,Hit Ratio,0.21577,0.20524,-0.010529999999999984,-4.880196505538297
NCL,campus_102,loss4,Top 3,Precision,0.23727,0.22569,-0.011580000000000007,-4.8805158679984855
NCL,campus_102,loss4,Top 3,Recall,0.28366,0.27452,-0.009140000000000037,-3.2221673834872866
NCL,campus_102,loss4,Top 3,NDCG,0.32214,0.30584,-0.01629999999999998,-5.059911839572851
NCL,campus_102,loss4,Top 5,Hit Ratio,0.30007,0.28543,-0.014639999999999986,-4.878861598960238
NCL,campus_102,loss4,Top 5,Precision,0.19798,0.18832,-0.009660000000000002,-4.879280735427822
NCL,campus_102,loss4,Top 5,Recall,0.37049,0.35843,-0.01205999999999996,-3.255148587006386
NCL,campus_102,loss4,Top 5,NDCG,0.34534,0.32879,-0.016549999999999954,-4.792378525511078
NCL,campus_102,loss4,Top 10,Hit Ratio,0.43221,0.41575,-0.016459999999999975,-3.808333911755854
NCL,campus_102,loss4,Top 10,Precision,0.14258,0.13715,-0.005430000000000018,-3.8083882732501175
NCL,campus_102,loss4,Top 10,Recall,0.48871,0.48097,-0.007739999999999969,-1.5837613308506007
NCL,campus_102,loss4,Top 10,NDCG,0.38688,0.37245,-0.014429999999999998,-3.729838709677419
NCL,campus_102,loss4,Top 20,Hit Ratio,0.5566,0.54559,-0.011009999999999964,-1.9780812073302128
NCL,campus_102,loss4,Top 20,Precision,0.09181,0.08999,-0.0018200000000000022,-1.9823548633046533
NCL,campus_102,loss4,Top 20,Recall,0.58769,0.58762,-7.00000000000145e-05,-0.011911041535505876
NCL,campus_102,loss4,Top 20,NDCG,0.42316,0.41134,-0.011819999999999997,-2.793269685225446
NCL,campus_102,loss5,Top 3,Hit Ratio,0.21577,0.21615,0.0003800000000000192,0.1761134541409924
NCL,campus_102,loss5,Top 3,Precision,0.23727,0.23769,0.0004200000000000037,0.17701352889113825
NCL,campus_102,loss5,Top 3,Recall,0.28366,0.28267,-0.0009900000000000464,-0.34900937742369254
NCL,campus_102,loss5,Top 3,NDCG,0.32214,0.3217,-0.00043999999999999595,-0.13658657726454212
NCL,campus_102,loss5,Top 5,Hit Ratio,0.30007,0.2993,-0.0007699999999999929,-0.25660679174858964
NCL,campus_102,loss5,Top 5,Precision,0.19798,0.19747,-0.0005099999999999827,-0.2576017779573607
NCL,campus_102,loss5,Top 5,Recall,0.37049,0.36994,-0.0005499999999999949,-0.14845204998785255
NCL,campus_102,loss5,Top 5,NDCG,0.34534,0.3442,-0.0011399999999999744,-0.33010945734637587
NCL,campus_102,loss5,Top 10,Hit Ratio,0.43221,0.43489,0.0026800000000000157,0.6200689479651131
NCL,campus_102,loss5,Top 10,Precision,0.14258,0.14347,0.0008899999999999741,0.6242109692803858
NCL,campus_102,loss5,Top 10,Recall,0.48871,0.49448,0.005769999999999997,1.1806592866935397
NCL,campus_102,loss5,Top 10,NDCG,0.38688,0.38794,0.0010600000000000054,0.2739867659222512
NCL,campus_102,loss5,Top 20,Hit Ratio,0.5566,0.56071,0.004110000000000058,0.7384117858426263
NCL,campus_102,loss5,Top 20,Precision,0.09181,0.09249,0.00068,0.7406600588171224
NCL,campus_102,loss5,Top 20,Recall,0.58769,0.59761,0.009919999999999929,1.6879647433170428
NCL,campus_102,loss5,Top 20,NDCG,0.42316,0.42525,0.0020900000000000363,0.4939030154078921
NCL,campus_143,loss1,Top 3,Hit Ratio,0.4991,0.48825,-0.01084999999999997,-2.173913043478255
NCL,campus_143,loss1,Top 3,Precision,0.2847,0.27851,-0.006190000000000029,-2.1742184755883485
NCL,campus_143,loss1,Top 3,Recall,0.56615,0.55724,-0.008910000000000085,-1.5737878654067092
NCL,campus_143,loss1,Top 3,NDCG,0.52615,0.51323,-0.012920000000000043,-2.455573505654289
NCL,campus_143,loss1,Top 5,Hit Ratio,0.59649,0.5859,-0.010589999999999988,-1.775386008147662
NCL,campus_143,loss1,Top 5,Precision,0.20416,0.20053,-0.0036299999999999943,-1.7780172413793076
NCL,campus_143,loss1,Top 5,Recall,0.64844,0.6392,-0.009240000000000026,-1.4249583616063206
NCL,campus_143,loss1,Top 5,NDCG,0.55851,0.54606,-0.012449999999999961,-2.229145404737599
NCL,campus_143,loss1,Top 10,Hit Ratio,0.70214,0.6931,-0.009039999999999937,-1.2874925228586802
NCL,campus_143,loss1,Top 10,Precision,0.12016,0.11861,-0.0015500000000000097,-1.2899467376830973
NCL,campus_143,loss1,Top 10,Recall,0.72647,0.71771,-0.00875999999999999,-1.2058309358954933
NCL,campus_143,loss1,Top 10,NDCG,0.58895,0.577,-0.011950000000000016,-2.0290347228117867
NCL,campus_143,loss1,Top 20,Hit Ratio,0.77474,0.76027,-0.014469999999999983,-1.86772336525802
NCL,campus_143,loss1,Top 20,Precision,0.06629,0.06505,-0.001240000000000005,-1.8705687132297557
NCL,campus_143,loss1,Top 20,Recall,0.78431,0.76869,-0.015619999999999967,-1.9915594599074307
NCL,campus_143,loss1,Top 20,NDCG,0.60629,0.59295,-0.013340000000000019,-2.2002671988652325
NCL,campus_143,loss2,Top 3,Hit Ratio,0.4991,0.48902,-0.010079999999999978,-2.019635343618509
NCL,campus_143,loss2,Top 3,Precision,0.2847,0.27896,-0.005740000000000023,-2.0161573586231203
NCL,campus_143,loss2,Top 3,Recall,0.56615,0.55789,-0.008260000000000045,-1.4589773028349458
NCL,campus_143,loss2,Top 3,NDCG,0.52615,0.51271,-0.013440000000000007,-2.5544046374608014
NCL,campus_143,loss2,Top 5,Hit Ratio,0.59649,0.58874,-0.007749999999999924,-1.299267380844595
NCL,campus_143,loss2,Top 5,Precision,0.20416,0.2015,-0.0026599999999999957,-1.302899686520374
NCL,campus_143,loss2,Top 5,Recall,0.64844,0.64119,-0.007249999999999979,-1.1180679785330916
NCL,campus_143,loss2,Top 5,NDCG,0.55851,0.54585,-0.012660000000000005,-2.2667454477090843
NCL,campus_143,loss2,Top 10,Hit Ratio,0.70214,0.70809,0.005950000000000011,0.8474093485629661
NCL,campus_143,loss2,Top 10,Precision,0.12016,0.12118,0.0010199999999999931,0.8488681757656401
NCL,campus_143,loss2,Top 10,Recall,0.72647,0.73447,0.008000000000000007,1.101215466571229
NCL,campus_143,loss2,Top 10,NDCG,0.58895,0.58185,-0.007099999999999995,-1.20553527464131
NCL,campus_143,loss2,Top 20,Hit Ratio,0.77474,0.77267,-0.0020700000000000163,-0.2671864109249576
NCL,campus_143,loss2,Top 20,Precision,0.06629,0.06611,-0.0001799999999999996,-0.27153416804947894
NCL,campus_143,loss2,Top 20,Recall,0.78431,0.78111,-0.0031999999999999806,-0.40800193800920304
NCL,campus_143,loss2,Top 20,NDCG,0.60629,0.5967,-0.009589999999999987,-1.581751307130249
NCL,campus_143,loss3,Top 3,Hit Ratio,0.4991,0.5009,0.0018000000000000238,0.36064916850331075
NCL,campus_143,loss3,Top 3,Precision,0.2847,0.28574,0.0010399999999999854,0.3652968036529629
NCL,campus_143,loss3,Top 3,Recall,0.56615,0.56888,0.00273000000000001,0.4822043628013795
NCL,campus_143,loss3,Top 3,NDCG,0.52615,0.52774,0.0015899999999999803,0.30219519148531415
NCL,campus_143,loss3,Top 5,Hit Ratio,0.59649,0.59933,0.0028400000000000647,0.4761186273030671
NCL,campus_143,loss3,Top 5,Precision,0.20416,0.20513,0.0009699999999999986,0.47511755485893353
NCL,campus_143,loss3,Top 5,Recall,0.64844,0.64829,-0.00014999999999998348,-0.02313244093516493
NCL,campus_143,loss3,Top 5,NDCG,0.55851,0.55918,0.0006700000000000594,0.11996204186139182
NCL,campus_143,loss3,Top 10,Hit Ratio,0.70214,0.70783,0.005689999999999973,0.810379696356848
NCL,campus_143,loss3,Top 10,Precision,0.12016,0.12113,0.0009699999999999986,0.8072569906790934
NCL,campus_143,loss3,Top 10,Recall,0.72647,0.73093,0.0044600000000000195,0.6139276226134623
NCL,campus_143,loss3,Top 10,NDCG,0.58895,0.59095,0.0020000000000000018,0.33958740130741183
NCL,campus_143,loss3,Top 20,Hit Ratio,0.77474,0.77241,-0.0023299999999999432,-0.30074605674160926
NCL,campus_143,loss3,Top 20,Precision,0.06629,0.06609,-0.00020000000000000573,-0.301704631166097
NCL,campus_143,loss3,Top 20,Recall,0.78431,0.78289,-0.0014199999999999768,-0.18105085999158202
NCL,campus_143,loss3,Top 20,NDCG,0.60629,0.60656,0.00026999999999999247,0.0445331442049172
NCL,campus_143,loss4,Top 3,Hit Ratio,0.4991,0.47171,-0.02738999999999997,-5.4878781807253
NCL,campus_143,loss4,Top 3,Precision,0.2847,0.26908,-0.015620000000000023,-5.486476993326316
NCL,campus_143,loss4,Top 3,Recall,0.56615,0.54179,-0.02436000000000005,-4.302746621919995
NCL,campus_143,loss4,Top 3,NDCG,0.52615,0.49412,-0.03203,-6.087617599543857
NCL,campus_143,loss4,Top 5,Hit Ratio,0.59649,0.5735,-0.022989999999999955,-3.854213817499029
NCL,campus_143,loss4,Top 5,Precision,0.20416,0.19629,-0.007870000000000016,-3.8548197492163085
NCL,campus_143,loss4,Top 5,Recall,0.64844,0.6287,-0.01973999999999998,-3.044229227068037
NCL,campus_143,loss4,Top 5,NDCG,0.55851,0.52998,-0.028529999999999944,-5.108234409410744
NCL,campus_143,loss4,Top 10,Hit Ratio,0.70214,0.70189,-0.00024999999999997247,-0.035605434813566025
NCL,campus_143,loss4,Top 10,Precision,0.12016,0.12011,-5.000000000000837e-05,-0.04161118508655823
NCL,campus_143,loss4,Top 10,Recall,0.72647,0.72983,0.0033600000000000296,0.46251049595991983
NCL,campus_143,loss4,Top 10,NDCG,0.58895,0.56912,-0.019830000000000014,-3.367009083962987
NCL,campus_143,loss4,Top 20,Hit Ratio,0.77474,0.77654,0.0018000000000000238,0.23233600949996436
NCL,campus_143,loss4,Top 20,Precision,0.06629,0.06645,0.00015999999999999348,0.24136370493286086
NCL,campus_143,loss4,Top 20,Recall,0.78431,0.78725,0.0029400000000000537,0.37485178054596446
NCL,campus_143,loss4,Top 20,NDCG,0.60629,0.58663,-0.01966000000000001,-3.2426726484025816
NCL,campus_143,loss5,Top 3,Hit Ratio,0.4991,0.50426,0.005160000000000053,1.0338609497094877
NCL,campus_143,loss5,Top 3,Precision,0.2847,0.28765,0.002950000000000008,1.0361784334387103
NCL,campus_143,loss5,Top 3,Recall,0.56615,0.57096,0.004809999999999981,0.8495981630309954
NCL,campus_143,loss5,Top 3,NDCG,0.52615,0.52997,0.0038200000000000456,0.7260286990402063
NCL,campus_143,loss5,Top 5,Hit Ratio,0.59649,0.59752,0.0010300000000000864,0.17267682609936236
NCL,campus_143,loss5,Top 5,Precision,0.20416,0.20451,0.0003499999999999892,0.17143416927899158
NCL,campus_143,loss5,Top 5,Recall,0.64844,0.64626,-0.0021800000000000708,-0.3361914749244449
NCL,campus_143,loss5,Top 5,NDCG,0.55851,0.55903,0.000520000000000076,0.09310486831033929
NCL,campus_143,loss5,Top 10,Hit Ratio,0.70214,0.71144,0.009299999999999975,1.3245221750647982
NCL,campus_143,loss5,Top 10,Precision,0.12016,0.12175,0.0015899999999999942,1.3232356857523255
NCL,campus_143,loss5,Top 10,Recall,0.72647,0.73593,0.009460000000000024,1.3021872892204804
NCL,campus_143,loss5,Top 10,NDCG,0.58895,0.59304,0.004090000000000038,0.694456235673663
NCL,campus_143,loss5,Top 20,Hit Ratio,0.77474,0.77241,-0.0023299999999999432,-0.30074605674160926
NCL,campus_143,loss5,Top 20,Precision,0.06629,0.06609,-0.00020000000000000573,-0.301704631166097
NCL,campus_143,loss5,Top 20,Recall,0.78431,0.78218,-0.0021299999999999653,-0.27157628998737304
NCL,campus_143,loss5,Top 20,NDCG,0.60629,0.60743,0.0011400000000000299,0.18802883108743834
NCL,campus_15,loss1,Top 3,Hit Ratio,0.14893,0.14159,-0.007340000000000013,-4.928489894581356
NCL,campus_15,loss1,Top 3,Precision,0.24053,0.22869,-0.01183999999999999,-4.922462894441438
NCL,campus_15,loss1,Top 3,Recall,0.24944,0.24091,-0.008529999999999982,-3.4196600384862017
NCL,campus_15,loss1,Top 3,NDCG,0.32437,0.30646,-0.01790999999999998,-5.521472392638032
NCL,campus_15,loss1,Top 5,Hit Ratio,0.21622,0.207,-0.009220000000000006,-4.264175376930907
NCL,campus_15,loss1,Top 5,Precision,0.20953,0.2006,-0.008929999999999993,-4.261919534195577
NCL,campus_15,loss1,Top 5,Recall,0.32135,0.31289,-0.008460000000000023,-2.6326435350863613
NCL,campus_15,loss1,Top 5,NDCG,0.34394,0.32748,-0.01646000000000003,-4.785718439262671
NCL,campus_15,loss1,Top 10,Hit Ratio,0.34667,0.33347,-0.01319999999999999,-3.8076556956183087
NCL,campus_15,loss1,Top 10,Precision,0.16797,0.16158,-0.006390000000000007,-3.804250759064123
NCL,campus_15,loss1,Top 10,Recall,0.43465,0.4241,-0.010550000000000004,-2.4272403082940306
NCL,campus_15,loss1,Top 10,NDCG,0.3703,0.35485,-0.01545000000000002,-4.172292735619773
NCL,campus_15,loss1,Top 20,Hit Ratio,0.51428,0.50449,-0.009789999999999965,-1.9036322625806887
NCL,campus_15,loss1,Top 20,Precision,0.12459,0.12222,-0.002370000000000011,-1.9022393450517785
NCL,campus_15,loss1,Top 20,Recall,0.55013,0.54412,-0.00600999999999996,-1.0924690527693381
NCL,campus_15,loss1,Top 20,NDCG,0.40536,0.39254,-0.012819999999999998,-3.162620880205249
NCL,campus_15,loss2,Top 3,Hit Ratio,0.14893,0.14782,-0.0011099999999999999,-0.7453165916873697
NCL,campus_15,loss2,Top 3,Precision,0.24053,0.23875,-0.0017800000000000038,-0.740032428387313
NCL,campus_15,loss2,Top 3,Recall,0.24944,0.2454,-0.004039999999999988,-1.6196279666452806
NCL,campus_15,loss2,Top 3,NDCG,0.32437,0.31994,-0.0044299999999999895,-1.3657243271572557
NCL,campus_15,loss2,Top 5,Hit Ratio,0.21622,0.21429,-0.0019299999999999873,-0.8926093793358557
NCL,campus_15,loss2,Top 5,Precision,0.20953,0.20766,-0.0018699999999999828,-0.8924736314608805
NCL,campus_15,loss2,Top 5,Recall,0.32135,0.31859,-0.00276000000000004,-0.858876614283504
NCL,campus_15,loss2,Top 5,NDCG,0.34394,0.33949,-0.0044500000000000095,-1.2938303192417309
NCL,campus_15,loss2,Top 10,Hit Ratio,0.34667,0.34367,-0.0030000000000000027,-0.8653762944587079
NCL,campus_15,loss2,Top 10,Precision,0.16797,0.16652,-0.0014500000000000068,-0.8632493897719871
NCL,campus_15,loss2,Top 10,Recall,0.43465,0.42983,-0.004819999999999991,-1.1089382261589764
NCL,campus_15,loss2,Top 10,NDCG,0.3703,0.36542,-0.0048799999999999955,-1.3178503915743978
NCL,campus_15,loss2,Top 20,Hit Ratio,0.51428,0.51592,0.0016400000000000858,0.31889243213815155
NCL,campus_15,loss2,Top 20,Precision,0.12459,0.12499,0.0003999999999999976,0.3210530540171744
NCL,campus_15,loss2,Top 20,Recall,0.55013,0.54994,-0.00019000000000002348,-0.03453729118572401
NCL,campus_15,loss2,Top 20,NDCG,0.40536,0.40223,-0.0031300000000000217,-0.7721531478192277
NCL,campus_15,loss3,Top 3,Hit Ratio,0.14893,0.14876,-0.00017000000000000348,-0.1141475861142842
NCL,campus_15,loss3,Top 3,Precision,0.24053,0.24027,-0.00025999999999998247,-0.10809462437117302
NCL,campus_15,loss3,Top 3,Recall,0.24944,0.24679,-0.0026499999999999857,-1.0623797305965306
NCL,campus_15,loss3,Top 3,NDCG,0.32437,0.32178,-0.002589999999999981,-0.7984708820174433
NCL,campus_15,loss3,Top 5,Hit Ratio,0.21622,0.21479,-0.0014299999999999868,-0.6613634261400365
NCL,campus_15,loss3,Top 5,Precision,0.20953,0.20814,-0.0013900000000000023,-0.6633894907650467
NCL,campus_15,loss3,Top 5,Recall,0.32135,0.32002,-0.0013299999999999979,-0.413878948187334
NCL,campus_15,loss3,Top 5,NDCG,0.34394,0.34117,-0.00277000000000005,-0.805373030179697
NCL,campus_15,loss3,Top 10,Hit Ratio,0.34667,0.34556,-0.0011099999999999999,-0.3201892289497216
NCL,campus_15,loss3,Top 10,Precision,0.16797,0.16743,-0.0005400000000000127,-0.3214859796392288
NCL,campus_15,loss3,Top 10,Recall,0.43465,0.43178,-0.0028699999999999837,-0.6603013919245332
NCL,campus_15,loss3,Top 10,NDCG,0.3703,0.3675,-0.0028000000000000247,-0.756143667296793
NCL,campus_15,loss3,Top 20,Hit Ratio,0.51428,0.5165,0.0022199999999999998,0.4316714630162557
NCL,campus_15,loss3,Top 20,Precision,0.12459,0.12513,0.0005399999999999849,0.43342162292317593
NCL,campus_15,loss3,Top 20,Recall,0.55013,0.55193,0.0018000000000000238,0.3271953901805071
NCL,campus_15,loss3,Top 20,NDCG,0.40536,0.40404,-0.0013199999999999878,-0.3256364712847809
NCL,campus_15,loss4,Top 3,Hit Ratio,0.14893,0.14131,-0.007620000000000016,-5.116497683475468
NCL,campus_15,loss4,Top 3,Precision,0.24053,0.22822,-0.012309999999999988,-5.117864715420109
NCL,campus_15,loss4,Top 3,Recall,0.24944,0.23869,-0.010749999999999982,-4.309653624118017
NCL,campus_15,loss4,Top 3,NDCG,0.32437,0.3075,-0.016869999999999996,-5.2008508801677085
NCL,campus_15,loss4,Top 5,Hit Ratio,0.21622,0.20602,-0.010199999999999987,-4.717417445194703
NCL,campus_15,loss4,Top 5,Precision,0.20953,0.19964,-0.009889999999999982,-4.720087815587258
NCL,campus_15,loss4,Top 5,Recall,0.32135,0.30984,-0.01151000000000002,-3.5817644313054364
NCL,campus_15,loss4,Top 5,NDCG,0.34394,0.32755,-0.016390000000000016,-4.765366052218415
NCL,campus_15,loss4,Top 10,Hit Ratio,0.34667,0.33335,-0.013319999999999999,-3.8422707473966597
NCL,campus_15,loss4,Top 10,Precision,0.16797,0.16152,-0.006450000000000011,-3.8399714234684827
NCL,campus_15,loss4,Top 10,Recall,0.43465,0.4228,-0.011849999999999972,-2.7263315311169842
NCL,campus_15,loss4,Top 10,NDCG,0.3703,0.35531,-0.014990000000000003,-4.0480691331352965
NCL,campus_15,loss4,Top 20,Hit Ratio,0.51428,0.50346,-0.01081999999999994,-2.1039122656918297
NCL,campus_15,loss4,Top 20,Precision,0.12459,0.12197,-0.002620000000000011,-2.102897503812514
NCL,campus_15,loss4,Top 20,Recall,0.55013,0.54071,-0.009419999999999984,-1.7123225419446282
NCL,campus_15,loss4,Top 20,NDCG,0.40536,0.39215,-0.01321,-3.2588316558121173
NCL,campus_15,loss5,Top 3,Hit Ratio,0.14893,0.15053,0.0015999999999999903,1.074330222252058
NCL,campus_15,loss5,Top 3,Precision,0.24053,0.24312,0.002590000000000009,1.0767887581590692
NCL,campus_15,loss5,Top 3,Recall,0.24944,0.25103,0.0015899999999999803,0.6374278383579138
NCL,campus_15,loss5,Top 3,NDCG,0.32437,0.32496,0.0005900000000000349,0.18189105034375402
NCL,campus_15,loss5,Top 5,Hit Ratio,0.21622,0.21749,0.0012699999999999934,0.5873647211173774
NCL,campus_15,loss5,Top 5,Precision,0.20953,0.21076,0.0012300000000000089,0.5870281105331021
NCL,campus_15,loss5,Top 5,Recall,0.32135,0.32307,0.0017199999999999993,0.5352419480317407
NCL,campus_15,loss5,Top 5,NDCG,0.34394,0.34379,-0.000150000000000039,-0.0436122579519797
NCL,campus_15,loss5,Top 10,Hit Ratio,0.34667,0.34363,-0.003039999999999987,-0.8769146450514862
NCL,campus_15,loss5,Top 10,Precision,0.16797,0.1665,-0.001469999999999999,-0.8751562779067684
NCL,campus_15,loss5,Top 10,Recall,0.43465,0.43177,-0.0028799999999999937,-0.6626020936385584
NCL,campus_15,loss5,Top 10,NDCG,0.3703,0.36767,-0.002630000000000021,-0.7102349446394871
NCL,campus_15,loss5,Top 20,Hit Ratio,0.51428,0.51748,0.0032000000000000917,0.6222291358793054
NCL,campus_15,loss5,Top 20,Precision,0.12459,0.12537,0.0007800000000000029,0.6260534553334962
NCL,campus_15,loss5,Top 20,Recall,0.55013,0.55536,0.005229999999999957,0.9506843836911197
NCL,campus_15,loss5,Top 20,NDCG,0.40536,0.40541,4.999999999999449e-05,0.01233471482139197
NCL,campus_34,loss1,Top 3,Hit Ratio,0.37133,0.35913,-0.012199999999999989,-3.28548730239948
NCL,campus_34,loss1,Top 3,Precision,0.22982,0.22227,-0.007550000000000001,-3.2851797058567582
NCL,campus_34,loss1,Top 3,Recall,0.4333,0.42097,-0.012330000000000008,-2.8456035079621524
NCL,campus_34,loss1,Top 3,NDCG,0.39738,0.38182,-0.015560000000000018,-3.91564749106649
NCL,campus_34,loss1,Top 5,Hit Ratio,0.47163,0.45719,-0.014440000000000008,-3.061722112673072
NCL,campus_34,loss1,Top 5,Precision,0.17514,0.16978,-0.005360000000000004,-3.0604088158045015
NCL,campus_34,loss1,Top 5,Recall,0.52427,0.51106,-0.013210000000000055,-2.5196940507753744
NCL,campus_34,loss1,Top 5,NDCG,0.43427,0.4187,-0.015569999999999973,-3.585327100651662
NCL,campus_34,loss1,Top 10,Hit Ratio,0.59084,0.58089,-0.009950000000000014,-1.6840430573420915
NCL,campus_34,loss1,Top 10,Precision,0.1097,0.10786,-0.0018400000000000083,-1.6773017319963612
NCL,campus_34,loss1,Top 10,Recall,0.62553,0.6139,-0.01163000000000003,-1.8592233785749728
NCL,campus_34,loss1,Top 10,NDCG,0.47162,0.45756,-0.014059999999999961,-2.9812136889868883
NCL,campus_34,loss1,Top 20,Hit Ratio,0.66949,0.65704,-0.012450000000000072,-1.8596244902836596
NCL,campus_34,loss1,Top 20,Precision,0.06215,0.061,-0.0011499999999999982,-1.8503620273531751
NCL,campus_34,loss1,Top 20,Recall,0.68837,0.67694,-0.011430000000000051,-1.660444237837217
NCL,campus_34,loss1,Top 20,NDCG,0.49127,0.47727,-0.013999999999999957,-2.8497567529057255
NCL,campus_34,loss2,Top 3,Hit Ratio,0.37133,0.36212,-0.009209999999999996,-2.480273611073707
NCL,campus_34,loss2,Top 3,Precision,0.22982,0.22412,-0.005699999999999983,-2.480201897136882
NCL,campus_34,loss2,Top 3,Recall,0.4333,0.425,-0.00830000000000003,-1.9155319639972375
NCL,campus_34,loss2,Top 3,NDCG,0.39738,0.38797,-0.00941000000000003,-2.368010468569135
NCL,campus_34,loss2,Top 5,Hit Ratio,0.47163,0.46615,-0.005479999999999985,-1.1619277823717713
NCL,campus_34,loss2,Top 5,Precision,0.17514,0.17311,-0.0020299999999999763,-1.1590727418065412
NCL,campus_34,loss2,Top 5,Recall,0.52427,0.51812,-0.006149999999999989,-1.1730596829877713
NCL,campus_34,loss2,Top 5,NDCG,0.43427,0.42669,-0.007579999999999976,-1.745457894858032
NCL,campus_34,loss2,Top 10,Hit Ratio,0.59084,0.58462,-0.006220000000000003,-1.0527384740369647
NCL,campus_34,loss2,Top 10,Precision,0.1097,0.10855,-0.0011500000000000121,-1.048313582497732
NCL,campus_34,loss2,Top 10,Recall,0.62553,0.61713,-0.008400000000000074,-1.342861253656911
NCL,campus_34,loss2,Top 10,NDCG,0.47162,0.46385,-0.007769999999999999,-1.6475128281243372
NCL,campus_34,loss2,Top 20,Hit Ratio,0.66949,0.66501,-0.0044800000000000395,-0.6691660816442425
NCL,campus_34,loss2,Top 20,Precision,0.06215,0.06174,-0.0004099999999999937,-0.659694288012862
NCL,campus_34,loss2,Top 20,Recall,0.68837,0.68289,-0.00548000000000004,-0.7960835016052471
NCL,campus_34,loss2,Top 20,NDCG,0.49127,0.48437,-0.006899999999999962,-1.4045229710749612
NCL,campus_34,loss3,Top 3,Hit Ratio,0.37133,0.36735,-0.0039799999999999836,-1.0718229068483516
NCL,campus_34,loss3,Top 3,Precision,0.22982,0.22736,-0.00245999999999999,-1.0704029240274955
NCL,campus_34,loss3,Top 3,Recall,0.4333,0.42821,-0.005090000000000039,-1.174705746595901
NCL,campus_34,loss3,Top 3,NDCG,0.39738,0.39314,-0.0042400000000000215,-1.0669887764859884
NCL,campus_34,loss3,Top 5,Hit Ratio,0.47163,0.46964,-0.0019899999999999918,-0.4219409282700404
NCL,campus_34,loss3,Top 5,Precision,0.17514,0.1744,-0.0007399999999999907,-0.4225191275550935
NCL,campus_34,loss3,Top 5,Recall,0.52427,0.5253,0.0010299999999999754,0.19646365422396386
NCL,campus_34,loss3,Top 5,NDCG,0.43427,0.43227,-0.0020000000000000018,-0.46054298017362516
NCL,campus_34,loss3,Top 10,Hit Ratio,0.59084,0.59233,0.0014899999999999913,0.25218333220499484
NCL,campus_34,loss3,Top 10,Precision,0.1097,0.10998,0.0002799999999999886,0.25524156791247815
NCL,campus_34,loss3,Top 10,Recall,0.62553,0.62841,0.0028799999999999937,0.46040957268236427
NCL,campus_34,loss3,Top 10,NDCG,0.47162,0.47114,-0.00047999999999998044,-0.10177685424705918
NCL,campus_34,loss3,Top 20,Hit Ratio,0.66949,0.66277,-0.006720000000000059,-1.0037491224663637
NCL,campus_34,loss3,Top 20,Precision,0.06215,0.06153,-0.0006199999999999956,-0.9975864843121409
NCL,campus_34,loss3,Top 20,Recall,0.68837,0.6828,-0.005570000000000075,-0.8091578656827105
NCL,campus_34,loss3,Top 20,NDCG,0.49127,0.48823,-0.003039999999999987,-0.6188043234880997
NCL,campus_34,loss4,Top 3,Hit Ratio,0.37133,0.34968,-0.021650000000000003,-5.830393450569575
NCL,campus_34,loss4,Top 3,Precision,0.22982,0.21642,-0.013399999999999995,-5.830650073970932
NCL,campus_34,loss4,Top 3,Recall,0.4333,0.41245,-0.020850000000000035,-4.811908608354496
NCL,campus_34,loss4,Top 3,NDCG,0.39738,0.37454,-0.022840000000000027,-5.747647088429218
NCL,campus_34,loss4,Top 5,Hit Ratio,0.47163,0.45719,-0.014440000000000008,-3.061722112673072
NCL,campus_34,loss4,Top 5,Precision,0.17514,0.16978,-0.005360000000000004,-3.0604088158045015
NCL,campus_34,loss4,Top 5,Recall,0.52427,0.51203,-0.012240000000000029,-2.3346748812634766
NCL,campus_34,loss4,Top 5,NDCG,0.43427,0.41621,-0.018059999999999965,-4.1587031109678225
NCL,campus_34,loss4,Top 10,Hit Ratio,0.59084,0.57964,-0.011199999999999988,-1.8956062555006408
NCL,campus_34,loss4,Top 10,Precision,0.1097,0.10762,-0.0020800000000000124,-1.896080218778498
NCL,campus_34,loss4,Top 10,Recall,0.62553,0.61653,-0.009000000000000008,-1.438779914632393
NCL,campus_34,loss4,Top 10,NDCG,0.47162,0.45538,-0.016239999999999977,-3.4434502353589704
NCL,campus_34,loss4,Top 20,Hit Ratio,0.66949,0.65381,-0.015680000000000027,-2.3420812857548325
NCL,campus_34,loss4,Top 20,Precision,0.06215,0.0607,-0.00145,-2.3330651649235716
NCL,campus_34,loss4,Top 20,Recall,0.68837,0.67205,-0.01632,-2.3708180193791133
NCL,campus_34,loss4,Top 20,NDCG,0.49127,0.47321,-0.018059999999999965,-3.67618621124839
NCL,campus_34,loss5,Top 3,Hit Ratio,0.37133,0.37183,0.0005000000000000004,0.1346511189507986
NCL,campus_34,loss5,Top 3,Precision,0.22982,0.23013,0.0003100000000000047,0.13488817335306097
NCL,campus_34,loss5,Top 3,Recall,0.4333,0.43267,-0.0006300000000000194,-0.1453957996769027
NCL,campus_34,loss5,Top 3,NDCG,0.39738,0.39711,-0.00026999999999999247,-0.06794504001207721
NCL,campus_34,loss5,Top 5,Hit Ratio,0.47163,0.47412,0.0024899999999999922,0.5279562368806039
NCL,campus_34,loss5,Top 5,Precision,0.17514,0.17606,0.0009200000000000041,0.525294050473909
NCL,campus_34,loss5,Top 5,Recall,0.52427,0.52668,0.0024100000000000232,0.45968680260171724
NCL,campus_34,loss5,Top 5,NDCG,0.43427,0.43491,0.0006400000000000294,0.14737375365556668
NCL,campus_34,loss5,Top 10,Hit Ratio,0.59084,0.58561,-0.005230000000000068,-0.8851804210954011
NCL,campus_34,loss5,Top 10,Precision,0.1097,0.10873,-0.0009700000000000125,-0.8842297174111327
NCL,campus_34,loss5,Top 10,Recall,0.62553,0.61992,-0.005610000000000004,-0.8968394801208581
NCL,campus_34,loss5,Top 10,NDCG,0.47162,0.46952,-0.0020999999999999908,-0.4452737373309001
NCL,campus_34,loss5,Top 20,Hit Ratio,0.66949,0.66451,-0.0049799999999999844,-0.7438497961134571
NCL,campus_34,loss5,Top 20,Precision,0.06215,0.06169,-0.00045999999999999514,-0.7401448109412633
NCL,campus_34,loss5,Top 20,Recall,0.68837,0.68336,-0.00501000000000007,-0.7278062669785246
NCL,campus_34,loss5,Top 20,NDCG,0.49127,0.48931,-0.0019599999999999618,-0.39896594540679503
SGL,campus_10,loss1,Top 3,Hit Ratio,0.22011,0.2175,-0.002610000000000001,-1.185770750988143
SGL,campus_10,loss1,Top 3,Precision,0.27222,0.26899,-0.0032300000000000106,-1.1865402982881532
SGL,campus_10,loss1,Top 3,Recall,0.29782,0.29349,-0.0043300000000000005,-1.4538983278490367
SGL,campus_10,loss1,Top 3,NDCG,0.35869,0.35032,-0.008369999999999989,-2.3334913156207278
SGL,campus_10,loss1,Top 5,Hit Ratio,0.30579,0.29624,-0.009550000000000003,-3.123058307989144
SGL,campus_10,loss1,Top 5,Precision,0.22692,0.21983,-0.007090000000000013,-3.124449145073159
SGL,campus_10,loss1,Top 5,Recall,0.38409,0.37257,-0.011519999999999975,-2.999297039756301
SGL,campus_10,loss1,Top 5,NDCG,0.37985,0.36725,-0.0126,-3.3170988548111096
SGL,campus_10,loss1,Top 10,Hit Ratio,0.44245,0.43171,-0.010740000000000027,-2.4273929257543285
SGL,campus_10,loss1,Top 10,Precision,0.16417,0.16018,-0.003990000000000021,-2.430407504416167
SGL,campus_10,loss1,Top 10,Recall,0.50117,0.49195,-0.009220000000000006,-1.8396951134345645
SGL,campus_10,loss1,Top 10,NDCG,0.41504,0.40386,-0.011180000000000023,-2.6937162683114937
SGL,campus_10,loss1,Top 20,Hit Ratio,0.58106,0.57091,-0.010149999999999992,-1.7468075585997989
SGL,campus_10,loss1,Top 20,Precision,0.1078,0.10591,-0.0018900000000000028,-1.7532467532467555
SGL,campus_10,loss1,Top 20,Recall,0.60444,0.59388,-0.010560000000000014,-1.7470716696446322
SGL,campus_10,loss1,Top 20,NDCG,0.45145,0.44036,-0.011090000000000044,-2.4565289622328152
SGL,campus_10,loss2,Top 3,Hit Ratio,0.22011,0.2225,0.0023900000000000032,1.0858207260006376
SGL,campus_10,loss2,Top 3,Precision,0.27222,0.27518,0.0029599999999999627,1.0873558151494978
SGL,campus_10,loss2,Top 3,Recall,0.29782,0.30047,0.002650000000000041,0.8897992075750591
SGL,campus_10,loss2,Top 3,NDCG,0.35869,0.358,-0.0006900000000000239,-0.1923666675959809
SGL,campus_10,loss2,Top 5,Hit Ratio,0.30579,0.30475,-0.0010399999999999854,-0.34010268484907463
SGL,campus_10,loss2,Top 5,Precision,0.22692,0.22614,-0.0007800000000000029,-0.34373347435219587
SGL,campus_10,loss2,Top 5,Recall,0.38409,0.3814,-0.00268999999999997,-0.700356687234755
SGL,campus_10,loss2,Top 5,NDCG,0.37985,0.37635,-0.003500000000000003,-0.9214163485586423
SGL,campus_10,loss2,Top 10,Hit Ratio,0.44245,0.43887,-0.0035800000000000276,-0.8091309752514471
SGL,campus_10,loss2,Top 10,Precision,0.16417,0.16284,-0.0013299999999999979,-0.8101358348053833
SGL,campus_10,loss2,Top 10,Recall,0.50117,0.49561,-0.005560000000000009,-1.109403994652515
SGL,campus_10,loss2,Top 10,NDCG,0.41504,0.41051,-0.004530000000000034,-1.09146106399384
SGL,campus_10,loss2,Top 20,Hit Ratio,0.58106,0.57479,-0.006269999999999998,-1.079062403194162
SGL,campus_10,loss2,Top 20,Precision,0.1078,0.10663,-0.0011700000000000044,-1.085343228200375
SGL,campus_10,loss2,Top 20,Recall,0.60444,0.59464,-0.009800000000000031,-1.6213354509959685
SGL,campus_10,loss2,Top 20,NDCG,0.45145,0.44567,-0.005780000000000007,-1.2803189722006882
SGL,campus_10,loss3,Top 3,Hit Ratio,0.22011,0.22615,0.00603999999999999,2.7440825042024395
SGL,campus_10,loss3,Top 3,Precision,0.27222,0.2797,0.007479999999999987,2.7477775328778145
SGL,campus_10,loss3,Top 3,Recall,0.29782,0.30235,0.004530000000000034,1.5210529850245231
SGL,campus_10,loss3,Top 3,NDCG,0.35869,0.36495,0.006259999999999988,1.7452396219576758
SGL,campus_10,loss3,Top 5,Hit Ratio,0.30579,0.31042,0.0046299999999999675,1.5141109912031026
SGL,campus_10,loss3,Top 5,Precision,0.22692,0.23035,0.0034299999999999886,1.511545919266697
SGL,campus_10,loss3,Top 5,Recall,0.38409,0.38827,0.004180000000000017,1.0882865994949147
SGL,campus_10,loss3,Top 5,NDCG,0.37985,0.38369,0.0038399999999999546,1.0109253652757548
SGL,campus_10,loss3,Top 10,Hit Ratio,0.44245,0.44522,0.0027699999999999947,0.6260594417448287
SGL,campus_10,loss3,Top 10,Precision,0.16417,0.16519,0.0010199999999999931,0.6213071815800653
SGL,campus_10,loss3,Top 10,Recall,0.50117,0.50474,0.003569999999999962,0.7123331404513363
SGL,campus_10,loss3,Top 10,NDCG,0.41504,0.41751,0.0024699999999999722,0.5951233616036942
SGL,campus_10,loss3,Top 20,Hit Ratio,0.58106,0.58277,0.0017099999999999893,0.2942897463256788
SGL,campus_10,loss3,Top 20,Precision,0.1078,0.10811,0.00030999999999999084,0.28756957328385047
SGL,campus_10,loss3,Top 20,Recall,0.60444,0.60819,0.003750000000000031,0.6204089735953993
SGL,campus_10,loss3,Top 20,NDCG,0.45145,0.45382,0.0023699999999999832,0.5249750802968176
SGL,campus_10,loss4,Top 3,Hit Ratio,0.22011,0.2122,-0.00791,-3.5936577165962476
SGL,campus_10,loss4,Top 3,Precision,0.27222,0.26244,-0.009780000000000011,-3.5926823892439974
SGL,campus_10,loss4,Top 3,Recall,0.29782,0.28738,-0.01043999999999995,-3.5054731045597842
SGL,campus_10,loss4,Top 3,NDCG,0.35869,0.34235,-0.01634000000000002,-4.555465722490179
SGL,campus_10,loss4,Top 5,Hit Ratio,0.30579,0.29057,-0.015220000000000011,-4.977271984041339
SGL,campus_10,loss4,Top 5,Precision,0.22692,0.21562,-0.011300000000000004,-4.9797285386920525
SGL,campus_10,loss4,Top 5,Recall,0.38409,0.36857,-0.015519999999999978,-4.040719623005019
SGL,campus_10,loss4,Top 5,NDCG,0.37985,0.36078,-0.01907000000000003,-5.020402790575235
SGL,campus_10,loss4,Top 10,Hit Ratio,0.44245,0.42268,-0.01977000000000001,-4.468301502994691
SGL,campus_10,loss4,Top 10,Precision,0.16417,0.15683,-0.007340000000000013,-4.470975208625213
SGL,campus_10,loss4,Top 10,Recall,0.50117,0.48295,-0.018220000000000014,-3.63549294650518
SGL,campus_10,loss4,Top 10,NDCG,0.41504,0.3961,-0.018940000000000012,-4.56341557440247
SGL,campus_10,loss4,Top 20,Hit Ratio,0.58106,0.56277,-0.01829000000000003,-3.147695590816788
SGL,campus_10,loss4,Top 20,Precision,0.1078,0.1044,-0.0034000000000000002,-3.153988868274583
SGL,campus_10,loss4,Top 20,Recall,0.60444,0.58958,-0.014859999999999984,-2.4584739593673457
SGL,campus_10,loss4,Top 20,NDCG,0.45145,0.43415,-0.017300000000000038,-3.832096577694105
SGL,campus_10,loss5,Top 3,Hit Ratio,0.22011,0.22571,0.005599999999999994,2.544182454227429
SGL,campus_10,loss5,Top 3,Precision,0.27222,0.27915,0.006929999999999992,2.5457350672250354
SGL,campus_10,loss5,Top 3,Recall,0.29782,0.30276,0.00494,1.6587200322342355
SGL,campus_10,loss5,Top 3,NDCG,0.35869,0.36485,0.006159999999999999,1.7173603947698564
SGL,campus_10,loss5,Top 5,Hit Ratio,0.30579,0.30728,0.0014899999999999913,0.48726250040877445
SGL,campus_10,loss5,Top 5,Precision,0.22692,0.22803,0.0011099999999999999,0.48915917503966144
SGL,campus_10,loss5,Top 5,Recall,0.38409,0.38586,0.0017699999999999938,0.46082949308755605
SGL,campus_10,loss5,Top 5,NDCG,0.37985,0.38213,0.0022800000000000042,0.6002369356324876
SGL,campus_10,loss5,Top 10,Hit Ratio,0.44245,0.4438,0.0013499999999999623,0.30511922251100965
SGL,campus_10,loss5,Top 10,Precision,0.16417,0.16466,0.0004899999999999904,0.29847109703355695
SGL,campus_10,loss5,Top 10,Recall,0.50117,0.50124,7.00000000000145e-05,0.013967316479441006
SGL,campus_10,loss5,Top 10,NDCG,0.41504,0.41656,0.0015199999999999658,0.3662297609868846
SGL,campus_10,loss5,Top 20,Hit Ratio,0.58106,0.57852,-0.0025399999999999867,-0.4371321378170906
SGL,campus_10,loss5,Top 20,Precision,0.1078,0.10732,-0.0004800000000000082,-0.4452690166975957
SGL,campus_10,loss5,Top 20,Recall,0.60444,0.59787,-0.006569999999999965,-1.0869565217391246
SGL,campus_10,loss5,Top 20,NDCG,0.45145,0.45094,-0.0005100000000000104,-0.11296932107653349
SGL,campus_102,loss1,Top 3,Hit Ratio,0.22122,0.21118,-0.010039999999999993,-4.5384684929029895
SGL,campus_102,loss1,Top 3,Precision,0.24327,0.23222,-0.011049999999999977,-4.542278127183779
SGL,campus_102,loss1,Top 3,Recall,0.29022,0.2796,-0.010619999999999963,-3.659292950175716
SGL,campus_102,loss1,Top 3,NDCG,0.33024,0.31448,-0.015759999999999996,-4.772286821705426
SGL,campus_102,loss1,Top 5,Hit Ratio,0.30217,0.286,-0.016170000000000018,-5.351292318893345
SGL,campus_102,loss1,Top 5,Precision,0.19937,0.1887,-0.010669999999999985,-5.351858353814508
SGL,campus_102,loss1,Top 5,Recall,0.37411,0.35996,-0.014149999999999996,-3.7823100157707614
SGL,campus_102,loss1,Top 5,NDCG,0.35072,0.33389,-0.016829999999999956,-4.798699817518235
SGL,campus_102,loss1,Top 10,Hit Ratio,0.43221,0.42015,-0.01205999999999996,-2.790310265842984
SGL,campus_102,loss1,Top 10,Precision,0.14258,0.1386,-0.003980000000000011,-2.7914153457708033
SGL,campus_102,loss1,Top 10,Recall,0.49189,0.48395,-0.007940000000000003,-1.6141820325682577
SGL,campus_102,loss1,Top 10,NDCG,0.39198,0.379,-0.012979999999999992,-3.311393438440734
SGL,campus_102,loss1,Top 20,Hit Ratio,0.55794,0.55009,-0.007850000000000024,-1.4069613220059547
SGL,campus_102,loss1,Top 20,Precision,0.09203,0.09074,-0.0012899999999999995,-1.401716831467999
SGL,campus_102,loss1,Top 20,Recall,0.58984,0.58947,-0.00036999999999998145,-0.06272887562728562
SGL,campus_102,loss1,Top 20,NDCG,0.42831,0.41742,-0.01089000000000001,-2.542550956083213
SGL,campus_102,loss2,Top 3,Hit Ratio,0.22122,0.22036,-0.0008599999999999997,-0.38875327728053505
SGL,campus_102,loss2,Top 3,Precision,0.24327,0.24232,-0.0009499999999999786,-0.39051259916963815
SGL,campus_102,loss2,Top 3,Recall,0.29022,0.29052,0.00030000000000002247,0.1033698573496046
SGL,campus_102,loss2,Top 3,NDCG,0.33024,0.32787,-0.0023699999999999832,-0.7176598837209252
SGL,campus_102,loss2,Top 5,Hit Ratio,0.30217,0.29892,-0.003249999999999975,-1.0755534963762037
SGL,campus_102,loss2,Top 5,Precision,0.19937,0.19722,-0.0021499999999999853,-1.078396950393733
SGL,campus_102,loss2,Top 5,Recall,0.37411,0.37132,-0.0027900000000000147,-0.745769960706748
SGL,campus_102,loss2,Top 5,NDCG,0.35072,0.34691,-0.00380999999999998,-1.0863366788321112
SGL,campus_102,loss2,Top 10,Hit Ratio,0.43221,0.42714,-0.005069999999999963,-1.1730408829041354
SGL,campus_102,loss2,Top 10,Precision,0.14258,0.14091,-0.0016700000000000048,-1.1712722682003118
SGL,campus_102,loss2,Top 10,Recall,0.49189,0.49183,-6.0000000000004494e-05,-0.01219784911260739
SGL,campus_102,loss2,Top 10,NDCG,0.39198,0.38878,-0.0031999999999999806,-0.8163681820500996
SGL,campus_102,loss2,Top 20,Hit Ratio,0.55794,0.56109,0.003149999999999986,0.5645768362189458
SGL,campus_102,loss2,Top 20,Precision,0.09203,0.09255,0.0005199999999999927,0.5650331413669376
SGL,campus_102,loss2,Top 20,Recall,0.58984,0.60135,0.01151000000000002,1.95137664451377
SGL,campus_102,loss2,Top 20,NDCG,0.42831,0.42854,0.00022999999999995246,0.05369942331487765
SGL,campus_102,loss3,Top 3,Hit Ratio,0.22122,0.22161,0.00039000000000000146,0.17629509085977826
SGL,campus_102,loss3,Top 3,Precision,0.24327,0.24369,0.0004200000000000037,0.17264767542237172
SGL,campus_102,loss3,Top 3,Recall,0.29022,0.29183,0.0016100000000000003,0.55475156777617
SGL,campus_102,loss3,Top 3,NDCG,0.33024,0.32944,-0.0007999999999999674,-0.24224806201549404
SGL,campus_102,loss3,Top 5,Hit Ratio,0.30217,0.30361,0.0014399999999999968,0.4765529337789976
SGL,campus_102,loss3,Top 5,Precision,0.19937,0.20032,0.0009500000000000064,0.47650097808095826
SGL,campus_102,loss3,Top 5,Recall,0.37411,0.37526,0.0011499999999999844,0.3073962203629907
SGL,campus_102,loss3,Top 5,NDCG,0.35072,0.35006,-0.0006599999999999939,-0.18818430656934135
SGL,campus_102,loss3,Top 10,Hit Ratio,0.43221,0.4368,0.0045900000000000385,1.0619837578954765
SGL,campus_102,loss3,Top 10,Precision,0.14258,0.1441,0.0015199999999999936,1.0660681722541685
SGL,campus_102,loss3,Top 10,Recall,0.49189,0.49673,0.004840000000000011,0.9839598284169246
SGL,campus_102,loss3,Top 10,NDCG,0.39198,0.39268,0.0006999999999999784,0.17858053982345487
SGL,campus_102,loss3,Top 20,Hit Ratio,0.55794,0.56597,0.008029999999999982,1.4392228555041728
SGL,campus_102,loss3,Top 20,Precision,0.09203,0.09336,0.0013299999999999979,1.4451809192654546
SGL,campus_102,loss3,Top 20,Recall,0.58984,0.60505,0.015209999999999946,2.5786654007866447
SGL,campus_102,loss3,Top 20,NDCG,0.42831,0.43135,0.003039999999999987,0.7097662907707004
SGL,campus_102,loss4,Top 3,Hit Ratio,0.22122,0.20821,-0.013009999999999994,-5.881023415604373
SGL,campus_102,loss4,Top 3,Precision,0.24327,0.22896,-0.01430999999999999,-5.882352941176467
SGL,campus_102,loss4,Top 3,Recall,0.29022,0.27635,-0.013869999999999993,-4.7791330714630265
SGL,campus_102,loss4,Top 3,NDCG,0.33024,0.31073,-0.019509999999999972,-5.907824612403092
SGL,campus_102,loss4,Top 5,Hit Ratio,0.30217,0.29165,-0.010519999999999974,-3.481483932885453
SGL,campus_102,loss4,Top 5,Precision,0.19937,0.19242,-0.006949999999999984,-3.4859808396448733
SGL,campus_102,loss4,Top 5,Recall,0.37411,0.36422,-0.00989000000000001,-2.6436074951217585
SGL,campus_102,loss4,Top 5,NDCG,0.35072,0.33547,-0.015249999999999986,-4.348197992700726
SGL,campus_102,loss4,Top 10,Hit Ratio,0.43221,0.41814,-0.014069999999999971,-3.2553619768168187
SGL,campus_102,loss4,Top 10,Precision,0.14258,0.13794,-0.004640000000000005,-3.2543133679337948
SGL,campus_102,loss4,Top 10,Recall,0.49189,0.4831,-0.00879000000000002,-1.7869848949968528
SGL,campus_102,loss4,Top 10,NDCG,0.39198,0.37698,-0.015000000000000013,-3.8267258533598683
SGL,campus_102,loss4,Top 20,Hit Ratio,0.55794,0.54617,-0.011769999999999947,-2.109545829300632
SGL,campus_102,loss4,Top 20,Precision,0.09203,0.09009,-0.0019399999999999973,-2.1080082581766786
SGL,campus_102,loss4,Top 20,Recall,0.58984,0.5868,-0.0030400000000000427,-0.5153940051539473
SGL,campus_102,loss4,Top 20,NDCG,0.42831,0.41493,-0.013380000000000003,-3.1239055824052677
SGL,campus_102,loss5,Top 3,Hit Ratio,0.22122,0.22333,0.0021100000000000008,0.9538016454208483
SGL,campus_102,loss5,Top 3,Precision,0.24327,0.24558,0.0023100000000000065,0.9495622148230388
SGL,campus_102,loss5,Top 3,Recall,0.29022,0.29244,0.0022199999999999998,0.7649369443870166
SGL,campus_102,loss5,Top 3,NDCG,0.33024,0.33157,0.0013299999999999979,0.4027374031007746
SGL,campus_102,loss5,Top 5,Hit Ratio,0.30217,0.30332,0.0011499999999999844,0.38058046794850064
SGL,campus_102,loss5,Top 5,Precision,0.19937,0.20013,0.0007600000000000107,0.38120078246476935
SGL,campus_102,loss5,Top 5,Recall,0.37411,0.37447,0.00036000000000002697,0.09622838202668386
SGL,campus_102,loss5,Top 5,NDCG,0.35072,0.35066,-5.999999999994898e-05,-0.017107664233562095
SGL,campus_102,loss5,Top 10,Hit Ratio,0.43221,0.43546,0.0032500000000000306,0.7519492839129198
SGL,campus_102,loss5,Top 10,Precision,0.14258,0.14366,0.0010799999999999976,0.757469490812174
SGL,campus_102,loss5,Top 10,Recall,0.49189,0.49489,0.0030000000000000027,0.6098924556303245
SGL,campus_102,loss5,Top 10,NDCG,0.39198,0.39259,0.0006099999999999994,0.15562018470330105
SGL,campus_102,loss5,Top 20,Hit Ratio,0.55794,0.56282,0.0048799999999999955,0.874646019285227
SGL,campus_102,loss5,Top 20,Precision,0.09203,0.09283,0.0007999999999999952,0.8692817559491417
SGL,campus_102,loss5,Top 20,Recall,0.58984,0.60238,0.012539999999999996,2.126000271260002
SGL,campus_102,loss5,Top 20,NDCG,0.42831,0.43101,0.00269999999999998,0.6303845345660806
SGL,campus_143,loss1,Top 3,Hit Ratio,0.50736,0.49445,-0.012910000000000033,-2.544544307789347
SGL,campus_143,loss1,Top 3,Precision,0.28942,0.28205,-0.007369999999999988,-2.546472254854532
SGL,campus_143,loss1,Top 3,Recall,0.57212,0.5611,-0.011019999999999919,-1.9261693351045095
SGL,campus_143,loss1,Top 3,NDCG,0.53445,0.51692,-0.017529999999999935,-3.2800074843296723
SGL,campus_143,loss1,Top 5,Hit Ratio,0.60269,0.59132,-0.011369999999999991,-1.886542003351639
SGL,campus_143,loss1,Top 5,Precision,0.20628,0.20239,-0.0038900000000000046,-1.8857863098700818
SGL,campus_143,loss1,Top 5,Recall,0.6525,0.64336,-0.009139999999999926,-1.4007662835248929
SGL,campus_143,loss1,Top 5,NDCG,0.56529,0.54953,-0.015759999999999996,-2.7879495480196
SGL,campus_143,loss1,Top 10,Hit Ratio,0.70318,0.70034,-0.0028400000000000647,-0.40387951875765304
SGL,campus_143,loss1,Top 10,Precision,0.12034,0.11985,-0.0004900000000000043,-0.40717965763669955
SGL,campus_143,loss1,Top 10,Recall,0.72602,0.72704,0.0010200000000000209,0.14049199746563745
SGL,campus_143,loss1,Top 10,NDCG,0.59401,0.5817,-0.012310000000000043,-2.072355684247747
SGL,campus_143,loss1,Top 20,Hit Ratio,0.77422,0.77009,-0.004129999999999967,-0.5334401074629908
SGL,campus_143,loss1,Top 20,Precision,0.06625,0.06589,-0.0003599999999999992,-0.5433962264150931
SGL,campus_143,loss1,Top 20,Recall,0.78312,0.77725,-0.005870000000000042,-0.7495658392072788
SGL,campus_143,loss1,Top 20,NDCG,0.61107,0.59767,-0.013399999999999967,-2.1928747933951867
SGL,campus_143,loss2,Top 3,Hit Ratio,0.50736,0.48954,-0.017820000000000058,-3.512298959318838
SGL,campus_143,loss2,Top 3,Precision,0.28942,0.27925,-0.010170000000000012,-3.5139244005251924
SGL,campus_143,loss2,Top 3,Recall,0.57212,0.55715,-0.014969999999999928,-2.6165839334405248
SGL,campus_143,loss2,Top 3,NDCG,0.53445,0.51383,-0.02061999999999997,-3.858171952474501
SGL,campus_143,loss2,Top 5,Hit Ratio,0.60269,0.59494,-0.007749999999999924,-1.2859015414226094
SGL,campus_143,loss2,Top 5,Precision,0.20628,0.20363,-0.0026499999999999857,-1.2846616249757543
SGL,campus_143,loss2,Top 5,Recall,0.6525,0.6429,-0.009599999999999942,-1.471264367816083
SGL,campus_143,loss2,Top 5,NDCG,0.56529,0.54903,-0.01625999999999994,-2.8763997240354406
SGL,campus_143,loss2,Top 10,Hit Ratio,0.70318,0.70809,0.00490999999999997,0.6982564919366264
SGL,campus_143,loss2,Top 10,Precision,0.12034,0.12118,0.0008399999999999935,0.6980222702343306
SGL,campus_143,loss2,Top 10,Recall,0.72602,0.73249,0.006469999999999976,0.891160023139855
SGL,campus_143,loss2,Top 10,NDCG,0.59401,0.58334,-0.010670000000000068,-1.7962660561270125
SGL,campus_143,loss2,Top 20,Hit Ratio,0.77422,0.77009,-0.004129999999999967,-0.5334401074629908
SGL,campus_143,loss2,Top 20,Precision,0.06625,0.06589,-0.0003599999999999992,-0.5433962264150931
SGL,campus_143,loss2,Top 20,Recall,0.78312,0.78049,-0.002630000000000021,-0.3358361426090537
SGL,campus_143,loss2,Top 20,NDCG,0.61107,0.59832,-0.012750000000000039,-2.0865040011782674
SGL,campus_143,loss3,Top 3,Hit Ratio,0.50736,0.50581,-0.0015500000000000513,-0.305502995900357
SGL,campus_143,loss3,Top 3,Precision,0.28942,0.28854,-0.0008799999999999919,-0.30405638863934487
SGL,campus_143,loss3,Top 3,Recall,0.57212,0.57102,-0.0010999999999999899,-0.19226735649863488
SGL,campus_143,loss3,Top 3,NDCG,0.53445,0.52971,-0.0047399999999999665,-0.8868930676396233
SGL,campus_143,loss3,Top 5,Hit Ratio,0.60269,0.6001,-0.002589999999999981,-0.42973999900446025
SGL,campus_143,loss3,Top 5,Precision,0.20628,0.20539,-0.0008900000000000019,-0.4314523948031811
SGL,campus_143,loss3,Top 5,Recall,0.6525,0.64927,-0.003229999999999955,-0.4950191570881158
SGL,campus_143,loss3,Top 5,NDCG,0.56529,0.5599,-0.005390000000000006,-0.953492897450867
SGL,campus_143,loss3,Top 10,Hit Ratio,0.70318,0.70369,0.0005100000000000104,0.07252766005859246
SGL,campus_143,loss3,Top 10,Precision,0.12034,0.12042,7.999999999999674e-05,0.06647831145088644
SGL,campus_143,loss3,Top 10,Recall,0.72602,0.73032,0.0042999999999999705,0.5922701853943377
SGL,campus_143,loss3,Top 10,NDCG,0.59401,0.59098,-0.003030000000000088,-0.5100924226865016
SGL,campus_143,loss3,Top 20,Hit Ratio,0.77422,0.77138,-0.0028400000000000647,-0.3668208002893318
SGL,campus_143,loss3,Top 20,Precision,0.06625,0.066,-0.0002500000000000002,-0.37735849056603804
SGL,campus_143,loss3,Top 20,Recall,0.78312,0.78184,-0.0012800000000000589,-0.16344876902646577
SGL,campus_143,loss3,Top 20,NDCG,0.61107,0.60708,-0.003990000000000049,-0.6529530168393227
SGL,campus_143,loss4,Top 3,Hit Ratio,0.50736,0.4792,-0.02816000000000002,-5.550299590034693
SGL,campus_143,loss4,Top 3,Precision,0.28942,0.27336,-0.01606000000000002,-5.549029092668101
SGL,campus_143,loss4,Top 3,Recall,0.57212,0.54782,-0.02429999999999999,-4.24736069356079
SGL,campus_143,loss4,Top 3,NDCG,0.53445,0.50193,-0.03251999999999999,-6.0847600336794825
SGL,campus_143,loss4,Top 5,Hit Ratio,0.60269,0.58305,-0.01963999999999999,-3.25872339013423
SGL,campus_143,loss4,Top 5,Precision,0.20628,0.19956,-0.006720000000000004,-3.2577079697498568
SGL,campus_143,loss4,Top 5,Recall,0.6525,0.63724,-0.01525999999999994,-2.338697318007654
SGL,campus_143,loss4,Top 5,NDCG,0.56529,0.53812,-0.027169999999999916,-4.806382564701289
SGL,campus_143,loss4,Top 10,Hit Ratio,0.70318,0.69362,-0.009560000000000013,-1.3595380983531973
SGL,campus_143,loss4,Top 10,Precision,0.12034,0.1187,-0.0016400000000000026,-1.3628053847432295
SGL,campus_143,loss4,Top 10,Recall,0.72602,0.72064,-0.005380000000000051,-0.7410264180050207
SGL,campus_143,loss4,Top 10,NDCG,0.59401,0.57052,-0.02349000000000001,-3.9544788808269233
SGL,campus_143,loss4,Top 20,Hit Ratio,0.77422,0.75614,-0.018079999999999985,-2.33525354550386
SGL,campus_143,loss4,Top 20,Precision,0.06625,0.0647,-0.0015500000000000097,-2.3396226415094485
SGL,campus_143,loss4,Top 20,Recall,0.78312,0.76457,-0.018550000000000066,-2.3687302073756342
SGL,campus_143,loss4,Top 20,NDCG,0.61107,0.58467,-0.02639999999999998,-4.320290637733808
SGL,campus_143,loss5,Top 3,Hit Ratio,0.50736,0.50452,-0.0028400000000000647,-0.5597603279722612
SGL,campus_143,loss5,Top 3,Precision,0.28942,0.2878,-0.0016200000000000103,-0.5597401699951663
SGL,campus_143,loss5,Top 3,Recall,0.57212,0.56921,-0.002909999999999968,-0.5086345521918423
SGL,campus_143,loss5,Top 3,NDCG,0.53445,0.53194,-0.0025100000000000122,-0.4696416877163462
SGL,campus_143,loss5,Top 5,Hit Ratio,0.60269,0.60449,0.0018000000000000238,0.298661003169129
SGL,campus_143,loss5,Top 5,Precision,0.20628,0.2069,0.0006200000000000094,0.3005623424471638
SGL,campus_143,loss5,Top 5,Recall,0.6525,0.65256,6.0000000000060005e-05,0.009195402298859772
SGL,campus_143,loss5,Top 5,NDCG,0.56529,0.56446,-0.0008299999999999974,-0.146827292186311
SGL,campus_143,loss5,Top 10,Hit Ratio,0.70318,0.70576,0.0025800000000000267,0.36690463323758166
SGL,campus_143,loss5,Top 10,Precision,0.12034,0.12078,0.00043999999999999595,0.3656307129798869
SGL,campus_143,loss5,Top 10,Recall,0.72602,0.72881,0.002789999999999959,0.38428693424423005
SGL,campus_143,loss5,Top 10,NDCG,0.59401,0.59371,-0.000300000000000078,-0.050504200266001914
SGL,campus_143,loss5,Top 20,Hit Ratio,0.77422,0.76931,-0.00490999999999997,-0.6341866652889321
SGL,campus_143,loss5,Top 20,Precision,0.06625,0.06583,-0.0004200000000000037,-0.6339622641509489
SGL,campus_143,loss5,Top 20,Recall,0.78312,0.7773,-0.005820000000000047,-0.7431811216671835
SGL,campus_143,loss5,Top 20,NDCG,0.61107,0.60881,-0.0022600000000000398,-0.3698430621696434
SGL,campus_15,loss1,Top 3,Hit Ratio,0.14983,0.14122,-0.008609999999999979,-5.746512714409651
SGL,campus_15,loss1,Top 3,Precision,0.24199,0.22809,-0.013900000000000023,-5.744039009876451
SGL,campus_15,loss1,Top 3,Recall,0.24453,0.2321,-0.012429999999999997,-5.083220872694556
SGL,campus_15,loss1,Top 3,NDCG,0.32358,0.30373,-0.01984999999999998,-6.134495333456944
SGL,campus_15,loss1,Top 5,Hit Ratio,0.21593,0.20434,-0.011590000000000017,-5.367480201917296
SGL,campus_15,loss1,Top 5,Precision,0.20925,0.19801,-0.01124,-5.371565113500598
SGL,campus_15,loss1,Top 5,Recall,0.31277,0.29849,-0.014280000000000015,-4.5656552738434035
SGL,campus_15,loss1,Top 5,NDCG,0.34063,0.32071,-0.019919999999999993,-5.847987552476292
SGL,campus_15,loss1,Top 10,Hit Ratio,0.3479,0.33347,-0.014429999999999998,-4.147743604484047
SGL,campus_15,loss1,Top 10,Precision,0.16857,0.16158,-0.006989999999999996,-4.146645310553477
SGL,campus_15,loss1,Top 10,Recall,0.42549,0.41359,-0.011899999999999966,-2.7967754823850073
SGL,campus_15,loss1,Top 10,NDCG,0.36612,0.34857,-0.01755000000000001,-4.793510324483779
SGL,campus_15,loss1,Top 20,Hit Ratio,0.51695,0.50424,-0.012709999999999999,-2.458651707128349
SGL,campus_15,loss1,Top 20,Precision,0.12524,0.12216,-0.0030799999999999855,-2.459278185883093
SGL,campus_15,loss1,Top 20,Recall,0.54394,0.53507,-0.008869999999999933,-1.6306945619001973
SGL,campus_15,loss1,Top 20,NDCG,0.40158,0.38599,-0.015589999999999993,-3.882165446486377
SGL,campus_15,loss2,Top 3,Hit Ratio,0.14983,0.14471,-0.005119999999999986,-3.417206166989245
SGL,campus_15,loss2,Top 3,Precision,0.24199,0.23372,-0.00827,-3.4174965907682133
SGL,campus_15,loss2,Top 3,Recall,0.24453,0.23473,-0.009800000000000003,-4.007688218214535
SGL,campus_15,loss2,Top 3,NDCG,0.32358,0.31005,-0.013529999999999986,-4.18134618950491
SGL,campus_15,loss2,Top 5,Hit Ratio,0.21593,0.21261,-0.0033200000000000174,-1.5375353123697575
SGL,campus_15,loss2,Top 5,Precision,0.20925,0.20604,-0.0032099999999999906,-1.5340501792114651
SGL,campus_15,loss2,Top 5,Recall,0.31277,0.30576,-0.007010000000000016,-2.241263548294279
SGL,campus_15,loss2,Top 5,NDCG,0.34063,0.32952,-0.011110000000000009,-3.2616034993981766
SGL,campus_15,loss2,Top 10,Hit Ratio,0.3479,0.34372,-0.0041799999999999615,-1.2014946823799832
SGL,campus_15,loss2,Top 10,Precision,0.16857,0.16654,-0.002030000000000004,-1.2042474936228298
SGL,campus_15,loss2,Top 10,Recall,0.42549,0.4154,-0.010089999999999988,-2.3713835812827537
SGL,campus_15,loss2,Top 10,NDCG,0.36612,0.35442,-0.011699999999999988,-3.1956735496558473
SGL,campus_15,loss2,Top 20,Hit Ratio,0.51695,0.51248,-0.004469999999999974,-0.8646871070703113
SGL,campus_15,loss2,Top 20,Precision,0.12524,0.12416,-0.0010799999999999838,-0.8623442989460108
SGL,campus_15,loss2,Top 20,Recall,0.54394,0.54014,-0.0038000000000000256,-0.6986064639482343
SGL,campus_15,loss2,Top 20,NDCG,0.40158,0.39143,-0.010149999999999992,-2.527516310573234
SGL,campus_15,loss3,Top 3,Hit Ratio,0.14983,0.14963,-0.00019999999999997797,-0.13348461589800306
SGL,campus_15,loss3,Top 3,Precision,0.24199,0.24166,-0.00032999999999999696,-0.13636927145749697
SGL,campus_15,loss3,Top 3,Recall,0.24453,0.24136,-0.003170000000000006,-1.2963644542591937
SGL,campus_15,loss3,Top 3,NDCG,0.32358,0.32096,-0.0026199999999999557,-0.8096915754990901
SGL,campus_15,loss3,Top 5,Hit Ratio,0.21593,0.21704,0.0011099999999999999,0.5140554809428981
SGL,campus_15,loss3,Top 5,Precision,0.20925,0.21033,0.0010799999999999976,0.5161290322580634
SGL,campus_15,loss3,Top 5,Recall,0.31277,0.31545,0.0026800000000000157,0.8568596732423236
SGL,campus_15,loss3,Top 5,NDCG,0.34063,0.34014,-0.0004899999999999904,-0.14385109943340002
SGL,campus_15,loss3,Top 10,Hit Ratio,0.3479,0.34765,-0.00024999999999997247,-0.07185972980740801
SGL,campus_15,loss3,Top 10,Precision,0.16857,0.16845,-0.00012000000000000899,-0.07118704395800497
SGL,campus_15,loss3,Top 10,Recall,0.42549,0.42566,0.00017000000000000348,0.03995393546264389
SGL,campus_15,loss3,Top 10,NDCG,0.36612,0.36466,-0.0014600000000000168,-0.398776357478427
SGL,campus_15,loss3,Top 20,Hit Ratio,0.51695,0.51584,-0.0011100000000000554,-0.21472095947384764
SGL,campus_15,loss3,Top 20,Precision,0.12524,0.12497,-0.00026999999999999247,-0.21558607473649993
SGL,campus_15,loss3,Top 20,Recall,0.54394,0.54413,0.00019000000000002348,0.0349303231974158
SGL,campus_15,loss3,Top 20,NDCG,0.40158,0.40005,-0.0015299999999999758,-0.3809950694755655
SGL,campus_15,loss4,Top 3,Hit Ratio,0.14983,0.14135,-0.008479999999999988,-5.6597477140759445
SGL,campus_15,loss4,Top 3,Precision,0.24199,0.22829,-0.013700000000000018,-5.661390966568874
SGL,campus_15,loss4,Top 3,Recall,0.24453,0.22643,-0.018100000000000005,-7.401954770375825
SGL,campus_15,loss4,Top 3,NDCG,0.32358,0.29819,-0.025389999999999968,-7.846591260275656
SGL,campus_15,loss4,Top 5,Hit Ratio,0.21593,0.20331,-0.01262000000000002,-5.844486639188635
SGL,campus_15,loss4,Top 5,Precision,0.20925,0.19702,-0.012229999999999991,-5.844683393070485
SGL,campus_15,loss4,Top 5,Recall,0.31277,0.2926,-0.020169999999999966,-6.448828212424454
SGL,campus_15,loss4,Top 5,NDCG,0.34063,0.31421,-0.02642,-7.756216422511229
SGL,campus_15,loss4,Top 10,Hit Ratio,0.3479,0.33392,-0.013979999999999992,-4.018396090830696
SGL,campus_15,loss4,Top 10,Precision,0.16857,0.1618,-0.006769999999999998,-4.016135729963812
SGL,campus_15,loss4,Top 10,Recall,0.42549,0.41426,-0.011229999999999962,-2.6393099720322364
SGL,campus_15,loss4,Top 10,NDCG,0.36612,0.34381,-0.022309999999999997,-6.093630503660001
SGL,campus_15,loss4,Top 20,Hit Ratio,0.51695,0.5026,-0.014349999999999974,-2.775897088693292
SGL,campus_15,loss4,Top 20,Precision,0.12524,0.12176,-0.003479999999999997,-2.7786649632705185
SGL,campus_15,loss4,Top 20,Recall,0.54394,0.53681,-0.00712999999999997,-1.3108063389344358
SGL,campus_15,loss4,Top 20,NDCG,0.40158,0.38108,-0.020500000000000018,-5.104835898202106
SGL,campus_15,loss5,Top 3,Hit Ratio,0.14983,0.14864,-0.0011899999999999966,-0.7942334645932034
SGL,campus_15,loss5,Top 3,Precision,0.24199,0.24007,-0.001920000000000005,-0.7934212157527191
SGL,campus_15,loss5,Top 3,Recall,0.24453,0.24083,-0.003700000000000009,-1.5131067762646746
SGL,campus_15,loss5,Top 3,NDCG,0.32358,0.31925,-0.0043300000000000005,-1.338154397676
SGL,campus_15,loss5,Top 5,Hit Ratio,0.21593,0.21585,-8.00000000000245e-05,-0.037049043671571566
SGL,campus_15,loss5,Top 5,Precision,0.20925,0.20917,-7.999999999999674e-05,-0.03823178016726248
SGL,campus_15,loss5,Top 5,Recall,0.31277,0.31291,0.000140000000000029,0.04476132621416024
SGL,campus_15,loss5,Top 5,NDCG,0.34063,0.33803,-0.002599999999999991,-0.7632915480139716
SGL,campus_15,loss5,Top 10,Hit Ratio,0.3479,0.34732,-0.0005799999999999694,-0.16671457315319615
SGL,campus_15,loss5,Top 10,Precision,0.16857,0.16829,-0.00028000000000000247,-0.16610310256866728
SGL,campus_15,loss5,Top 10,Recall,0.42549,0.4241,-0.0013900000000000023,-0.32668217819455275
SGL,campus_15,loss5,Top 10,NDCG,0.36612,0.36309,-0.003029999999999977,-0.827597509013432
SGL,campus_15,loss5,Top 20,Hit Ratio,0.51695,0.51772,0.0007699999999999374,0.14895057549084775
SGL,campus_15,loss5,Top 20,Precision,0.12524,0.12543,0.00019000000000002348,0.15170871925904145
SGL,campus_15,loss5,Top 20,Recall,0.54394,0.54818,0.0042400000000000215,0.7794977387211864
SGL,campus_15,loss5,Top 20,NDCG,0.40158,0.39995,-0.0016299999999999648,-0.40589670800337785
SGL,campus_34,loss1,Top 3,Hit Ratio,0.3783,0.35217,-0.026130000000000042,-6.907216494845371
SGL,campus_34,loss1,Top 3,Precision,0.23413,0.21796,-0.016170000000000018,-6.9064195105283455
SGL,campus_34,loss1,Top 3,Recall,0.44191,0.41579,-0.026120000000000032,-5.910705799823501
SGL,campus_34,loss1,Top 3,NDCG,0.40564,0.37899,-0.026650000000000007,-6.569864904841734
SGL,campus_34,loss1,Top 5,Hit Ratio,0.47586,0.46242,-0.013440000000000007,-2.8243601059135055
SGL,campus_34,loss1,Top 5,Precision,0.17671,0.17172,-0.0049899999999999944,-2.8238356629505934
SGL,campus_34,loss1,Top 5,Recall,0.53114,0.51994,-0.011199999999999988,-2.1086719132432106
SGL,campus_34,loss1,Top 5,NDCG,0.44143,0.42268,-0.01874999999999999,-4.247559069388123
SGL,campus_34,loss1,Top 10,Hit Ratio,0.59507,0.59308,-0.0019899999999999363,-0.3344144386374605
SGL,campus_34,loss1,Top 10,Precision,0.11049,0.11012,-0.0003700000000000092,-0.33487193411169264
SGL,campus_34,loss1,Top 10,Recall,0.63072,0.63068,-3.999999999992898e-05,-0.006341958396741658
SGL,campus_34,loss1,Top 10,NDCG,0.47861,0.46476,-0.013849999999999973,-2.8937966193769404
SGL,campus_34,loss1,Top 20,Hit Ratio,0.66924,0.67372,0.0044800000000000395,0.6694160540314447
SGL,campus_34,loss1,Top 20,Precision,0.06213,0.06255,0.00041999999999999676,0.6760019314340847
SGL,campus_34,loss1,Top 20,Recall,0.68697,0.69469,0.00772000000000006,1.1237754195962066
SGL,campus_34,loss1,Top 20,NDCG,0.49644,0.4849,-0.011539999999999995,-2.324550801708161
SGL,campus_34,loss2,Top 3,Hit Ratio,0.3783,0.36386,-0.014440000000000008,-3.8170763943959836
SGL,campus_34,loss2,Top 3,Precision,0.23413,0.2252,-0.008929999999999993,-3.814120360483489
SGL,campus_34,loss2,Top 3,Recall,0.44191,0.42867,-0.01324000000000003,-2.9960851757145184
SGL,campus_34,loss2,Top 3,NDCG,0.40564,0.39238,-0.013259999999999994,-3.2689083916773476
SGL,campus_34,loss2,Top 5,Hit Ratio,0.47586,0.47337,-0.0024899999999999922,-0.5232631446223662
SGL,campus_34,loss2,Top 5,Precision,0.17671,0.17579,-0.0009200000000000041,-0.520627016014942
SGL,campus_34,loss2,Top 5,Recall,0.53114,0.52893,-0.0022099999999999342,-0.4160861543095859
SGL,campus_34,loss2,Top 5,NDCG,0.44143,0.43461,-0.006819999999999993,-1.5449788188387725
SGL,campus_34,loss2,Top 10,Hit Ratio,0.59507,0.58586,-0.00920999999999994,-1.5477170753020555
SGL,campus_34,loss2,Top 10,Precision,0.11049,0.10878,-0.0017100000000000032,-1.547651371164814
SGL,campus_34,loss2,Top 10,Recall,0.63072,0.62179,-0.008929999999999993,-1.4158422120750878
SGL,campus_34,loss2,Top 10,NDCG,0.47861,0.46969,-0.008919999999999983,-1.863730385909192
SGL,campus_34,loss2,Top 20,Hit Ratio,0.66924,0.65431,-0.014929999999999999,-2.2308887693503077
SGL,campus_34,loss2,Top 20,Precision,0.06213,0.06074,-0.0013899999999999954,-2.237244487365195
SGL,campus_34,loss2,Top 20,Recall,0.68697,0.67311,-0.013859999999999983,-2.0175553517620832
SGL,campus_34,loss2,Top 20,NDCG,0.49644,0.48606,-0.01038,-2.090887116267827
SGL,campus_34,loss3,Top 3,Hit Ratio,0.3783,0.36784,-0.010460000000000025,-2.7650013217023592
SGL,campus_34,loss3,Top 3,Precision,0.23413,0.22766,-0.0064700000000000035,-2.76342203049588
SGL,campus_34,loss3,Top 3,Recall,0.44191,0.43058,-0.011330000000000007,-2.5638704713629488
SGL,campus_34,loss3,Top 3,NDCG,0.40564,0.39575,-0.00989000000000001,-2.4381224731288853
SGL,campus_34,loss3,Top 5,Hit Ratio,0.47586,0.47486,-0.0010000000000000009,-0.21014584121380256
SGL,campus_34,loss3,Top 5,Precision,0.17671,0.17634,-0.0003700000000000092,-0.20938260426688315
SGL,campus_34,loss3,Top 5,Recall,0.53114,0.52697,-0.004169999999999896,-0.7851037391271409
SGL,campus_34,loss3,Top 5,NDCG,0.44143,0.43574,-0.005689999999999973,-1.288992592256977
SGL,campus_34,loss3,Top 10,Hit Ratio,0.59507,0.58835,-0.006719999999999948,-1.1292789083637134
SGL,campus_34,loss3,Top 10,Precision,0.11049,0.10924,-0.0012500000000000011,-1.1313241017286642
SGL,campus_34,loss3,Top 10,Recall,0.63072,0.62166,-0.009059999999999957,-1.436453576864529
SGL,campus_34,loss3,Top 10,NDCG,0.47861,0.47119,-0.007419999999999982,-1.5503228098033852
SGL,campus_34,loss3,Top 20,Hit Ratio,0.66924,0.65157,-0.017669999999999964,-2.640308409539174
SGL,campus_34,loss3,Top 20,Precision,0.06213,0.06049,-0.0016399999999999956,-2.6396265894092963
SGL,campus_34,loss3,Top 20,Recall,0.68697,0.66845,-0.01851999999999998,-2.6958964729173007
SGL,campus_34,loss3,Top 20,NDCG,0.49644,0.48628,-0.010160000000000002,-2.0465715897187984
SGL,campus_34,loss4,Top 3,Hit Ratio,0.3783,0.34793,-0.030370000000000008,-8.028020089875762
SGL,campus_34,loss4,Top 3,Precision,0.23413,0.21534,-0.01879,-8.025455943279376
SGL,campus_34,loss4,Top 3,Recall,0.44191,0.41075,-0.03116000000000002,-7.051209522300924
SGL,campus_34,loss4,Top 3,NDCG,0.40564,0.37234,-0.033299999999999996,-8.20924958090918
SGL,campus_34,loss4,Top 5,Hit Ratio,0.47586,0.45246,-0.023400000000000032,-4.917412684402982
SGL,campus_34,loss4,Top 5,Precision,0.17671,0.16802,-0.008690000000000003,-4.917661705619378
SGL,campus_34,loss4,Top 5,Recall,0.53114,0.50675,-0.024389999999999912,-4.592009639643016
SGL,campus_34,loss4,Top 5,NDCG,0.44143,0.41294,-0.028490000000000015,-6.454024420632947
SGL,campus_34,loss4,Top 10,Hit Ratio,0.59507,0.5784,-0.016669999999999963,-2.801351101551072
SGL,campus_34,loss4,Top 10,Precision,0.11049,0.10739,-0.0031000000000000055,-2.8056837722870895
SGL,campus_34,loss4,Top 10,Recall,0.63072,0.61477,-0.01594999999999991,-2.5288559107052118
SGL,campus_34,loss4,Top 10,NDCG,0.47861,0.45351,-0.025099999999999956,-5.244353440170485
SGL,campus_34,loss4,Top 20,Hit Ratio,0.66924,0.65555,-0.01368999999999998,-2.045603968680889
SGL,campus_34,loss4,Top 20,Precision,0.06213,0.06086,-0.0012700000000000003,-2.044101078384034
SGL,campus_34,loss4,Top 20,Recall,0.68697,0.67747,-0.009499999999999953,-1.3828842598657807
SGL,campus_34,loss4,Top 20,NDCG,0.49644,0.47311,-0.023330000000000017,-4.699460156312952
SGL,campus_34,loss5,Top 3,Hit Ratio,0.3783,0.37133,-0.006970000000000032,-1.84245307956649
SGL,campus_34,loss5,Top 3,Precision,0.23413,0.22982,-0.004310000000000008,-1.8408576431896844
SGL,campus_34,loss5,Top 3,Recall,0.44191,0.43377,-0.008140000000000036,-1.842004027969504
SGL,campus_34,loss5,Top 3,NDCG,0.40564,0.39901,-0.006630000000000025,-1.634454195838681
SGL,campus_34,loss5,Top 5,Hit Ratio,0.47586,0.47909,0.0032300000000000106,0.6787710671205839
SGL,campus_34,loss5,Top 5,Precision,0.17671,0.17791,0.0012000000000000066,0.6790787165412294
SGL,campus_34,loss5,Top 5,Recall,0.53114,0.53489,0.003750000000000031,0.7060285423805459
SGL,campus_34,loss5,Top 5,NDCG,0.44143,0.44057,-0.0008599999999999719,-0.19482137598259563
SGL,campus_34,loss5,Top 10,Hit Ratio,0.59507,0.60702,0.011950000000000016,2.0081671063908475
SGL,campus_34,loss5,Top 10,Precision,0.11049,0.11271,0.0022199999999999998,2.0092316046701053
SGL,campus_34,loss5,Top 10,Recall,0.63072,0.64316,0.012440000000000007,1.9723490613901586
SGL,campus_34,loss5,Top 10,NDCG,0.47861,0.48113,0.0025200000000000222,0.5265247278577594
SGL,campus_34,loss5,Top 20,Hit Ratio,0.66924,0.6889,0.01966000000000001,2.937660629968324
SGL,campus_34,loss5,Top 20,Precision,0.06213,0.06396,0.0018300000000000052,2.9454369869628283
SGL,campus_34,loss5,Top 20,Recall,0.68697,0.70939,0.022419999999999995,3.263606853283258
SGL,campus_34,loss5,Top 20,NDCG,0.49644,0.5017,0.005260000000000042,1.0595439529449766
SimGCL,campus_10,loss1,Top 3,Hit Ratio,0.22929,0.22317,-0.0061199999999999866,-2.6691089886170296
SimGCL,campus_10,loss1,Top 3,Precision,0.28358,0.27601,-0.007570000000000021,-2.6694407221948024
SimGCL,campus_10,loss1,Top 3,Recall,0.31243,0.30671,-0.005720000000000003,-1.8308101014627285
SimGCL,campus_10,loss1,Top 3,NDCG,0.37287,0.36524,-0.00762999999999997,-2.046289591546644
SimGCL,campus_10,loss1,Top 5,Hit Ratio,0.31355,0.30624,-0.007309999999999983,-2.3313666081964546
SimGCL,campus_10,loss1,Top 5,Precision,0.23268,0.22725,-0.00542999999999999,-2.3336771531717337
SimGCL,campus_10,loss1,Top 5,Recall,0.39581,0.38917,-0.006639999999999979,-1.6775725726990172
SimGCL,campus_10,loss1,Top 5,NDCG,0.39162,0.38438,-0.007240000000000024,-1.848730912619382
SimGCL,campus_10,loss1,Top 10,Hit Ratio,0.44402,0.44201,-0.0020100000000000118,-0.45268231160758793
SimGCL,campus_10,loss1,Top 10,Precision,0.16475,0.164,-0.0007500000000000007,-0.45523520485584257
SimGCL,campus_10,loss1,Top 10,Recall,0.50271,0.50365,0.0009400000000000519,0.18698653299119808
SimGCL,campus_10,loss1,Top 10,NDCG,0.4225,0.4193,-0.0031999999999999806,-0.7573964497041374
SimGCL,campus_10,loss1,Top 20,Hit Ratio,0.57867,0.57404,-0.004630000000000023,-0.8001105984412572
SimGCL,campus_10,loss1,Top 20,Precision,0.10735,0.10649,-0.0008599999999999997,-0.8011178388448996
SimGCL,campus_10,loss1,Top 20,Recall,0.60535,0.59992,-0.005430000000000046,-0.8970017345337483
SimGCL,campus_10,loss1,Top 20,NDCG,0.45842,0.45336,-0.005060000000000009,-1.1037912831028336
SimGCL,campus_10,loss2,Top 3,Hit Ratio,0.22929,0.22996,0.0006700000000000039,0.2922063762048079
SimGCL,campus_10,loss2,Top 3,Precision,0.28358,0.28441,0.0008299999999999974,0.29268636716270446
SimGCL,campus_10,loss2,Top 3,Recall,0.31243,0.31265,0.00021999999999999797,0.07041577313318119
SimGCL,campus_10,loss2,Top 3,NDCG,0.37287,0.37465,0.0017800000000000038,0.4773781746989578
SimGCL,campus_10,loss2,Top 5,Hit Ratio,0.31355,0.31296,-0.0005899999999999794,-0.1881677563386954
SimGCL,campus_10,loss2,Top 5,Precision,0.23268,0.23223,-0.00045000000000000595,-0.1933986591026328
SimGCL,campus_10,loss2,Top 5,Recall,0.39581,0.3932,-0.002610000000000001,-0.6594072913771762
SimGCL,campus_10,loss2,Top 5,NDCG,0.39162,0.39189,0.00026999999999999247,0.06894438486287535
SimGCL,campus_10,loss2,Top 10,Hit Ratio,0.44402,0.44865,0.0046299999999999675,1.0427458222602513
SimGCL,campus_10,loss2,Top 10,Precision,0.16475,0.16646,0.0017099999999999893,1.0379362670713135
SimGCL,campus_10,loss2,Top 10,Recall,0.50271,0.50706,0.004349999999999965,0.8653100196932556
SimGCL,campus_10,loss2,Top 10,NDCG,0.4225,0.42571,0.0032099999999999906,0.7597633136094653
SimGCL,campus_10,loss2,Top 20,Hit Ratio,0.57867,0.57949,0.0008199999999999319,0.14170425285567453
SimGCL,campus_10,loss2,Top 20,Precision,0.10735,0.1075,0.00014999999999999736,0.13972985561248008
SimGCL,campus_10,loss2,Top 20,Recall,0.60535,0.60495,-0.00040000000000006697,-0.06607747584043394
SimGCL,campus_10,loss2,Top 20,NDCG,0.45842,0.45993,0.0015100000000000113,0.32939226037258656
SimGCL,campus_10,loss3,Top 3,Hit Ratio,0.22929,0.22929,0.0,0.0
SimGCL,campus_10,loss3,Top 3,Precision,0.28358,0.28358,0.0,0.0
SimGCL,campus_10,loss3,Top 3,Recall,0.31243,0.31274,0.00031000000000003247,0.0992222257785848
SimGCL,campus_10,loss3,Top 3,NDCG,0.37287,0.37425,0.0013800000000000479,0.3701021803845973
SimGCL,campus_10,loss3,Top 5,Hit Ratio,0.31355,0.31467,0.0011200000000000099,0.3571998086429628
SimGCL,campus_10,loss3,Top 5,Precision,0.23268,0.23351,0.0008299999999999974,0.3567130823448502
SimGCL,campus_10,loss3,Top 5,Recall,0.39581,0.39759,0.0017800000000000038,0.4497107197897991
SimGCL,campus_10,loss3,Top 5,NDCG,0.39162,0.394,0.0023799999999999932,0.6077319850875831
SimGCL,campus_10,loss3,Top 10,Hit Ratio,0.44402,0.44805,0.004029999999999978,0.9076167740191833
SimGCL,campus_10,loss3,Top 10,Precision,0.16475,0.16624,0.0014899999999999913,0.9044006069802678
SimGCL,campus_10,loss3,Top 10,Recall,0.50271,0.50358,0.0008700000000000374,0.17306200393865995
SimGCL,campus_10,loss3,Top 10,NDCG,0.4225,0.4251,0.002599999999999991,0.6153846153846133
SimGCL,campus_10,loss3,Top 20,Hit Ratio,0.57867,0.58039,0.0017199999999999438,0.29723331086801524
SimGCL,campus_10,loss3,Top 20,Precision,0.10735,0.10767,0.00032000000000000084,0.2980903586399635
SimGCL,campus_10,loss3,Top 20,Recall,0.60535,0.60686,0.0015099999999999003,0.24944247129757993
SimGCL,campus_10,loss3,Top 20,NDCG,0.45842,0.46063,0.0022099999999999898,0.4820906592207997
SimGCL,campus_10,loss4,Top 3,Hit Ratio,0.22929,0.22265,-0.006640000000000007,-2.895896026865545
SimGCL,campus_10,loss4,Top 3,Precision,0.28358,0.27536,-0.008220000000000005,-2.898652937442699
SimGCL,campus_10,loss4,Top 3,Recall,0.31243,0.3044,-0.008029999999999982,-2.570175719361131
SimGCL,campus_10,loss4,Top 3,NDCG,0.37287,0.36217,-0.010699999999999987,-2.8696328479094557
SimGCL,campus_10,loss4,Top 5,Hit Ratio,0.31355,0.30519,-0.008359999999999979,-2.666241428799228
SimGCL,campus_10,loss4,Top 5,Precision,0.23268,0.22647,-0.006209999999999993,-2.668901495616294
SimGCL,campus_10,loss4,Top 5,Recall,0.39581,0.38783,-0.007979999999999987,-2.016118844900328
SimGCL,campus_10,loss4,Top 5,NDCG,0.39162,0.38182,-0.009800000000000031,-2.5024258209488868
SimGCL,campus_10,loss4,Top 10,Hit Ratio,0.44402,0.43626,-0.007760000000000045,-1.7476690239178514
SimGCL,campus_10,loss4,Top 10,Precision,0.16475,0.16187,-0.0028799999999999937,-1.74810318664643
SimGCL,campus_10,loss4,Top 10,Recall,0.50271,0.49742,-0.005290000000000017,-1.0522965526844537
SimGCL,campus_10,loss4,Top 10,NDCG,0.4225,0.41464,-0.007859999999999978,-1.8603550295857936
SimGCL,campus_10,loss4,Top 20,Hit Ratio,0.57867,0.56971,-0.008959999999999968,-1.5483781775450547
SimGCL,campus_10,loss4,Top 20,Precision,0.10735,0.10569,-0.0016599999999999948,-1.5463437354448017
SimGCL,campus_10,loss4,Top 20,Recall,0.60535,0.59507,-0.010280000000000067,-1.6981911290988794
SimGCL,campus_10,loss4,Top 20,NDCG,0.45842,0.44934,-0.009079999999999977,-1.9807163736311628
SimGCL,campus_10,loss5,Top 3,Hit Ratio,0.22929,0.231,0.001710000000000017,0.7457804527018261
SimGCL,campus_10,loss5,Top 3,Precision,0.28358,0.2857,0.0021200000000000108,0.7475844558854682
SimGCL,campus_10,loss5,Top 3,Recall,0.31243,0.31289,0.00046000000000001595,0.14723298018756711
SimGCL,campus_10,loss5,Top 3,NDCG,0.37287,0.37541,0.0025400000000000422,0.6812025638962754
SimGCL,campus_10,loss5,Top 5,Hit Ratio,0.31355,0.31684,0.003290000000000015,1.0492744378886987
SimGCL,campus_10,loss5,Top 5,Precision,0.23268,0.23511,0.0024300000000000155,1.0443527591542099
SimGCL,campus_10,loss5,Top 5,Recall,0.39581,0.39809,0.0022800000000000042,0.57603395568581
SimGCL,campus_10,loss5,Top 5,NDCG,0.39162,0.39461,0.0029899999999999927,0.7634952249629724
SimGCL,campus_10,loss5,Top 10,Hit Ratio,0.44402,0.44902,0.004999999999999949,1.126075402008907
SimGCL,campus_10,loss5,Top 10,Precision,0.16475,0.1666,0.0018499999999999905,1.1229135053110717
SimGCL,campus_10,loss5,Top 10,Recall,0.50271,0.50939,0.006680000000000019,1.3287979152990828
SimGCL,campus_10,loss5,Top 10,NDCG,0.4225,0.42675,0.0042500000000000315,1.005917159763321
SimGCL,campus_10,loss5,Top 20,Hit Ratio,0.57867,0.57912,0.00044999999999995044,0.07776452900616075
SimGCL,campus_10,loss5,Top 20,Precision,0.10735,0.10744,8.999999999999286e-05,0.08383791336748286
SimGCL,campus_10,loss5,Top 20,Recall,0.60535,0.6042,-0.0011500000000000954,-0.18997274304123157
SimGCL,campus_10,loss5,Top 20,NDCG,0.45842,0.4601,0.0016800000000000148,0.36647615723572596
SimGCL,campus_102,loss1,Top 3,Hit Ratio,0.22457,0.21443,-0.010139999999999982,-4.515295898828866
SimGCL,campus_102,loss1,Top 3,Precision,0.24695,0.2358,-0.011149999999999993,-4.515084025106294
SimGCL,campus_102,loss1,Top 3,Recall,0.29454,0.28612,-0.008420000000000039,-2.8586949141033604
SimGCL,campus_102,loss1,Top 3,NDCG,0.33618,0.32217,-0.014009999999999967,-4.167410315902186
SimGCL,campus_102,loss1,Top 5,Hit Ratio,0.3038,0.2926,-0.011199999999999988,-3.686635944700457
SimGCL,campus_102,loss1,Top 5,Precision,0.20044,0.19306,-0.007379999999999998,-3.681899820395129
SimGCL,campus_102,loss1,Top 5,Recall,0.37828,0.36768,-0.010599999999999998,-2.8021571322829644
SimGCL,campus_102,loss1,Top 5,NDCG,0.35567,0.34247,-0.01319999999999999,-3.711305423566787
SimGCL,campus_102,loss1,Top 10,Hit Ratio,0.43049,0.42197,-0.008519999999999972,-1.9791400497107883
SimGCL,campus_102,loss1,Top 10,Precision,0.14201,0.1392,-0.002810000000000007,-1.978733891979443
SimGCL,campus_102,loss1,Top 10,Recall,0.49286,0.48753,-0.005330000000000001,-1.0814430061275009
SimGCL,campus_102,loss1,Top 10,NDCG,0.39544,0.38514,-0.010300000000000031,-2.6046935059680436
SimGCL,campus_102,loss1,Top 20,Hit Ratio,0.55411,0.55267,-0.0014399999999999968,-0.25987619786684896
SimGCL,campus_102,loss1,Top 20,Precision,0.0914,0.09116,-0.00023999999999999022,-0.2625820568927683
SimGCL,campus_102,loss1,Top 20,Recall,0.58794,0.58637,-0.0015700000000000713,-0.26703405109366113
SimGCL,campus_102,loss1,Top 20,NDCG,0.43094,0.42241,-0.008529999999999982,-1.97939388313918
SimGCL,campus_102,loss2,Top 3,Hit Ratio,0.22457,0.22266,-0.001909999999999995,-0.850514316248829
SimGCL,campus_102,loss2,Top 3,Precision,0.24695,0.24484,-0.0021100000000000008,-0.8544239724640619
SimGCL,campus_102,loss2,Top 3,Recall,0.29454,0.29303,-0.0015100000000000113,-0.5126638147620056
SimGCL,campus_102,loss2,Top 3,NDCG,0.33618,0.33188,-0.0042999999999999705,-1.279076685109159
SimGCL,campus_102,loss2,Top 5,Hit Ratio,0.3038,0.30581,0.0020100000000000118,0.6616194865042829
SimGCL,campus_102,loss2,Top 5,Precision,0.20044,0.20177,0.0013299999999999979,0.6635402115346227
SimGCL,campus_102,loss2,Top 5,Recall,0.37828,0.38024,0.0019600000000000173,0.5181347150259112
SimGCL,campus_102,loss2,Top 5,NDCG,0.35567,0.3541,-0.0015699999999999603,-0.4414204178030085
SimGCL,campus_102,loss2,Top 10,Hit Ratio,0.43049,0.43163,0.0011400000000000299,0.26481451369370484
SimGCL,campus_102,loss2,Top 10,Precision,0.14201,0.14239,0.00037999999999999146,0.2675867896626938
SimGCL,campus_102,loss2,Top 10,Recall,0.49286,0.49573,0.0028699999999999837,0.5823154648378817
SimGCL,campus_102,loss2,Top 10,NDCG,0.39544,0.39409,-0.0013500000000000179,-0.34139186728707716
SimGCL,campus_102,loss2,Top 20,Hit Ratio,0.55411,0.55746,0.003349999999999964,0.6045730992041227
SimGCL,campus_102,loss2,Top 20,Precision,0.0914,0.09195,0.0005500000000000088,0.6017505470459615
SimGCL,campus_102,loss2,Top 20,Recall,0.58794,0.59778,0.00983999999999996,1.67364016736401
SimGCL,campus_102,loss2,Top 20,NDCG,0.43094,0.4316,0.0006599999999999939,0.1531535712628194
SimGCL,campus_102,loss3,Top 3,Hit Ratio,0.22457,0.22409,-0.00047999999999998044,-0.2137418176960326
SimGCL,campus_102,loss3,Top 3,Precision,0.24695,0.24642,-0.0005300000000000027,-0.21461834379429146
SimGCL,campus_102,loss3,Top 3,Recall,0.29454,0.29693,0.0023900000000000032,0.8114347796564144
SimGCL,campus_102,loss3,Top 3,NDCG,0.33618,0.33571,-0.00046999999999997044,-0.13980605627936538
SimGCL,campus_102,loss3,Top 5,Hit Ratio,0.3038,0.30437,0.0005699999999999594,0.18762343647134938
SimGCL,campus_102,loss3,Top 5,Precision,0.20044,0.20082,0.00037999999999999146,0.18958291758131682
SimGCL,campus_102,loss3,Top 5,Recall,0.37828,0.38144,0.003159999999999996,0.8353600507560528
SimGCL,campus_102,loss3,Top 5,NDCG,0.35567,0.35607,0.00040000000000001146,0.11246380071414837
SimGCL,campus_102,loss3,Top 10,Hit Ratio,0.43049,0.4345,0.0040100000000000136,0.9314966665892387
SimGCL,campus_102,loss3,Top 10,Precision,0.14201,0.14334,0.0013299999999999979,0.9365537638194479
SimGCL,campus_102,loss3,Top 10,Recall,0.49286,0.50249,0.009629999999999972,1.9539017165117825
SimGCL,campus_102,loss3,Top 10,NDCG,0.39544,0.39866,0.0032200000000000006,0.8142828241958326
SimGCL,campus_102,loss3,Top 20,Hit Ratio,0.55411,0.56406,0.009950000000000014,1.795672339427192
SimGCL,campus_102,loss3,Top 20,Precision,0.0914,0.09304,0.0016400000000000026,1.7943107221006596
SimGCL,campus_102,loss3,Top 20,Recall,0.58794,0.60618,0.018240000000000034,3.1023573834064755
SimGCL,campus_102,loss3,Top 20,NDCG,0.43094,0.43679,0.005850000000000022,1.3574975634659168
SimGCL,campus_102,loss4,Top 3,Hit Ratio,0.22457,0.22113,-0.0034399999999999986,-1.5318163601549621
SimGCL,campus_102,loss4,Top 3,Precision,0.24695,0.24316,-0.0037900000000000156,-1.534723628264837
SimGCL,campus_102,loss4,Top 3,Recall,0.29454,0.29115,-0.003390000000000004,-1.1509472397637006
SimGCL,campus_102,loss4,Top 3,NDCG,0.33618,0.32725,-0.008929999999999993,-2.656315069308107
SimGCL,campus_102,loss4,Top 5,Hit Ratio,0.3038,0.30016,-0.003640000000000032,-1.1981566820276603
SimGCL,campus_102,loss4,Top 5,Precision,0.20044,0.19804,-0.0024000000000000132,-1.1973657952504557
SimGCL,campus_102,loss4,Top 5,Recall,0.37828,0.37605,-0.0022300000000000098,-0.5895104155651923
SimGCL,campus_102,loss4,Top 5,NDCG,0.35567,0.34752,-0.00814999999999999,-2.2914499395507044
SimGCL,campus_102,loss4,Top 10,Hit Ratio,0.43049,0.42647,-0.004019999999999968,-0.9338196009198746
SimGCL,campus_102,loss4,Top 10,Precision,0.14201,0.14069,-0.0013199999999999878,-0.9295120061967381
SimGCL,campus_102,loss4,Top 10,Recall,0.49286,0.48951,-0.0033500000000000196,-0.6797062046017165
SimGCL,campus_102,loss4,Top 10,NDCG,0.39544,0.38734,-0.008099999999999996,-2.0483512037224347
SimGCL,campus_102,loss4,Top 20,Hit Ratio,0.55411,0.55105,-0.0030599999999999516,-0.5522369204670465
SimGCL,campus_102,loss4,Top 20,Precision,0.0914,0.09089,-0.0005099999999999966,-0.5579868708971516
SimGCL,campus_102,loss4,Top 20,Recall,0.58794,0.58884,0.0009000000000000119,0.15307684457597914
SimGCL,campus_102,loss4,Top 20,NDCG,0.43094,0.42394,-0.007000000000000006,-1.6243560588481012
SimGCL,campus_102,loss5,Top 3,Hit Ratio,0.22457,0.22476,0.00018999999999999573,0.0846061361713478
SimGCL,campus_102,loss5,Top 3,Precision,0.24695,0.24716,0.00020999999999998797,0.0850374569750913
SimGCL,campus_102,loss5,Top 3,Recall,0.29454,0.29663,0.0020899999999999808,0.709581041624221
SimGCL,campus_102,loss5,Top 3,NDCG,0.33618,0.33757,0.0013900000000000023,0.41346897495389445
SimGCL,campus_102,loss5,Top 5,Hit Ratio,0.3038,0.30686,0.003060000000000007,1.0072416063199496
SimGCL,campus_102,loss5,Top 5,Precision,0.20044,0.20246,0.002019999999999994,1.0077828776691249
SimGCL,campus_102,loss5,Top 5,Recall,0.37828,0.38001,0.0017300000000000093,0.45733319234429765
SimGCL,campus_102,loss5,Top 5,NDCG,0.35567,0.35772,0.0020499999999999963,0.5763769786599928
SimGCL,campus_102,loss5,Top 10,Hit Ratio,0.43049,0.43288,0.0023900000000000032,0.5551813050245077
SimGCL,campus_102,loss5,Top 10,Precision,0.14201,0.1428,0.0007900000000000129,0.5562988521935166
SimGCL,campus_102,loss5,Top 10,Recall,0.49286,0.49467,0.0018099999999999783,0.3672442478594283
SimGCL,campus_102,loss5,Top 10,NDCG,0.39544,0.39741,0.0019699999999999718,0.4981792433744618
SimGCL,campus_102,loss5,Top 20,Hit Ratio,0.55411,0.55688,0.00277000000000005,0.49990074172999044
SimGCL,campus_102,loss5,Top 20,Precision,0.0914,0.09186,0.0004600000000000021,0.503282275711162
SimGCL,campus_102,loss5,Top 20,Recall,0.58794,0.59176,0.0038199999999999346,0.6497261625335807
SimGCL,campus_102,loss5,Top 20,NDCG,0.43094,0.43338,0.0024399999999999977,0.566204111941337
SimGCL,campus_143,loss1,Top 3,Hit Ratio,0.48618,0.48256,-0.003620000000000012,-0.7445801966349936
SimGCL,campus_143,loss1,Top 3,Precision,0.27734,0.27527,-0.0020699999999999608,-0.7463762890314996
SimGCL,campus_143,loss1,Top 3,Recall,0.54424,0.54462,0.00038000000000004697,0.06982213729237965
SimGCL,campus_143,loss1,Top 3,NDCG,0.50624,0.50242,-0.0038200000000000456,-0.7545828065739659
SimGCL,campus_143,loss1,Top 5,Hit Ratio,0.59571,0.58925,-0.00645999999999991,-1.0844202716086537
SimGCL,campus_143,loss1,Top 5,Precision,0.20389,0.20168,-0.0022099999999999898,-1.0839177988130806
SimGCL,campus_143,loss1,Top 5,Recall,0.64376,0.63684,-0.006920000000000037,-1.0749347582950226
SimGCL,campus_143,loss1,Top 5,NDCG,0.54569,0.53951,-0.006179999999999963,-1.1325111326943802
SimGCL,campus_143,loss1,Top 10,Hit Ratio,0.70163,0.71015,0.008519999999999972,1.2143152373758208
SimGCL,campus_143,loss1,Top 10,Precision,0.12007,0.12153,0.001460000000000003,1.2159573582077148
SimGCL,campus_143,loss1,Top 10,Recall,0.72398,0.73654,0.012560000000000016,1.7348545539932063
SimGCL,campus_143,loss1,Top 10,NDCG,0.57665,0.57719,0.0005399999999999849,0.09364432498048815
SimGCL,campus_143,loss1,Top 20,Hit Ratio,0.76905,0.76828,-0.0007700000000000484,-0.10012352902932818
SimGCL,campus_143,loss1,Top 20,Precision,0.0658,0.06574,-5.9999999999990616e-05,-0.09118541033433224
SimGCL,campus_143,loss1,Top 20,Recall,0.77858,0.77944,0.0008599999999999719,0.11045749955046005
SimGCL,campus_143,loss1,Top 20,NDCG,0.59289,0.59072,-0.0021700000000000053,-0.3660038118369352
SimGCL,campus_143,loss2,Top 3,Hit Ratio,0.48618,0.48411,-0.0020700000000000163,-0.4257682339874154
SimGCL,campus_143,loss2,Top 3,Precision,0.27734,0.27616,-0.0011799999999999589,-0.42547054157350506
SimGCL,campus_143,loss2,Top 3,Recall,0.54424,0.54551,0.0012700000000001044,0.23335293252978545
SimGCL,campus_143,loss2,Top 3,NDCG,0.50624,0.50496,-0.0012800000000000589,-0.2528445006321228
SimGCL,campus_143,loss2,Top 5,Hit Ratio,0.59571,0.58719,-0.008519999999999972,-1.4302261167346482
SimGCL,campus_143,loss2,Top 5,Precision,0.20389,0.20097,-0.002919999999999978,-1.4321447839521204
SimGCL,campus_143,loss2,Top 5,Recall,0.64376,0.63405,-0.009709999999999996,-1.5083260842550013
SimGCL,campus_143,loss2,Top 5,NDCG,0.54569,0.54011,-0.005580000000000029,-1.0225585955395975
SimGCL,campus_143,loss2,Top 10,Hit Ratio,0.70163,0.70111,-0.0005199999999999649,-0.0741131365534491
SimGCL,campus_143,loss2,Top 10,Precision,0.12007,0.11998,-8.999999999999286e-05,-0.07495627550594891
SimGCL,campus_143,loss2,Top 10,Recall,0.72398,0.72188,-0.0020999999999999908,-0.29006326141606
SimGCL,campus_143,loss2,Top 10,NDCG,0.57665,0.57407,-0.0025800000000000267,-0.44741177490679385
SimGCL,campus_143,loss2,Top 20,Hit Ratio,0.76905,0.76673,-0.0023199999999999887,-0.3016708926597736
SimGCL,campus_143,loss2,Top 20,Precision,0.0658,0.06561,-0.00018999999999999573,-0.2887537993920908
SimGCL,campus_143,loss2,Top 20,Recall,0.77858,0.77489,-0.003690000000000082,-0.4739397364432791
SimGCL,campus_143,loss2,Top 20,NDCG,0.59289,0.59036,-0.0025300000000000322,-0.42672333822463393
SimGCL,campus_143,loss3,Top 3,Hit Ratio,0.48618,0.4929,0.006720000000000004,1.3822041219301502
SimGCL,campus_143,loss3,Top 3,Precision,0.27734,0.28117,0.00383,1.3809764188360858
SimGCL,campus_143,loss3,Top 3,Recall,0.54424,0.55331,0.009070000000000022,1.666544171688965
SimGCL,campus_143,loss3,Top 3,NDCG,0.50624,0.51147,0.005229999999999957,1.0331068268015084
SimGCL,campus_143,loss3,Top 5,Hit Ratio,0.59571,0.59985,0.0041400000000000325,0.6949690285541678
SimGCL,campus_143,loss3,Top 5,Precision,0.20389,0.20531,0.0014200000000000046,0.6964539702780934
SimGCL,campus_143,loss3,Top 5,Recall,0.64376,0.64949,0.005730000000000013,0.8900832608425521
SimGCL,campus_143,loss3,Top 5,NDCG,0.54569,0.54929,0.0035999999999999366,0.6597152229287574
SimGCL,campus_143,loss3,Top 10,Hit Ratio,0.70163,0.70395,0.0023199999999999887,0.3306586092384859
SimGCL,campus_143,loss3,Top 10,Precision,0.12007,0.12047,0.0003999999999999976,0.33313900224868626
SimGCL,campus_143,loss3,Top 10,Recall,0.72398,0.72962,0.005640000000000089,0.7790270449460054
SimGCL,campus_143,loss3,Top 10,NDCG,0.57665,0.58011,0.0034600000000000186,0.6000173415416663
SimGCL,campus_143,loss3,Top 20,Hit Ratio,0.76905,0.77034,0.0012900000000000134,0.16773941876341114
SimGCL,campus_143,loss3,Top 20,Precision,0.0658,0.06592,0.00012000000000000899,0.1823708206687067
SimGCL,campus_143,loss3,Top 20,Recall,0.77858,0.7798,0.0012199999999999989,0.15669552261809946
SimGCL,campus_143,loss3,Top 20,NDCG,0.59289,0.59576,0.002869999999999928,0.48406955759077197
SimGCL,campus_143,loss4,Top 3,Hit Ratio,0.48618,0.47455,-0.011629999999999974,-2.392118145542798
SimGCL,campus_143,loss4,Top 3,Precision,0.27734,0.2707,-0.006639999999999979,-2.394173216989969
SimGCL,campus_143,loss4,Top 3,Recall,0.54424,0.53803,-0.006209999999999938,-1.141040717330578
SimGCL,campus_143,loss4,Top 3,NDCG,0.50624,0.49668,-0.009560000000000013,-1.8884323640960834
SimGCL,campus_143,loss4,Top 5,Hit Ratio,0.59571,0.57892,-0.01678999999999997,-2.8184855046918758
SimGCL,campus_143,loss4,Top 5,Precision,0.20389,0.19814,-0.005749999999999977,-2.8201481190838087
SimGCL,campus_143,loss4,Top 5,Recall,0.64376,0.63059,-0.013170000000000015,-2.0457934634025126
SimGCL,campus_143,loss4,Top 5,NDCG,0.54569,0.53339,-0.012299999999999978,-2.25402701167329
SimGCL,campus_143,loss4,Top 10,Hit Ratio,0.70163,0.69775,-0.0038799999999999946,-0.5529980188988491
SimGCL,campus_143,loss4,Top 10,Precision,0.12007,0.11941,-0.0006599999999999939,-0.5496793537103306
SimGCL,campus_143,loss4,Top 10,Recall,0.72398,0.72269,-0.0012899999999999023,-0.17818171772699554
SimGCL,campus_143,loss4,Top 10,NDCG,0.57665,0.56905,-0.007600000000000051,-1.317957166392101
SimGCL,campus_143,loss4,Top 20,Hit Ratio,0.76905,0.76001,-0.009040000000000048,-1.1754762369156815
SimGCL,campus_143,loss4,Top 20,Precision,0.0658,0.06503,-0.0007699999999999929,-1.170212765957436
SimGCL,campus_143,loss4,Top 20,Recall,0.77858,0.77259,-0.005990000000000051,-0.7693493282642825
SimGCL,campus_143,loss4,Top 20,NDCG,0.59289,0.5843,-0.008589999999999987,-1.4488353657508115
SimGCL,campus_143,loss5,Top 3,Hit Ratio,0.48618,0.48592,-0.00025999999999998247,-0.05347813566991289
SimGCL,campus_143,loss5,Top 3,Precision,0.27734,0.27719,-0.00014999999999998348,-0.054085238335610984
SimGCL,campus_143,loss5,Top 3,Recall,0.54424,0.54804,0.0038000000000000256,0.6982213729237149
SimGCL,campus_143,loss5,Top 3,NDCG,0.50624,0.50797,0.0017300000000000093,0.3417351453855897
SimGCL,campus_143,loss5,Top 5,Hit Ratio,0.59571,0.59261,-0.0030999999999999917,-0.5203874368400718
SimGCL,campus_143,loss5,Top 5,Precision,0.20389,0.20283,-0.0010599999999999776,-0.5198881749963106
SimGCL,campus_143,loss5,Top 5,Recall,0.64376,0.64032,-0.0034399999999999986,-0.5343606312911642
SimGCL,campus_143,loss5,Top 5,NDCG,0.54569,0.54489,-0.0008000000000000229,-0.146603382873064
SimGCL,campus_143,loss5,Top 10,Hit Ratio,0.70163,0.6993,-0.0023299999999999432,-0.3320838618645074
SimGCL,campus_143,loss5,Top 10,Precision,0.12007,0.11967,-0.0003999999999999976,-0.33313900224868626
SimGCL,campus_143,loss5,Top 10,Recall,0.72398,0.72091,-0.003069999999999906,-0.4240448631177528
SimGCL,campus_143,loss5,Top 10,NDCG,0.57665,0.57606,-0.0005899999999999794,-0.10231509581201412
SimGCL,campus_143,loss5,Top 20,Hit Ratio,0.76905,0.76234,-0.006709999999999994,-0.8725050386840899
SimGCL,campus_143,loss5,Top 20,Precision,0.0658,0.06523,-0.0005700000000000011,-0.8662613981762934
SimGCL,campus_143,loss5,Top 20,Recall,0.77858,0.77296,-0.005620000000000069,-0.7218269156669924
SimGCL,campus_143,loss5,Top 20,NDCG,0.59289,0.59178,-0.0011100000000000554,-0.18721853969539973
SimGCL,campus_15,loss1,Top 3,Hit Ratio,0.14467,0.14299,-0.001679999999999987,-1.1612635653556282
SimGCL,campus_15,loss1,Top 3,Precision,0.23365,0.23094,-0.00270999999999999,-1.1598544832013655
SimGCL,campus_15,loss1,Top 3,Recall,0.28114,0.27111,-0.010029999999999983,-3.567617557088989
SimGCL,campus_15,loss1,Top 3,NDCG,0.32966,0.32184,-0.007819999999999994,-2.3721409937511355
SimGCL,campus_15,loss1,Top 5,Hit Ratio,0.20811,0.20602,-0.0020899999999999808,-1.0042765844985733
SimGCL,campus_15,loss1,Top 5,Precision,0.20167,0.19964,-0.0020299999999999763,-1.0065949323151566
SimGCL,campus_15,loss1,Top 5,Recall,0.35673,0.34156,-0.015170000000000017,-4.252515908390104
SimGCL,campus_15,loss1,Top 5,NDCG,0.3554,0.34498,-0.010419999999999985,-2.9319077096229558
SimGCL,campus_15,loss1,Top 10,Hit Ratio,0.33331,0.3304,-0.002909999999999968,-0.87306111427799
SimGCL,campus_15,loss1,Top 10,Precision,0.1615,0.16009,-0.0014099999999999946,-0.8730650154798727
SimGCL,campus_15,loss1,Top 10,Recall,0.46267,0.45193,-0.010740000000000027,-2.321308924287295
SimGCL,campus_15,loss1,Top 10,NDCG,0.38776,0.37699,-0.010770000000000002,-2.7774912316897056
SimGCL,campus_15,loss1,Top 20,Hit Ratio,0.50199,0.49814,-0.00385000000000002,-0.7669475487559552
SimGCL,campus_15,loss1,Top 20,Precision,0.12161,0.12068,-0.0009300000000000003,-0.7647397417975498
SimGCL,campus_15,loss1,Top 20,Recall,0.56422,0.56043,-0.003790000000000071,-0.6717237956825477
SimGCL,campus_15,loss1,Top 20,NDCG,0.42302,0.41348,-0.009539999999999993,-2.2552125195026225
SimGCL,campus_15,loss2,Top 3,Hit Ratio,0.14467,0.14971,0.005040000000000017,3.4837906960669227
SimGCL,campus_15,loss2,Top 3,Precision,0.23365,0.24179,0.008140000000000008,3.483843355446184
SimGCL,campus_15,loss2,Top 3,Recall,0.28114,0.26722,-0.013919999999999988,-4.951269829977942
SimGCL,campus_15,loss2,Top 3,NDCG,0.32966,0.33341,0.0037499999999999756,1.1375356427834664
SimGCL,campus_15,loss2,Top 5,Hit Ratio,0.20811,0.21462,0.006510000000000016,3.128153380423822
SimGCL,campus_15,loss2,Top 5,Precision,0.20167,0.20798,0.00631000000000001,3.1288739029107013
SimGCL,campus_15,loss2,Top 5,Recall,0.35673,0.34037,-0.016359999999999986,-4.586101533372575
SimGCL,campus_15,loss2,Top 5,NDCG,0.3554,0.35455,-0.0008500000000000174,-0.23916713562183944
SimGCL,campus_15,loss2,Top 10,Hit Ratio,0.33331,0.34302,0.009709999999999996,2.913203924274698
SimGCL,campus_15,loss2,Top 10,Precision,0.1615,0.1662,0.004699999999999982,2.9102167182662426
SimGCL,campus_15,loss2,Top 10,Recall,0.46267,0.45115,-0.01152000000000003,-2.4898956059394446
SimGCL,campus_15,loss2,Top 10,NDCG,0.38776,0.38384,-0.003919999999999979,-1.010934598720853
SimGCL,campus_15,loss2,Top 20,Hit Ratio,0.50199,0.50539,0.0033999999999999586,0.6773043287714812
SimGCL,campus_15,loss2,Top 20,Precision,0.12161,0.12244,0.0008299999999999974,0.6825096620343701
SimGCL,campus_15,loss2,Top 20,Recall,0.56422,0.55872,-0.00550000000000006,-0.9747970649746659
SimGCL,campus_15,loss2,Top 20,NDCG,0.42302,0.4177,-0.005319999999999991,-1.25762375301404
SimGCL,campus_15,loss3,Top 3,Hit Ratio,0.14467,0.1454,0.0007300000000000084,0.5045966682795386
SimGCL,campus_15,loss3,Top 3,Precision,0.23365,0.23484,0.0011899999999999966,0.509308795206504
SimGCL,campus_15,loss3,Top 3,Recall,0.28114,0.27673,-0.004410000000000025,-1.5686135021697463
SimGCL,campus_15,loss3,Top 3,NDCG,0.32966,0.32923,-0.00042999999999998595,-0.13043742037250075
SimGCL,campus_15,loss3,Top 5,Hit Ratio,0.20811,0.20843,0.0003200000000000147,0.1537648359040963
SimGCL,campus_15,loss3,Top 5,Precision,0.20167,0.20199,0.0003200000000000147,0.1586750632221028
SimGCL,campus_15,loss3,Top 5,Recall,0.35673,0.35262,-0.0041100000000000025,-1.152131864435288
SimGCL,campus_15,loss3,Top 5,NDCG,0.3554,0.35391,-0.0014899999999999913,-0.4192459200900369
SimGCL,campus_15,loss3,Top 10,Hit Ratio,0.33331,0.33466,0.0013500000000000179,0.40502835198464426
SimGCL,campus_15,loss3,Top 10,Precision,0.1615,0.16215,0.0006499999999999839,0.4024767801857485
SimGCL,campus_15,loss3,Top 10,Recall,0.46267,0.46212,-0.0005500000000000504,-0.11887522424191116
SimGCL,campus_15,loss3,Top 10,NDCG,0.38776,0.38687,-0.0008900000000000019,-0.2295234165463178
SimGCL,campus_15,loss3,Top 20,Hit Ratio,0.50199,0.50162,-0.0003700000000000925,-0.07370664754279815
SimGCL,campus_15,loss3,Top 20,Precision,0.12161,0.12153,-7.999999999999674e-05,-0.06578406381053922
SimGCL,campus_15,loss3,Top 20,Recall,0.56422,0.56693,0.00270999999999999,0.4803090992875102
SimGCL,campus_15,loss3,Top 20,NDCG,0.42302,0.42236,-0.0006599999999999939,-0.15602099191527444
SimGCL,campus_15,loss4,Top 3,Hit Ratio,0.14467,0.13483,-0.009839999999999988,-6.801686597083008
SimGCL,campus_15,loss4,Top 3,Precision,0.23365,0.21777,-0.015880000000000005,-6.796490477209503
SimGCL,campus_15,loss4,Top 3,Recall,0.28114,0.2676,-0.013539999999999996,-4.816105854734295
SimGCL,campus_15,loss4,Top 3,NDCG,0.32966,0.30784,-0.021820000000000006,-6.618940726809441
SimGCL,campus_15,loss4,Top 5,Hit Ratio,0.20811,0.19511,-0.012999999999999984,-6.2466964586036156
SimGCL,campus_15,loss4,Top 5,Precision,0.20167,0.18908,-0.01258999999999999,-6.242872018644316
SimGCL,campus_15,loss4,Top 5,Recall,0.35673,0.34192,-0.01480999999999999,-4.1515992487315305
SimGCL,campus_15,loss4,Top 5,NDCG,0.3554,0.33422,-0.021179999999999977,-5.959482273494648
SimGCL,campus_15,loss4,Top 10,Hit Ratio,0.33331,0.31626,-0.01705000000000001,-5.115358075065258
SimGCL,campus_15,loss4,Top 10,Precision,0.1615,0.15324,-0.008260000000000017,-5.114551083591342
SimGCL,campus_15,loss4,Top 10,Recall,0.46267,0.45112,-0.011550000000000005,-2.4963797090799065
SimGCL,campus_15,loss4,Top 10,NDCG,0.38776,0.36923,-0.01852999999999999,-4.778729110790177
SimGCL,campus_15,loss4,Top 20,Hit Ratio,0.50199,0.48437,-0.017620000000000025,-3.510030080280488
SimGCL,campus_15,loss4,Top 20,Precision,0.12161,0.11735,-0.00426,-3.503001397911356
SimGCL,campus_15,loss4,Top 20,Recall,0.56422,0.55791,-0.006310000000000038,-1.1183580872709293
SimGCL,campus_15,loss4,Top 20,NDCG,0.42302,0.40695,-0.01607000000000003,-3.7988747576946786
SimGCL,campus_15,loss5,Top 3,Hit Ratio,0.14467,0.14458,-9.000000000000674e-05,-0.06221054814405664
SimGCL,campus_15,loss5,Top 3,Precision,0.23365,0.23352,-0.00012999999999999123,-0.055638775946925415
SimGCL,campus_15,loss5,Top 3,Recall,0.28114,0.27543,-0.005709999999999993,-2.0310165753716984
SimGCL,campus_15,loss5,Top 3,NDCG,0.32966,0.32894,-0.0007199999999999984,-0.2184068434144265
SimGCL,campus_15,loss5,Top 5,Hit Ratio,0.20811,0.21011,0.0020000000000000018,0.9610302244005583
SimGCL,campus_15,loss5,Top 5,Precision,0.20167,0.20361,0.001940000000000025,0.9619675707839664
SimGCL,campus_15,loss5,Top 5,Recall,0.35673,0.354,-0.00273000000000001,-0.7652846690774564
SimGCL,campus_15,loss5,Top 5,NDCG,0.3554,0.35604,0.0006400000000000294,0.18007878446821313
SimGCL,campus_15,loss5,Top 10,Hit Ratio,0.33331,0.33482,0.0015100000000000113,0.4530317122198588
SimGCL,campus_15,loss5,Top 10,Precision,0.1615,0.16223,0.0007300000000000084,0.452012383900934
SimGCL,campus_15,loss5,Top 10,Recall,0.46267,0.46171,-0.0009600000000000164,-0.20749130049495676
SimGCL,campus_15,loss5,Top 10,NDCG,0.38776,0.38789,0.000130000000000019,0.03352589230452316
SimGCL,campus_15,loss5,Top 20,Hit Ratio,0.50199,0.50088,-0.0011100000000000554,-0.22111994262835022
SimGCL,campus_15,loss5,Top 20,Precision,0.12161,0.12135,-0.00025999999999999635,-0.21379820738425814
SimGCL,campus_15,loss5,Top 20,Recall,0.56422,0.56562,0.0013999999999999568,0.24813016199354093
SimGCL,campus_15,loss5,Top 20,NDCG,0.42302,0.42302,0.0,0.0
SimGCL,campus_34,loss1,Top 3,Hit Ratio,0.37631,0.37183,-0.004479999999999984,-1.1905078259945217
SimGCL,campus_34,loss1,Top 3,Precision,0.2329,0.23013,-0.0027699999999999947,-1.1893516530699848
SimGCL,campus_34,loss1,Top 3,Recall,0.43773,0.43636,-0.0013699999999999823,-0.31297831996892655
SimGCL,campus_34,loss1,Top 3,NDCG,0.40482,0.40094,-0.0038799999999999946,-0.9584506694333271
SimGCL,campus_34,loss1,Top 5,Hit Ratio,0.47511,0.46864,-0.006469999999999976,-1.3617899012860128
SimGCL,campus_34,loss1,Top 5,Precision,0.17643,0.17403,-0.0024000000000000132,-1.3603128719605584
SimGCL,campus_34,loss1,Top 5,Recall,0.52852,0.52396,-0.0045600000000000085,-0.862786649511846
SimGCL,campus_34,loss1,Top 5,NDCG,0.44138,0.43654,-0.004840000000000011,-1.0965607866237734
SimGCL,campus_34,loss1,Top 10,Hit Ratio,0.59233,0.59681,0.0044799999999999285,0.7563351510137809
SimGCL,campus_34,loss1,Top 10,Precision,0.10998,0.11081,0.0008300000000000113,0.7546826695762969
SimGCL,campus_34,loss1,Top 10,Recall,0.6269,0.63752,0.010619999999999963,1.694050087733285
SimGCL,campus_34,loss1,Top 10,NDCG,0.47817,0.47868,0.0005100000000000104,0.10665662839576101
SimGCL,campus_34,loss1,Top 20,Hit Ratio,0.66526,0.68143,0.016170000000000018,2.4306286264017105
SimGCL,campus_34,loss1,Top 20,Precision,0.06176,0.06326,0.0014999999999999944,2.4287564766839287
SimGCL,campus_34,loss1,Top 20,Recall,0.68309,0.70586,0.022770000000000068,3.3333821311979492
SimGCL,campus_34,loss1,Top 20,NDCG,0.49598,0.4999,0.003920000000000035,0.7903544497762076
SimGCL,campus_34,loss2,Top 3,Hit Ratio,0.37631,0.37581,-0.0005000000000000004,-0.13286917700831774
SimGCL,campus_34,loss2,Top 3,Precision,0.2329,0.23259,-0.0003100000000000047,-0.13310433662516305
SimGCL,campus_34,loss2,Top 3,Recall,0.43773,0.44136,0.0036299999999999666,0.8292783222534362
SimGCL,campus_34,loss2,Top 3,NDCG,0.40482,0.40496,0.00013999999999997348,0.03458327157748468
SimGCL,campus_34,loss2,Top 5,Hit Ratio,0.47511,0.47163,-0.003479999999999983,-0.7324619561785656
SimGCL,campus_34,loss2,Top 5,Precision,0.17643,0.17514,-0.0012900000000000134,-0.7311681686788036
SimGCL,campus_34,loss2,Top 5,Recall,0.52852,0.52608,-0.0024399999999999977,-0.46166654052826717
SimGCL,campus_34,loss2,Top 5,NDCG,0.44138,0.43965,-0.0017300000000000093,-0.3919525125742012
SimGCL,campus_34,loss2,Top 10,Hit Ratio,0.59233,0.58935,-0.0029799999999999827,-0.5030979352725647
SimGCL,campus_34,loss2,Top 10,Precision,0.10998,0.10943,-0.0005499999999999949,-0.500090925622836
SimGCL,campus_34,loss2,Top 10,Recall,0.6269,0.62539,-0.0015100000000000113,-0.24086776200351115
SimGCL,campus_34,loss2,Top 10,NDCG,0.47817,0.47713,-0.0010399999999999854,-0.21749586966977966
SimGCL,campus_34,loss2,Top 20,Hit Ratio,0.66526,0.65381,-0.01144999999999996,-1.7211315876499353
SimGCL,campus_34,loss2,Top 20,Precision,0.06176,0.0607,-0.0010600000000000054,-1.7163212435233246
SimGCL,campus_34,loss2,Top 20,Recall,0.68309,0.67263,-0.010460000000000025,-1.5312769913188635
SimGCL,campus_34,loss2,Top 20,NDCG,0.49598,0.4925,-0.003479999999999983,-0.7016411952094809
SimGCL,campus_34,loss3,Top 3,Hit Ratio,0.37631,0.37083,-0.005479999999999985,-1.456246180011157
SimGCL,campus_34,loss3,Top 3,Precision,0.2329,0.22951,-0.003390000000000004,-1.455560326320311
SimGCL,campus_34,loss3,Top 3,Recall,0.43773,0.43072,-0.007010000000000016,-1.6014438123957728
SimGCL,campus_34,loss3,Top 3,NDCG,0.40482,0.40171,-0.0031100000000000017,-0.768242675757127
SimGCL,campus_34,loss3,Top 5,Hit Ratio,0.47511,0.47437,-0.0007399999999999629,-0.15575340447474542
SimGCL,campus_34,loss3,Top 5,Precision,0.17643,0.17616,-0.00026999999999999247,-0.1530351980955577
SimGCL,campus_34,loss3,Top 5,Recall,0.52852,0.52604,-0.0024800000000000377,-0.4692348444713611
SimGCL,campus_34,loss3,Top 5,NDCG,0.44138,0.44061,-0.0007699999999999929,-0.1744528524174165
SimGCL,campus_34,loss3,Top 10,Hit Ratio,0.59233,0.58736,-0.00497000000000003,-0.8390593081559317
SimGCL,campus_34,loss3,Top 10,Precision,0.10998,0.10906,-0.0009199999999999903,-0.8365157301327426
SimGCL,campus_34,loss3,Top 10,Recall,0.6269,0.61903,-0.007870000000000044,-1.2553836337533966
SimGCL,campus_34,loss3,Top 10,NDCG,0.47817,0.47549,-0.00267999999999996,-0.5604701256875086
SimGCL,campus_34,loss3,Top 20,Hit Ratio,0.66526,0.65903,-0.006229999999999958,-0.9364759642846342
SimGCL,campus_34,loss3,Top 20,Precision,0.06176,0.06118,-0.0005800000000000041,-0.9391191709844626
SimGCL,campus_34,loss3,Top 20,Recall,0.68309,0.67574,-0.007349999999999968,-1.0759929145500546
SimGCL,campus_34,loss3,Top 20,NDCG,0.49598,0.4933,-0.00267999999999996,-0.5403443687245374
SimGCL,campus_34,loss4,Top 3,Hit Ratio,0.37631,0.36411,-0.012199999999999989,-3.2420079190029467
SimGCL,campus_34,loss4,Top 3,Precision,0.2329,0.22535,-0.007550000000000001,-3.241734650064406
SimGCL,campus_34,loss4,Top 3,Recall,0.43773,0.42427,-0.013460000000000027,-3.074954880862639
SimGCL,campus_34,loss4,Top 3,NDCG,0.40482,0.39068,-0.014139999999999986,-3.492910429326611
SimGCL,campus_34,loss4,Top 5,Hit Ratio,0.47511,0.45943,-0.015679999999999972,-3.300288354275846
SimGCL,campus_34,loss4,Top 5,Precision,0.17643,0.17061,-0.005819999999999992,-3.2987587145043316
SimGCL,campus_34,loss4,Top 5,Recall,0.52852,0.5133,-0.015220000000000011,-2.87973965034436
SimGCL,campus_34,loss4,Top 5,NDCG,0.44138,0.42654,-0.01484000000000002,-3.3621822465902444
SimGCL,campus_34,loss4,Top 10,Hit Ratio,0.59233,0.57889,-0.013440000000000007,-2.26900545304138
SimGCL,campus_34,loss4,Top 10,Precision,0.10998,0.10749,-0.0024899999999999922,-2.264048008728853
SimGCL,campus_34,loss4,Top 10,Recall,0.6269,0.61228,-0.014619999999999966,-2.3321103844313233
SimGCL,campus_34,loss4,Top 10,NDCG,0.47817,0.46385,-0.01432,-2.9947508208377775
SimGCL,campus_34,loss4,Top 20,Hit Ratio,0.66526,0.65381,-0.01144999999999996,-1.7211315876499353
SimGCL,campus_34,loss4,Top 20,Precision,0.06176,0.0607,-0.0010600000000000054,-1.7163212435233246
SimGCL,campus_34,loss4,Top 20,Recall,0.68309,0.67372,-0.00936999999999999,-1.3717079740590536
SimGCL,campus_34,loss4,Top 20,NDCG,0.49598,0.4828,-0.01317999999999997,-2.6573652163393624
SimGCL,campus_34,loss5,Top 3,Hit Ratio,0.37631,0.37357,-0.0027399999999999647,-0.7281230900055712
SimGCL,campus_34,loss5,Top 3,Precision,0.2329,0.23121,-0.001689999999999997,-0.7256333190210378
SimGCL,campus_34,loss5,Top 3,Recall,0.43773,0.43465,-0.003080000000000027,-0.7036300916089889
SimGCL,campus_34,loss5,Top 3,NDCG,0.40482,0.40378,-0.001040000000000041,-0.2569043031470878
SimGCL,campus_34,loss5,Top 5,Hit Ratio,0.47511,0.47262,-0.0024899999999999922,-0.5240891583001815
SimGCL,campus_34,loss5,Top 5,Precision,0.17643,0.17551,-0.0009200000000000041,-0.5214532675848802
SimGCL,campus_34,loss5,Top 5,Recall,0.52852,0.52528,-0.0032400000000000206,-0.6130326193899986
SimGCL,campus_34,loss5,Top 5,NDCG,0.44138,0.44031,-0.0010700000000000154,-0.24242149621641565
SimGCL,campus_34,loss5,Top 10,Hit Ratio,0.59233,0.59905,0.006719999999999948,1.1345027265206806
SimGCL,campus_34,loss5,Top 10,Precision,0.10998,0.11123,0.0012500000000000011,1.1365702855064568
SimGCL,campus_34,loss5,Top 10,Recall,0.6269,0.63841,0.01151000000000002,1.8360185037486074
SimGCL,campus_34,loss5,Top 10,NDCG,0.47817,0.48189,0.003720000000000001,0.7779659953572999
SimGCL,campus_34,loss5,Top 20,Hit Ratio,0.66526,0.66874,0.0034800000000000386,0.5231037489102064
SimGCL,campus_34,loss5,Top 20,Precision,0.06176,0.06208,0.00032000000000000084,0.518134715025908
SimGCL,campus_34,loss5,Top 20,Recall,0.68309,0.6929,0.009809999999999985,1.4361211553382403
SimGCL,campus_34,loss5,Top 20,NDCG,0.49598,0.49889,0.0029100000000000237,0.5867172063389701
XSimGCL,campus_10,loss1,Top 3,Hit Ratio,0.22705,0.22362,-0.0034299999999999886,-1.5106804668575153
XSimGCL,campus_10,loss1,Top 3,Precision,0.28081,0.27656,-0.0042500000000000315,-1.5134788647128063
XSimGCL,campus_10,loss1,Top 3,Recall,0.30465,0.30071,-0.003939999999999999,-1.2932873789594614
XSimGCL,campus_10,loss1,Top 3,NDCG,0.36758,0.36207,-0.005510000000000015,-1.4989934163991552
XSimGCL,campus_10,loss1,Top 5,Hit Ratio,0.30997,0.3084,-0.0015700000000000158,-0.5065006290931431
XSimGCL,campus_10,loss1,Top 5,Precision,0.23002,0.22886,-0.0011599999999999944,-0.5043039735675134
XSimGCL,campus_10,loss1,Top 5,Recall,0.38702,0.38534,-0.0016799999999999593,-0.43408609374191504
XSimGCL,campus_10,loss1,Top 5,NDCG,0.38465,0.3813,-0.0033500000000000196,-0.8709216170544702
XSimGCL,campus_10,loss1,Top 10,Hit Ratio,0.4438,0.44111,-0.00268999999999997,-0.606128886885978
XSimGCL,campus_10,loss1,Top 10,Precision,0.16466,0.16367,-0.0009899999999999909,-0.6012389165553206
XSimGCL,campus_10,loss1,Top 10,Recall,0.49998,0.50163,0.0016500000000000403,0.33001320052802924
XSimGCL,campus_10,loss1,Top 10,NDCG,0.41763,0.4152,-0.0024299999999999877,-0.5818547518138035
XSimGCL,campus_10,loss1,Top 20,Hit Ratio,0.58083,0.57755,-0.0032799999999999496,-0.5647091231513438
XSimGCL,campus_10,loss1,Top 20,Precision,0.10775,0.10714,-0.0006099999999999994,-0.5661252900232013
XSimGCL,campus_10,loss1,Top 20,Recall,0.6051,0.6065,0.0014000000000000679,0.23136671624525992
XSimGCL,campus_10,loss1,Top 20,NDCG,0.45423,0.45175,-0.0024800000000000377,-0.5459789093631062
XSimGCL,campus_10,loss2,Top 3,Hit Ratio,0.22705,0.22824,0.0011899999999999966,0.52411363135873
XSimGCL,campus_10,loss2,Top 3,Precision,0.28081,0.28229,0.0014799999999999813,0.527046757594096
XSimGCL,campus_10,loss2,Top 3,Recall,0.30465,0.30404,-0.0006099999999999994,-0.2002297718693581
XSimGCL,campus_10,loss2,Top 3,NDCG,0.36758,0.36899,0.0014099999999999668,0.38358996680993707
XSimGCL,campus_10,loss2,Top 5,Hit Ratio,0.30997,0.31311,0.003139999999999976,1.0130012581862684
XSimGCL,campus_10,loss2,Top 5,Precision,0.23002,0.23235,0.0023299999999999987,1.012955395183027
XSimGCL,campus_10,loss2,Top 5,Recall,0.38702,0.39037,0.0033500000000000196,0.8655883416877732
XSimGCL,campus_10,loss2,Top 5,NDCG,0.38465,0.38766,0.0030100000000000127,0.7825295723384927
XSimGCL,campus_10,loss2,Top 10,Hit Ratio,0.4438,0.44425,0.00045000000000000595,0.10139702568724784
XSimGCL,campus_10,loss2,Top 10,Precision,0.16466,0.16483,0.00017000000000000348,0.10324304627717933
XSimGCL,campus_10,loss2,Top 10,Recall,0.49998,0.50001,2.999999999997449e-05,0.0060002400095952825
XSimGCL,campus_10,loss2,Top 10,NDCG,0.41763,0.41857,0.0009399999999999964,0.22507961592797368
XSimGCL,campus_10,loss2,Top 20,Hit Ratio,0.58083,0.57941,-0.0014199999999999768,-0.24447773014478882
XSimGCL,campus_10,loss2,Top 20,Precision,0.10775,0.10749,-0.00025999999999999635,-0.24129930394431215
XSimGCL,campus_10,loss2,Top 20,Recall,0.6051,0.60206,-0.0030399999999999316,-0.5023962981325288
XSimGCL,campus_10,loss2,Top 20,NDCG,0.45423,0.45404,-0.00019000000000002348,-0.041829029346371546
XSimGCL,campus_10,loss3,Top 3,Hit Ratio,0.22705,0.23018,0.003129999999999994,1.3785509799603584
XSimGCL,campus_10,loss3,Top 3,Precision,0.28081,0.28469,0.0038799999999999946,1.3817171753142674
XSimGCL,campus_10,loss3,Top 3,Recall,0.30465,0.30804,0.003390000000000004,1.112752338749386
XSimGCL,campus_10,loss3,Top 3,NDCG,0.36758,0.37313,0.005549999999999999,1.509875401273192
XSimGCL,campus_10,loss3,Top 5,Hit Ratio,0.30997,0.31072,0.0007499999999999729,0.2419588992483056
XSimGCL,campus_10,loss3,Top 5,Precision,0.23002,0.23057,0.0005499999999999949,0.23910964263976825
XSimGCL,campus_10,loss3,Top 5,Recall,0.38702,0.38728,0.000260000000000038,0.06717999069816495
XSimGCL,campus_10,loss3,Top 5,NDCG,0.38465,0.38769,0.003039999999999987,0.7903288704016606
XSimGCL,campus_10,loss3,Top 10,Hit Ratio,0.4438,0.44387,7.00000000000145e-05,0.015772870662463835
XSimGCL,campus_10,loss3,Top 10,Precision,0.16466,0.16469,3.0000000000002247e-05,0.01821936110773852
XSimGCL,campus_10,loss3,Top 10,Recall,0.49998,0.50162,0.0016399999999999748,0.32801312052481596
XSimGCL,campus_10,loss3,Top 10,NDCG,0.41763,0.42077,0.003139999999999976,0.7518616957593985
XSimGCL,campus_10,loss3,Top 20,Hit Ratio,0.58083,0.58083,0.0,0.0
XSimGCL,campus_10,loss3,Top 20,Precision,0.10775,0.10775,0.0,0.0
XSimGCL,campus_10,loss3,Top 20,Recall,0.6051,0.60464,-0.00046000000000001595,-0.07602049248058437
XSimGCL,campus_10,loss3,Top 20,NDCG,0.45423,0.45677,0.0025399999999999867,0.5591880765251055
XSimGCL,campus_10,loss4,Top 3,Hit Ratio,0.22705,0.21914,-0.00791,-3.4838141378550977
XSimGCL,campus_10,loss4,Top 3,Precision,0.28081,0.27102,-0.009790000000000021,-3.4863430789501875
XSimGCL,campus_10,loss4,Top 3,Recall,0.30465,0.29642,-0.00822999999999996,-2.7014606925980504
XSimGCL,campus_10,loss4,Top 3,NDCG,0.36758,0.35473,-0.012850000000000028,-3.4958376407856866
XSimGCL,campus_10,loss4,Top 5,Hit Ratio,0.30997,0.30049,-0.009480000000000044,-3.0583604864987075
XSimGCL,campus_10,loss4,Top 5,Precision,0.23002,0.22299,-0.0070300000000000085,-3.0562559777410696
XSimGCL,campus_10,loss4,Top 5,Recall,0.38702,0.37897,-0.008050000000000002,-2.0799958658467266
XSimGCL,campus_10,loss4,Top 5,NDCG,0.38465,0.37318,-0.01146999999999998,-2.9819316261536413
XSimGCL,campus_10,loss4,Top 10,Hit Ratio,0.4438,0.43327,-0.010529999999999984,-2.372690401081565
XSimGCL,campus_10,loss4,Top 10,Precision,0.16466,0.16076,-0.0039000000000000146,-2.3685169440058393
XSimGCL,campus_10,loss4,Top 10,Recall,0.49998,0.49079,-0.009189999999999976,-1.8380735229409129
XSimGCL,campus_10,loss4,Top 10,NDCG,0.41763,0.40697,-0.010660000000000003,-2.552498623183201
XSimGCL,campus_10,loss4,Top 20,Hit Ratio,0.58083,0.57091,-0.009919999999999929,-1.7079007627016392
XSimGCL,campus_10,loss4,Top 20,Precision,0.10775,0.10591,-0.0018399999999999944,-1.7076566125289971
XSimGCL,campus_10,loss4,Top 20,Recall,0.6051,0.59791,-0.007189999999999919,-1.188233349859514
XSimGCL,campus_10,loss4,Top 20,NDCG,0.45423,0.44443,-0.009800000000000031,-2.1574973031283777
XSimGCL,campus_10,loss5,Top 3,Hit Ratio,0.22705,0.23003,0.0029800000000000104,1.312486236511786
XSimGCL,campus_10,loss5,Top 3,Precision,0.28081,0.2845,0.003689999999999971,1.314055767244746
XSimGCL,campus_10,loss5,Top 3,Recall,0.30465,0.30805,0.003400000000000014,1.116034794025936
XSimGCL,campus_10,loss5,Top 3,NDCG,0.36758,0.37276,0.005179999999999962,1.4092170411883025
XSimGCL,campus_10,loss5,Top 5,Hit Ratio,0.30997,0.30997,0.0,0.0
XSimGCL,campus_10,loss5,Top 5,Precision,0.23002,0.23002,0.0,0.0
XSimGCL,campus_10,loss5,Top 5,Recall,0.38702,0.38613,-0.0008900000000000019,-0.22996227585137768
XSimGCL,campus_10,loss5,Top 5,NDCG,0.38465,0.38705,0.0024000000000000132,0.6239438450539486
XSimGCL,campus_10,loss5,Top 10,Hit Ratio,0.4438,0.44439,0.0005900000000000349,0.13294276701217553
XSimGCL,campus_10,loss5,Top 10,Precision,0.16466,0.16489,0.00023000000000000798,0.13968176849265637
XSimGCL,campus_10,loss5,Top 10,Recall,0.49998,0.49913,-0.0008499999999999619,-0.17000680027200327
XSimGCL,campus_10,loss5,Top 10,NDCG,0.41763,0.41973,0.0020999999999999908,0.5028374398390898
XSimGCL,campus_10,loss5,Top 20,Hit Ratio,0.58083,0.57867,-0.0021599999999999397,-0.3718816176850266
XSimGCL,campus_10,loss5,Top 20,Precision,0.10775,0.10735,-0.0003999999999999976,-0.37122969837586783
XSimGCL,campus_10,loss5,Top 20,Recall,0.6051,0.60044,-0.0046599999999999975,-0.7701206412163275
XSimGCL,campus_10,loss5,Top 20,NDCG,0.45423,0.455,0.0007699999999999929,0.16951764524579901
XSimGCL,campus_102,loss1,Top 3,Hit Ratio,0.22352,0.21472,-0.008800000000000002,-3.9370078740157495
XSimGCL,campus_102,loss1,Top 3,Precision,0.24579,0.23611,-0.009680000000000022,-3.938321331217715
XSimGCL,campus_102,loss1,Top 3,Recall,0.29161,0.28363,-0.007979999999999987,-2.736531669009975
XSimGCL,campus_102,loss1,Top 3,NDCG,0.33319,0.32076,-0.012429999999999997,-3.7306041597887085
XSimGCL,campus_102,loss1,Top 5,Hit Ratio,0.30543,0.295,-0.010429999999999995,-3.4148577415447057
XSimGCL,campus_102,loss1,Top 5,Precision,0.20152,0.19463,-0.006890000000000007,-3.419015482334263
XSimGCL,campus_102,loss1,Top 5,Recall,0.37734,0.3689,-0.008440000000000003,-2.2367095987703407
XSimGCL,campus_102,loss1,Top 5,NDCG,0.35384,0.34252,-0.011319999999999997,-3.1991860728012655
XSimGCL,campus_102,loss1,Top 10,Hit Ratio,0.43288,0.42216,-0.010720000000000007,-2.476436887821107
XSimGCL,campus_102,loss1,Top 10,Precision,0.1428,0.13927,-0.0035300000000000054,-2.471988795518211
XSimGCL,campus_102,loss1,Top 10,Recall,0.49531,0.48452,-0.010789999999999966,-2.1784337081827476
XSimGCL,campus_102,loss1,Top 10,NDCG,0.39389,0.38319,-0.010700000000000043,-2.7164944527660113
XSimGCL,campus_102,loss1,Top 20,Hit Ratio,0.5587,0.55315,-0.005549999999999944,-0.9933774834436986
XSimGCL,campus_102,loss1,Top 20,Precision,0.09216,0.09124,-0.0009200000000000041,-0.9982638888888933
XSimGCL,campus_102,loss1,Top 20,Recall,0.59042,0.59547,0.00505000000000011,0.8553233291555351
XSimGCL,campus_102,loss1,Top 20,NDCG,0.42943,0.4232,-0.006229999999999958,-1.450760310178599
XSimGCL,campus_102,loss2,Top 3,Hit Ratio,0.22352,0.22352,0.0,0.0
XSimGCL,campus_102,loss2,Top 3,Precision,0.24579,0.24579,0.0,0.0
XSimGCL,campus_102,loss2,Top 3,Recall,0.29161,0.29002,-0.0015899999999999803,-0.545248791193711
XSimGCL,campus_102,loss2,Top 3,NDCG,0.33319,0.3331,-8.999999999997899e-05,-0.027011614994441303
XSimGCL,campus_102,loss2,Top 5,Hit Ratio,0.30543,0.30275,-0.00267999999999996,-0.8774514618734113
XSimGCL,campus_102,loss2,Top 5,Precision,0.20152,0.19975,-0.0017699999999999938,-0.8783247320365194
XSimGCL,campus_102,loss2,Top 5,Recall,0.37734,0.37486,-0.0024799999999999822,-0.6572322043780098
XSimGCL,campus_102,loss2,Top 5,NDCG,0.35384,0.35264,-0.0011999999999999789,-0.339136332805782
XSimGCL,campus_102,loss2,Top 10,Hit Ratio,0.43288,0.43326,0.00037999999999999146,0.08778414341156705
XSimGCL,campus_102,loss2,Top 10,Precision,0.1428,0.14293,0.00012999999999999123,0.09103641456582018
XSimGCL,campus_102,loss2,Top 10,Recall,0.49531,0.49426,-0.0010499999999999954,-0.21198845167672678
XSimGCL,campus_102,loss2,Top 10,NDCG,0.39389,0.39407,0.00017999999999995797,0.045698037523155696
XSimGCL,campus_102,loss2,Top 20,Hit Ratio,0.5587,0.56224,0.0035399999999999876,0.6336137461965254
XSimGCL,campus_102,loss2,Top 20,Precision,0.09216,0.09274,0.0005799999999999972,0.6293402777777747
XSimGCL,campus_102,loss2,Top 20,Recall,0.59042,0.60117,0.010750000000000037,1.8207377798855118
XSimGCL,campus_102,loss2,Top 20,NDCG,0.42943,0.43275,0.003320000000000045,0.7731178538993655
XSimGCL,campus_102,loss3,Top 3,Hit Ratio,0.22352,0.22476,0.0012399999999999911,0.5547602004294878
XSimGCL,campus_102,loss3,Top 3,Precision,0.24579,0.24716,0.0013699999999999823,0.557386386752912
XSimGCL,campus_102,loss3,Top 3,Recall,0.29161,0.29288,0.0012699999999999934,0.4355131854188792
XSimGCL,campus_102,loss3,Top 3,NDCG,0.33319,0.33433,0.0011400000000000299,0.34214712326301205
XSimGCL,campus_102,loss3,Top 5,Hit Ratio,0.30543,0.30447,-0.0009599999999999609,-0.3143109714173333
XSimGCL,campus_102,loss3,Top 5,Precision,0.20152,0.20088,-0.0006400000000000017,-0.31758634378721795
XSimGCL,campus_102,loss3,Top 5,Recall,0.37734,0.37717,-0.00017000000000000348,-0.04505220755817127
XSimGCL,campus_102,loss3,Top 5,NDCG,0.35384,0.35352,-0.00031999999999998696,-0.09043635541487309
XSimGCL,campus_102,loss3,Top 10,Hit Ratio,0.43288,0.43221,-0.0006700000000000039,-0.15477730548882
XSimGCL,campus_102,loss3,Top 10,Precision,0.1428,0.14258,-0.00021999999999999797,-0.1540616246498585
XSimGCL,campus_102,loss3,Top 10,Recall,0.49531,0.49411,-0.0011999999999999789,-0.24227251620197024
XSimGCL,campus_102,loss3,Top 10,NDCG,0.39389,0.39354,-0.00035000000000001696,-0.0888572951839389
XSimGCL,campus_102,loss3,Top 20,Hit Ratio,0.5587,0.56234,0.0036399999999999766,0.6515124395919056
XSimGCL,campus_102,loss3,Top 20,Precision,0.09216,0.09276,0.0005999999999999894,0.6510416666666552
XSimGCL,campus_102,loss3,Top 20,Recall,0.59042,0.60089,0.01047000000000009,1.7733139121303632
XSimGCL,campus_102,loss3,Top 20,NDCG,0.42943,0.43238,0.002950000000000008,0.6869571292178023
XSimGCL,campus_102,loss4,Top 3,Hit Ratio,0.22352,0.21596,-0.007559999999999983,-3.3822476735862486
XSimGCL,campus_102,loss4,Top 3,Precision,0.24579,0.23748,-0.008310000000000012,-3.3809349444647916
XSimGCL,campus_102,loss4,Top 3,Recall,0.29161,0.28386,-0.007749999999999979,-2.6576592023593086
XSimGCL,campus_102,loss4,Top 3,NDCG,0.33319,0.32158,-0.01161000000000001,-3.484498334283745
XSimGCL,campus_102,loss4,Top 5,Hit Ratio,0.30543,0.29519,-0.010239999999999971,-3.3526503617850154
XSimGCL,campus_102,loss4,Top 5,Precision,0.20152,0.19476,-0.006760000000000016,-3.354505756252489
XSimGCL,campus_102,loss4,Top 5,Recall,0.37734,0.37011,-0.007230000000000014,-1.9160438861504252
XSimGCL,campus_102,loss4,Top 5,NDCG,0.35384,0.3431,-0.010739999999999972,-3.035270178611794
XSimGCL,campus_102,loss4,Top 10,Hit Ratio,0.43288,0.42063,-0.012249999999999983,-2.8298835705045238
XSimGCL,campus_102,loss4,Top 10,Precision,0.1428,0.13876,-0.004040000000000016,-2.8291316526610752
XSimGCL,campus_102,loss4,Top 10,Recall,0.49531,0.48684,-0.008469999999999978,-1.7100401768589326
XSimGCL,campus_102,loss4,Top 10,NDCG,0.39389,0.38354,-0.010350000000000026,-2.6276371575820723
XSimGCL,campus_102,loss4,Top 20,Hit Ratio,0.5587,0.55124,-0.007460000000000022,-1.3352425272955115
XSimGCL,campus_102,loss4,Top 20,Precision,0.09216,0.09092,-0.001240000000000005,-1.3454861111111165
XSimGCL,campus_102,loss4,Top 20,Recall,0.59042,0.59308,0.0026600000000001067,0.45052674367401285
XSimGCL,campus_102,loss4,Top 20,NDCG,0.42943,0.4224,-0.007029999999999981,-1.6370537689495333
XSimGCL,campus_102,loss5,Top 3,Hit Ratio,0.22352,0.22543,0.001909999999999995,0.8545096635647795
XSimGCL,campus_102,loss5,Top 3,Precision,0.24579,0.2479,0.0021100000000000008,0.8584564058749342
XSimGCL,campus_102,loss5,Top 3,Recall,0.29161,0.29548,0.00387000000000004,1.3271149823394397
XSimGCL,campus_102,loss5,Top 3,NDCG,0.33319,0.3361,0.0029100000000000237,0.8733755514871466
XSimGCL,campus_102,loss5,Top 5,Hit Ratio,0.30543,0.30409,-0.0013399999999999523,-0.43872573093669665
XSimGCL,campus_102,loss5,Top 5,Precision,0.20152,0.20063,-0.0008900000000000019,-0.4416435093290998
XSimGCL,campus_102,loss5,Top 5,Recall,0.37734,0.37771,0.00036999999999998145,0.09805480468542467
XSimGCL,campus_102,loss5,Top 5,NDCG,0.35384,0.35415,0.00031000000000003247,0.08761021930817106
XSimGCL,campus_102,loss5,Top 10,Hit Ratio,0.43288,0.43211,-0.0007699999999999929,-0.17787839586028295
XSimGCL,campus_102,loss5,Top 10,Precision,0.1428,0.14255,-0.0002500000000000002,-0.1750700280112046
XSimGCL,campus_102,loss5,Top 10,Recall,0.49531,0.49282,-0.0024899999999999922,-0.5027154711190955
XSimGCL,campus_102,loss5,Top 10,NDCG,0.39389,0.39376,-0.000130000000000019,-0.03300413821118053
XSimGCL,campus_102,loss5,Top 20,Hit Ratio,0.5587,0.55669,-0.0020099999999999563,-0.35976373724717314
XSimGCL,campus_102,loss5,Top 20,Precision,0.09216,0.09182,-0.00034000000000000696,-0.36892361111111865
XSimGCL,campus_102,loss5,Top 20,Recall,0.59042,0.59108,0.000660000000000105,0.11178483113717438
XSimGCL,campus_102,loss5,Top 20,NDCG,0.42943,0.42996,0.0005300000000000304,0.1234194164357475
XSimGCL,campus_143,loss1,Top 3,Hit Ratio,0.496,0.49005,-0.005950000000000011,-1.1995967741935505
XSimGCL,campus_143,loss1,Top 3,Precision,0.28294,0.27955,-0.003390000000000004,-1.1981338799745544
XSimGCL,campus_143,loss1,Top 3,Recall,0.5591,0.55303,-0.00607000000000002,-1.0856734036844964
XSimGCL,campus_143,loss1,Top 3,NDCG,0.52406,0.51382,-0.010239999999999916,-1.9539747357172683
XSimGCL,campus_143,loss1,Top 5,Hit Ratio,0.60062,0.59545,-0.005170000000000008,-0.8607771968965415
XSimGCL,campus_143,loss1,Top 5,Precision,0.20557,0.2038,-0.0017699999999999938,-0.8610205769324287
XSimGCL,campus_143,loss1,Top 5,Recall,0.64789,0.64534,-0.002549999999999941,-0.3935853308431897
XSimGCL,campus_143,loss1,Top 5,NDCG,0.55928,0.55064,-0.008639999999999981,-1.5448433700472002
XSimGCL,campus_143,loss1,Top 10,Hit Ratio,0.70369,0.71403,0.010340000000000016,1.4693970356264856
XSimGCL,campus_143,loss1,Top 10,Precision,0.12042,0.12219,0.0017699999999999938,1.46985550572994
XSimGCL,campus_143,loss1,Top 10,Recall,0.7273,0.74078,0.013480000000000047,1.8534304963563932
XSimGCL,campus_143,loss1,Top 10,NDCG,0.58972,0.58668,-0.0030400000000000427,-0.5154988808248054
XSimGCL,campus_143,loss1,Top 20,Hit Ratio,0.77344,0.77758,0.0041400000000000325,0.535270997103852
XSimGCL,campus_143,loss1,Top 20,Precision,0.06618,0.06653,0.0003500000000000031,0.528860682985801
XSimGCL,campus_143,loss1,Top 20,Recall,0.78279,0.79045,0.00766,0.9785510801108855
XSimGCL,campus_143,loss1,Top 20,NDCG,0.60637,0.60202,-0.004349999999999965,-0.7173837755825594
XSimGCL,campus_143,loss2,Top 3,Hit Ratio,0.496,0.49315,-0.002850000000000019,-0.5745967741935523
XSimGCL,campus_143,loss2,Top 3,Precision,0.28294,0.28131,-0.0016300000000000203,-0.5760938714921963
XSimGCL,campus_143,loss2,Top 3,Recall,0.5591,0.55798,-0.0011200000000000099,-0.2003219459846199
XSimGCL,campus_143,loss2,Top 3,NDCG,0.52406,0.51691,-0.00714999999999999,-1.3643475937869691
XSimGCL,campus_143,loss2,Top 5,Hit Ratio,0.60062,0.59649,-0.004130000000000078,-0.6876227897839029
XSimGCL,campus_143,loss2,Top 5,Precision,0.20557,0.20416,-0.0014099999999999946,-0.6858977477258329
XSimGCL,campus_143,loss2,Top 5,Recall,0.64789,0.64714,-0.0007499999999999174,-0.11576039142445747
XSimGCL,campus_143,loss2,Top 5,NDCG,0.55928,0.55258,-0.006700000000000039,-1.1979688170505005
XSimGCL,campus_143,loss2,Top 10,Hit Ratio,0.70369,0.70266,-0.0010300000000000864,-0.14637127144056136
XSimGCL,campus_143,loss2,Top 10,Precision,0.12042,0.12025,-0.00017000000000000348,-0.14117256269722928
XSimGCL,campus_143,loss2,Top 10,Recall,0.7273,0.72687,-0.00042999999999993044,-0.05912278289563186
XSimGCL,campus_143,loss2,Top 10,NDCG,0.58972,0.58354,-0.006180000000000074,-1.0479549616767405
XSimGCL,campus_143,loss2,Top 20,Hit Ratio,0.77344,0.75975,-0.01368999999999998,-1.7700144807612717
XSimGCL,campus_143,loss2,Top 20,Precision,0.06618,0.06501,-0.0011700000000000044,-1.7679057116953827
XSimGCL,campus_143,loss2,Top 20,Recall,0.78279,0.76591,-0.016880000000000006,-2.1563893253618476
XSimGCL,campus_143,loss2,Top 20,NDCG,0.60637,0.59629,-0.010079999999999978,-1.6623513696258025
XSimGCL,campus_143,loss3,Top 3,Hit Ratio,0.496,0.49729,0.0012900000000000134,0.260080645161293
XSimGCL,campus_143,loss3,Top 3,Precision,0.28294,0.28367,0.0007299999999999529,0.25800523079096377
XSimGCL,campus_143,loss3,Top 3,Recall,0.5591,0.55978,0.0006800000000000139,0.12162403863352064
XSimGCL,campus_143,loss3,Top 3,NDCG,0.52406,0.52395,-0.00010999999999994348,-0.02098996298132723
XSimGCL,campus_143,loss3,Top 5,Hit Ratio,0.60062,0.59907,-0.0015500000000000513,-0.2580666644467469
XSimGCL,campus_143,loss3,Top 5,Precision,0.20557,0.20504,-0.0005300000000000027,-0.25781972077637916
XSimGCL,campus_143,loss3,Top 5,Recall,0.64789,0.64556,-0.0023299999999999432,-0.3596289493586787
XSimGCL,campus_143,loss3,Top 5,NDCG,0.55928,0.55798,-0.0012999999999999678,-0.23244171077098555
XSimGCL,campus_143,loss3,Top 10,Hit Ratio,0.70369,0.7055,0.0018099999999999783,0.2572155352498939
XSimGCL,campus_143,loss3,Top 10,Precision,0.12042,0.12073,0.0003100000000000047,0.25743232021259316
XSimGCL,campus_143,loss3,Top 10,Recall,0.7273,0.72852,0.0012199999999999989,0.16774370961088944
XSimGCL,campus_143,loss3,Top 10,NDCG,0.58972,0.58966,-6.0000000000060005e-05,-0.010174320016289087
XSimGCL,campus_143,loss3,Top 20,Hit Ratio,0.77344,0.78378,0.010340000000000016,1.336884567645844
XSimGCL,campus_143,loss3,Top 20,Precision,0.06618,0.06706,0.0008799999999999919,1.3297068600785613
XSimGCL,campus_143,loss3,Top 20,Recall,0.78279,0.79675,0.013959999999999972,1.7833646316381113
XSimGCL,campus_143,loss3,Top 20,NDCG,0.60637,0.61006,0.003690000000000082,0.6085393406666033
XSimGCL,campus_143,loss4,Top 3,Hit Ratio,0.496,0.47559,-0.020409999999999984,-4.114919354838706
XSimGCL,campus_143,loss4,Top 3,Precision,0.28294,0.27129,-0.01165000000000005,-4.117480737965663
XSimGCL,campus_143,loss4,Top 3,Recall,0.5591,0.54176,-0.017340000000000022,-3.1014129851547168
XSimGCL,campus_143,loss4,Top 3,NDCG,0.52406,0.49993,-0.024129999999999985,-4.604434606724419
XSimGCL,campus_143,loss4,Top 5,Hit Ratio,0.60062,0.57995,-0.020670000000000077,-3.4414438413639363
XSimGCL,campus_143,loss4,Top 5,Precision,0.20557,0.1985,-0.007069999999999993,-3.4392177846962073
XSimGCL,campus_143,loss4,Top 5,Recall,0.64789,0.63286,-0.015029999999999988,-2.319838244146381
XSimGCL,campus_143,loss4,Top 5,NDCG,0.55928,0.53717,-0.022109999999999963,-3.953297096266622
XSimGCL,campus_143,loss4,Top 10,Hit Ratio,0.70369,0.6993,-0.004390000000000005,-0.6238542540038945
XSimGCL,campus_143,loss4,Top 10,Precision,0.12042,0.11967,-0.0007500000000000007,-0.6228201295465875
XSimGCL,campus_143,loss4,Top 10,Recall,0.7273,0.7274,0.00010000000000010001,0.013749484394348963
XSimGCL,campus_143,loss4,Top 10,NDCG,0.58972,0.57344,-0.016280000000000072,-2.7606321644170237
XSimGCL,campus_143,loss4,Top 20,Hit Ratio,0.77344,0.77138,-0.0020600000000000618,-0.26634257343815443
XSimGCL,campus_143,loss4,Top 20,Precision,0.06618,0.066,-0.0001799999999999996,-0.27198549410698036
XSimGCL,campus_143,loss4,Top 20,Recall,0.78279,0.78168,-0.0011099999999999444,-0.14180048288812383
XSimGCL,campus_143,loss4,Top 20,NDCG,0.60637,0.59052,-0.01584999999999992,-2.613915596088184
XSimGCL,campus_143,loss5,Top 3,Hit Ratio,0.496,0.49703,0.0010300000000000309,0.2076612903225869
XSimGCL,campus_143,loss5,Top 3,Precision,0.28294,0.28352,0.0005799999999999694,0.20499045734076815
XSimGCL,campus_143,loss5,Top 3,Recall,0.5591,0.56096,0.0018599999999999728,0.3326775174387359
XSimGCL,campus_143,loss5,Top 3,NDCG,0.52406,0.52364,-0.00041999999999997595,-0.08014349501964965
XSimGCL,campus_143,loss5,Top 5,Hit Ratio,0.60062,0.60269,0.0020699999999999052,0.3446438680030477
XSimGCL,campus_143,loss5,Top 5,Precision,0.20557,0.20628,0.0007099999999999884,0.3453811353796704
XSimGCL,campus_143,loss5,Top 5,Recall,0.64789,0.65009,0.0021999999999999797,0.3395638148451095
XSimGCL,campus_143,loss5,Top 5,NDCG,0.55928,0.55943,0.00014999999999998348,0.026820197396649884
XSimGCL,campus_143,loss5,Top 10,Hit Ratio,0.70369,0.70576,0.0020700000000000163,0.29416362318634853
XSimGCL,campus_143,loss5,Top 10,Precision,0.12042,0.12078,0.0003599999999999992,0.2989536621823611
XSimGCL,campus_143,loss5,Top 10,Recall,0.7273,0.73187,0.004570000000000074,0.6283514368211295
XSimGCL,campus_143,loss5,Top 10,NDCG,0.58972,0.59059,0.0008699999999999264,0.14752764023603174
XSimGCL,campus_143,loss5,Top 20,Hit Ratio,0.77344,0.76724,-0.006199999999999983,-0.8016135705419921
XSimGCL,campus_143,loss5,Top 20,Precision,0.06618,0.06565,-0.0005300000000000027,-0.8008461770927813
XSimGCL,campus_143,loss5,Top 20,Recall,0.78279,0.776,-0.006789999999999963,-0.8674101610904537
XSimGCL,campus_143,loss5,Top 20,NDCG,0.60637,0.60473,-0.0016399999999999748,-0.27046192918514683
XSimGCL,campus_15,loss1,Top 3,Hit Ratio,0.14581,0.15061,0.004799999999999999,3.2919552842740543
XSimGCL,campus_15,loss1,Top 3,Precision,0.2355,0.24325,0.007750000000000007,3.290870488322721
XSimGCL,campus_15,loss1,Top 3,Recall,0.27525,0.24429,-0.030959999999999988,-11.24795640326975
XSimGCL,campus_15,loss1,Top 3,NDCG,0.32515,0.32258,-0.0025700000000000167,-0.7904044287252089
XSimGCL,campus_15,loss1,Top 5,Hit Ratio,0.21233,0.21679,0.0044600000000000195,2.10050393255782
XSimGCL,campus_15,loss1,Top 5,Precision,0.20576,0.21009,0.0043300000000000005,2.104393468118196
XSimGCL,campus_15,loss1,Top 5,Recall,0.3535,0.31515,-0.038349999999999995,-10.848656294200849
XSimGCL,campus_15,loss1,Top 5,NDCG,0.35259,0.34008,-0.012510000000000021,-3.5480302901386938
XSimGCL,campus_15,loss1,Top 10,Hit Ratio,0.3397,0.34695,0.007249999999999979,2.1342360906682303
XSimGCL,campus_15,loss1,Top 10,Precision,0.16459,0.16811,0.003520000000000023,2.138647548453748
XSimGCL,campus_15,loss1,Top 10,Recall,0.46093,0.42274,-0.03819,-8.285422949254768
XSimGCL,campus_15,loss1,Top 10,NDCG,0.38415,0.3638,-0.02034999999999998,-5.297409865937779
XSimGCL,campus_15,loss1,Top 20,Hit Ratio,0.50211,0.51313,0.01102000000000003,2.194738204775852
XSimGCL,campus_15,loss1,Top 20,Precision,0.12164,0.12431,0.0026700000000000057,2.195001644195993
XSimGCL,campus_15,loss1,Top 20,Recall,0.5617,0.54141,-0.02029000000000003,-3.612248531244442
XSimGCL,campus_15,loss1,Top 20,NDCG,0.41751,0.39909,-0.018419999999999992,-4.411870374362289
XSimGCL,campus_15,loss2,Top 3,Hit Ratio,0.14581,0.15491,0.009099999999999997,6.240998559769561
XSimGCL,campus_15,loss2,Top 3,Precision,0.2355,0.2502,0.01469999999999999,6.242038216560506
XSimGCL,campus_15,loss2,Top 3,Recall,0.27525,0.24646,-0.028789999999999982,-10.45958219800181
XSimGCL,campus_15,loss2,Top 3,NDCG,0.32515,0.33134,0.006190000000000029,1.9037367368906748
XSimGCL,campus_15,loss2,Top 5,Hit Ratio,0.21233,0.22323,0.01090000000000002,5.133518579569548
XSimGCL,campus_15,loss2,Top 5,Precision,0.20576,0.21632,0.010560000000000014,5.132192846034221
XSimGCL,campus_15,loss2,Top 5,Recall,0.3535,0.31887,-0.034629999999999994,-9.796322489391795
XSimGCL,campus_15,loss2,Top 5,NDCG,0.35259,0.34844,-0.004149999999999987,-1.1770044527638297
XSimGCL,campus_15,loss2,Top 10,Hit Ratio,0.3397,0.3538,0.014100000000000001,4.15072122460995
XSimGCL,campus_15,loss2,Top 10,Precision,0.16459,0.17143,0.006840000000000013,4.155781031654422
XSimGCL,campus_15,loss2,Top 10,Recall,0.46093,0.42711,-0.03382000000000002,-7.337339726205718
XSimGCL,campus_15,loss2,Top 10,NDCG,0.38415,0.37046,-0.01368999999999998,-3.5637120916308684
XSimGCL,campus_15,loss2,Top 20,Hit Ratio,0.50211,0.51772,0.015610000000000013,3.10888052418793
XSimGCL,campus_15,loss2,Top 20,Precision,0.12164,0.12543,0.0037900000000000156,3.1157513975666027
XSimGCL,campus_15,loss2,Top 20,Recall,0.5617,0.54543,-0.016270000000000007,-2.896564002136373
XSimGCL,campus_15,loss2,Top 20,NDCG,0.41751,0.40455,-0.012959999999999972,-3.104117266652289
XSimGCL,campus_15,loss3,Top 3,Hit Ratio,0.14581,0.15536,0.009550000000000003,6.549619367670258
XSimGCL,campus_15,loss3,Top 3,Precision,0.2355,0.25093,0.01543,6.552016985138004
XSimGCL,campus_15,loss3,Top 3,Recall,0.27525,0.24833,-0.02692,-9.780199818346958
XSimGCL,campus_15,loss3,Top 3,NDCG,0.32515,0.33162,0.006470000000000031,1.9898508380747444
XSimGCL,campus_15,loss3,Top 5,Hit Ratio,0.21233,0.22335,0.011020000000000002,5.190034380445534
XSimGCL,campus_15,loss3,Top 5,Precision,0.20576,0.21644,0.010679999999999995,5.190513219284601
XSimGCL,campus_15,loss3,Top 5,Recall,0.3535,0.31735,-0.03614999999999996,-10.226308345120215
XSimGCL,campus_15,loss3,Top 5,NDCG,0.35259,0.34779,-0.0048000000000000265,-1.3613545477750435
XSimGCL,campus_15,loss3,Top 10,Hit Ratio,0.3397,0.35593,0.016230000000000022,4.777745069178693
XSimGCL,campus_15,loss3,Top 10,Precision,0.16459,0.17246,0.007870000000000016,4.781578467707647
XSimGCL,campus_15,loss3,Top 10,Recall,0.46093,0.42729,-0.03364,-7.298288243334129
XSimGCL,campus_15,loss3,Top 10,NDCG,0.38415,0.37073,-0.013419999999999987,-3.493427046726536
XSimGCL,campus_15,loss3,Top 20,Hit Ratio,0.50211,0.52182,0.019710000000000005,3.925434665710702
XSimGCL,campus_15,loss3,Top 20,Precision,0.12164,0.12642,0.0047800000000000065,3.929628411706681
XSimGCL,campus_15,loss3,Top 20,Recall,0.5617,0.54694,-0.014759999999999995,-2.6277372262773717
XSimGCL,campus_15,loss3,Top 20,NDCG,0.41751,0.40544,-0.01206999999999997,-2.8909487197911354
XSimGCL,campus_15,loss4,Top 3,Hit Ratio,0.14581,0.13204,-0.013770000000000004,-9.443796721761199
XSimGCL,campus_15,loss4,Top 3,Precision,0.2355,0.21326,-0.022239999999999982,-9.443736730360927
XSimGCL,campus_15,loss4,Top 3,Recall,0.27525,0.26033,-0.014919999999999989,-5.420526793823792
XSimGCL,campus_15,loss4,Top 3,NDCG,0.32515,0.29974,-0.025409999999999988,-7.814854682454249
XSimGCL,campus_15,loss4,Top 5,Hit Ratio,0.21233,0.19434,-0.017989999999999978,-8.472660481326228
XSimGCL,campus_15,loss4,Top 5,Precision,0.20576,0.18832,-0.01744000000000001,-8.475894245723179
XSimGCL,campus_15,loss4,Top 5,Recall,0.3535,0.33947,-0.014029999999999987,-3.9688826025459654
XSimGCL,campus_15,loss4,Top 5,NDCG,0.35259,0.32909,-0.02350000000000002,-6.664964973481953
XSimGCL,campus_15,loss4,Top 10,Hit Ratio,0.3397,0.31601,-0.02368999999999999,-6.973800412128345
XSimGCL,campus_15,loss4,Top 10,Precision,0.16459,0.15312,-0.01146999999999998,-6.968831642262581
XSimGCL,campus_15,loss4,Top 10,Recall,0.46093,0.45072,-0.010209999999999997,-2.2150868895493883
XSimGCL,campus_15,loss4,Top 10,NDCG,0.38415,0.36488,-0.01927000000000001,-5.01626968632045
XSimGCL,campus_15,loss4,Top 20,Hit Ratio,0.50211,0.48084,-0.021269999999999956,-4.236123558582772
XSimGCL,campus_15,loss4,Top 20,Precision,0.12164,0.11649,-0.005150000000000002,-4.2338046695166085
XSimGCL,campus_15,loss4,Top 20,Recall,0.5617,0.55518,-0.00651999999999997,-1.1607619725832243
XSimGCL,campus_15,loss4,Top 20,NDCG,0.41751,0.4015,-0.01600999999999997,-3.834638691288824
XSimGCL,campus_15,loss5,Top 3,Hit Ratio,0.14581,0.15569,0.00988,6.775941293464097
XSimGCL,campus_15,loss5,Top 3,Precision,0.2355,0.25146,0.01596000000000003,6.777070063694281
XSimGCL,campus_15,loss5,Top 3,Recall,0.27525,0.24955,-0.0257,-9.336966394187103
XSimGCL,campus_15,loss5,Top 3,NDCG,0.32515,0.33332,0.00817000000000001,2.512686452406585
XSimGCL,campus_15,loss5,Top 5,Hit Ratio,0.21233,0.22319,0.010860000000000009,5.114679979277544
XSimGCL,campus_15,loss5,Top 5,Precision,0.20576,0.21628,0.010520000000000002,5.112752721617419
XSimGCL,campus_15,loss5,Top 5,Recall,0.3535,0.3182,-0.0353,-9.985855728429986
XSimGCL,campus_15,loss5,Top 5,NDCG,0.35259,0.34913,-0.0034600000000000186,-0.9813097365211773
XSimGCL,campus_15,loss5,Top 10,Hit Ratio,0.3397,0.35662,0.01691999999999999,4.980865469531937
XSimGCL,campus_15,loss5,Top 10,Precision,0.16459,0.1728,0.008210000000000023,4.9881523786378414
XSimGCL,campus_15,loss5,Top 10,Recall,0.46093,0.42874,-0.032189999999999996,-6.983706853535243
XSimGCL,campus_15,loss5,Top 10,NDCG,0.38415,0.37241,-0.011739999999999973,-3.056097878432897
XSimGCL,campus_15,loss5,Top 20,Hit Ratio,0.50211,0.52039,0.018280000000000074,3.6406365139113093
XSimGCL,campus_15,loss5,Top 20,Precision,0.12164,0.12607,0.0044299999999999895,3.6418941137783536
XSimGCL,campus_15,loss5,Top 20,Recall,0.5617,0.54614,-0.015560000000000018,-2.7701620081894283
XSimGCL,campus_15,loss5,Top 20,NDCG,0.41751,0.40606,-0.011450000000000016,-2.7424492826519162
XSimGCL,campus_34,loss1,Top 3,Hit Ratio,0.37506,0.36287,-0.012189999999999979,-3.250146643203748
XSimGCL,campus_34,loss1,Top 3,Precision,0.23213,0.22458,-0.007550000000000001,-3.2524878300952054
XSimGCL,campus_34,loss1,Top 3,Recall,0.43524,0.42357,-0.011670000000000014,-2.681279294182523
XSimGCL,campus_34,loss1,Top 3,NDCG,0.40479,0.3929,-0.011889999999999956,-2.937325526816363
XSimGCL,campus_34,loss1,Top 5,Hit Ratio,0.47486,0.46491,-0.009950000000000014,-2.0953544202501817
XSimGCL,campus_34,loss1,Top 5,Precision,0.17634,0.17264,-0.003700000000000009,-2.098219348984921
XSimGCL,campus_34,loss1,Top 5,Recall,0.52903,0.51794,-0.011090000000000044,-2.0962894353817445
XSimGCL,campus_34,loss1,Top 5,NDCG,0.44212,0.43147,-0.010649999999999993,-2.40884827648602
XSimGCL,campus_34,loss1,Top 10,Hit Ratio,0.59358,0.58636,-0.007220000000000004,-1.2163482597122552
XSimGCL,campus_34,loss1,Top 10,Precision,0.11021,0.10887,-0.0013400000000000079,-1.2158606297069303
XSimGCL,campus_34,loss1,Top 10,Recall,0.62949,0.62014,-0.00934999999999997,-1.4853293936361134
XSimGCL,campus_34,loss1,Top 10,NDCG,0.47961,0.47,-0.009610000000000007,-2.0037113488042384
XSimGCL,campus_34,loss1,Top 20,Hit Ratio,0.66999,0.66551,-0.0044799999999999285,-0.6686666965178478
XSimGCL,campus_34,loss1,Top 20,Precision,0.0622,0.06178,-0.00041999999999999676,-0.6752411575562649
XSimGCL,campus_34,loss1,Top 20,Recall,0.68789,0.68668,-0.0012100000000000444,-0.1759002166044054
XSimGCL,campus_34,loss1,Top 20,NDCG,0.4982,0.49042,-0.007779999999999954,-1.5616218386190193
XSimGCL,campus_34,loss2,Top 3,Hit Ratio,0.37506,0.37058,-0.004479999999999984,-1.1944755505785698
XSimGCL,campus_34,loss2,Top 3,Precision,0.23213,0.22936,-0.0027699999999999947,-1.193296859518371
XSimGCL,campus_34,loss2,Top 3,Recall,0.43524,0.43187,-0.0033700000000000396,-0.7742854517048157
XSimGCL,campus_34,loss2,Top 3,NDCG,0.40479,0.40209,-0.00269999999999998,-0.6670125250129648
XSimGCL,campus_34,loss2,Top 5,Hit Ratio,0.47486,0.47337,-0.0014899999999999913,-0.3137766920776632
XSimGCL,campus_34,loss2,Top 5,Precision,0.17634,0.17579,-0.0005499999999999949,-0.31189747079505215
XSimGCL,campus_34,loss2,Top 5,Recall,0.52903,0.52612,-0.002909999999999968,-0.5500633234410086
XSimGCL,campus_34,loss2,Top 5,NDCG,0.44212,0.44061,-0.0015100000000000113,-0.34153623450647136
XSimGCL,campus_34,loss2,Top 10,Hit Ratio,0.59358,0.59308,-0.0004999999999999449,-0.08423464402438507
XSimGCL,campus_34,loss2,Top 10,Precision,0.11021,0.11012,-9.000000000000674e-05,-0.08166228109972483
XSimGCL,campus_34,loss2,Top 10,Recall,0.62949,0.63337,0.0038799999999999946,0.6163719836693188
XSimGCL,campus_34,loss2,Top 10,NDCG,0.47961,0.47995,0.00034000000000000696,0.0708909322157601
XSimGCL,campus_34,loss2,Top 20,Hit Ratio,0.66999,0.66426,-0.005730000000000013,-0.8552366453230665
XSimGCL,campus_34,loss2,Top 20,Precision,0.0622,0.06167,-0.0005299999999999958,-0.852090032154334
XSimGCL,campus_34,loss2,Top 20,Recall,0.68789,0.68849,0.0006000000000000449,0.08722324790301428
XSimGCL,campus_34,loss2,Top 20,NDCG,0.4982,0.49747,-0.0007299999999999529,-0.14652749899637757
XSimGCL,campus_34,loss3,Top 3,Hit Ratio,0.37506,0.37432,-0.0007400000000000184,-0.1973017650509301
XSimGCL,campus_34,loss3,Top 3,Precision,0.23213,0.23167,-0.00046000000000001595,-0.198164821436271
XSimGCL,campus_34,loss3,Top 3,Recall,0.43524,0.43616,0.0009199999999999764,0.21137763073246402
XSimGCL,campus_34,loss3,Top 3,NDCG,0.40479,0.40504,0.000250000000000028,0.061760418982689295
XSimGCL,campus_34,loss3,Top 5,Hit Ratio,0.47486,0.47362,-0.0012400000000000189,-0.26112959609148356
XSimGCL,campus_34,loss3,Top 5,Precision,0.17634,0.17588,-0.0004599999999999882,-0.2608597028467666
XSimGCL,campus_34,loss3,Top 5,Recall,0.52903,0.52743,-0.0016000000000000458,-0.30244031529403737
XSimGCL,campus_34,loss3,Top 5,NDCG,0.44212,0.44175,-0.00037000000000003697,-0.08368768660093119
XSimGCL,campus_34,loss3,Top 10,Hit Ratio,0.59358,0.59084,-0.0027399999999999647,-0.4616058492536751
XSimGCL,campus_34,loss3,Top 10,Precision,0.11021,0.1097,-0.0005099999999999966,-0.4627529262317363
XSimGCL,campus_34,loss3,Top 10,Recall,0.62949,0.62537,-0.0041200000000000125,-0.6544980857519599
XSimGCL,campus_34,loss3,Top 10,NDCG,0.47961,0.47821,-0.0013999999999999568,-0.29190383853546775
XSimGCL,campus_34,loss3,Top 20,Hit Ratio,0.66999,0.67198,0.0019900000000000473,0.2970193584978951
XSimGCL,campus_34,loss3,Top 20,Precision,0.0622,0.06238,0.0001799999999999996,0.28938906752411514
XSimGCL,campus_34,loss3,Top 20,Recall,0.68789,0.69127,0.0033800000000000496,0.49135762985361753
XSimGCL,campus_34,loss3,Top 20,NDCG,0.4982,0.4984,0.00020000000000003348,0.04014452027298946
XSimGCL,campus_34,loss4,Top 3,Hit Ratio,0.37506,0.36237,-0.012689999999999979,-3.3834586466165355
XSimGCL,campus_34,loss4,Top 3,Precision,0.23213,0.22428,-0.007849999999999996,-3.3817257571188537
XSimGCL,campus_34,loss4,Top 3,Recall,0.43524,0.42563,-0.009610000000000007,-2.2079772079772098
XSimGCL,campus_34,loss4,Top 3,NDCG,0.40479,0.39038,-0.014409999999999978,-3.559870550161807
XSimGCL,campus_34,loss4,Top 5,Hit Ratio,0.47486,0.46541,-0.009450000000000014,-1.990060228277811
XSimGCL,campus_34,loss4,Top 5,Precision,0.17634,0.17283,-0.0035099999999999854,-1.9904729499829792
XSimGCL,campus_34,loss4,Top 5,Recall,0.52903,0.52102,-0.008009999999999962,-1.5140918284407239
XSimGCL,campus_34,loss4,Top 5,NDCG,0.44212,0.42941,-0.012709999999999999,-2.8747851262100785
XSimGCL,campus_34,loss4,Top 10,Hit Ratio,0.59358,0.58985,-0.003730000000000011,-0.6283904444219837
XSimGCL,campus_34,loss4,Top 10,Precision,0.11021,0.10952,-0.0006899999999999962,-0.6260774884311734
XSimGCL,campus_34,loss4,Top 10,Recall,0.62949,0.62636,-0.003129999999999966,-0.49722791466106947
XSimGCL,campus_34,loss4,Top 10,NDCG,0.47961,0.46898,-0.010629999999999973,-2.216384145451507
XSimGCL,campus_34,loss4,Top 20,Hit Ratio,0.66999,0.67048,0.0004899999999999904,0.07313541993163936
XSimGCL,campus_34,loss4,Top 20,Precision,0.0622,0.06225,5.000000000000143e-05,0.08038585209003446
XSimGCL,campus_34,loss4,Top 20,Recall,0.68789,0.69229,0.0043999999999999595,0.6396371512887176
XSimGCL,campus_34,loss4,Top 20,NDCG,0.4982,0.4898,-0.008399999999999963,-1.6860698514652674
XSimGCL,campus_34,loss5,Top 3,Hit Ratio,0.37506,0.37556,0.0005000000000000004,0.1333120034127874
XSimGCL,campus_34,loss5,Top 3,Precision,0.23213,0.23244,0.0003100000000000047,0.13354585792444093
XSimGCL,campus_34,loss5,Top 3,Recall,0.43524,0.43607,0.0008299999999999974,0.19069938424777075
XSimGCL,campus_34,loss5,Top 3,NDCG,0.40479,0.40591,0.0011200000000000099,0.2766866770424195
XSimGCL,campus_34,loss5,Top 5,Hit Ratio,0.47486,0.47362,-0.0012400000000000189,-0.26112959609148356
XSimGCL,campus_34,loss5,Top 5,Precision,0.17634,0.17588,-0.0004599999999999882,-0.2608597028467666
XSimGCL,campus_34,loss5,Top 5,Recall,0.52903,0.52746,-0.0015699999999999603,-0.2967695593822582
XSimGCL,campus_34,loss5,Top 5,NDCG,0.44212,0.44239,0.00026999999999999247,0.06106939292499603
XSimGCL,campus_34,loss5,Top 10,Hit Ratio,0.59358,0.59009,-0.003489999999999993,-0.5879578152902715
XSimGCL,campus_34,loss5,Top 10,Precision,0.11021,0.10957,-0.0006400000000000017,-0.5807095544868902
XSimGCL,campus_34,loss5,Top 10,Recall,0.62949,0.625,-0.004489999999999994,-0.713275826462691
XSimGCL,campus_34,loss5,Top 10,NDCG,0.47961,0.47885,-0.0007599999999999829,-0.1584620837763981
XSimGCL,campus_34,loss5,Top 20,Hit Ratio,0.66999,0.66501,-0.0049799999999999844,-0.7432946760399386
XSimGCL,campus_34,loss5,Top 20,Precision,0.0622,0.06174,-0.00045999999999999514,-0.739549839228288
XSimGCL,campus_34,loss5,Top 20,Recall,0.68789,0.68478,-0.003109999999999946,-0.452107168297249
XSimGCL,campus_34,loss5,Top 20,NDCG,0.4982,0.49757,-0.0006299999999999639,-0.12645523885988838
