Model,Campus,Loss,TopK,Metric,Baseline(loss0),Value,AbsDiff,RelDiff(%)
NCL,campus_10,loss1,Top 3,Hit Ratio,0.22011,0.21249,-0.007619999999999988,-3.4619054109308927
NCL,campus_10,loss1,Top 3,Precision,0.27222,0.26281,-0.00941000000000003,-3.4567629123503156
NCL,campus_10,loss1,Top 3,Recall,0.29642,0.28609,-0.010330000000000006,-3.484920045880847
NCL,campus_10,loss1,Top 3,NDCG,0.35521,0.34129,-0.013920000000000043,-3.9188085921004596
NCL,campus_10,loss1,Top 5,Hit Ratio,0.30631,0.29631,-0.010000000000000009,-3.2646665143155653
NCL,campus_10,loss1,Top 5,Precision,0.22731,0.21988,-0.00743000000000002,-3.2686639391139938
NCL,campus_10,loss1,Top 5,Recall,0.38584,0.37741,-0.008429999999999993,-2.1848434584283623
NCL,campus_10,loss1,Top 5,NDCG,0.37711,0.36446,-0.012649999999999995,-3.3544589111930194
NCL,campus_10,loss1,Top 10,Hit Ratio,0.44439,0.43783,-0.00656000000000001,-1.476180832151941
NCL,campus_10,loss1,Top 10,Precision,0.16489,0.16245,-0.0024399999999999977,-1.479774395051245
NCL,campus_10,loss1,Top 10,Recall,0.50779,0.50419,-0.0035999999999999366,-0.7089544890604259
NCL,campus_10,loss1,Top 10,NDCG,0.41423,0.4047,-0.009529999999999983,-2.300654225913136
NCL,campus_10,loss1,Top 20,Hit Ratio,0.59098,0.58546,-0.005519999999999969,-0.9340417611425039
NCL,campus_10,loss1,Top 20,Precision,0.10964,0.10861,-0.0010300000000000031,-0.9394381612550193
NCL,campus_10,loss1,Top 20,Recall,0.61893,0.61822,-0.0007099999999999884,-0.11471410337194649
NCL,campus_10,loss1,Top 20,NDCG,0.45381,0.44513,-0.008679999999999966,-1.9126947400894574
NCL,campus_10,loss2,Top 3,Hit Ratio,0.22011,0.21891,-0.0012000000000000066,-0.5451819544773098
NCL,campus_10,loss2,Top 3,Precision,0.27222,0.27075,-0.0014700000000000268,-0.5400044081992604
NCL,campus_10,loss2,Top 3,Recall,0.29642,0.2944,-0.0020200000000000218,-0.6814654881587011
NCL,campus_10,loss2,Top 3,NDCG,0.35521,0.35422,-0.0009900000000000464,-0.2787083696968121
NCL,campus_10,loss2,Top 5,Hit Ratio,0.30631,0.30236,-0.003950000000000009,-1.2895432731546501
NCL,campus_10,loss2,Top 5,Precision,0.22731,0.22437,-0.002939999999999998,-1.2933878843869597
NCL,campus_10,loss2,Top 5,Recall,0.38584,0.3808,-0.005039999999999989,-1.3062409288824355
NCL,campus_10,loss2,Top 5,NDCG,0.37711,0.37414,-0.002970000000000028,-0.7875686139322818
NCL,campus_10,loss2,Top 10,Hit Ratio,0.44439,0.44283,-0.0015600000000000058,-0.35104300276784034
NCL,campus_10,loss2,Top 10,Precision,0.16489,0.1643,-0.0005900000000000072,-0.3578143004427237
NCL,campus_10,loss2,Top 10,Recall,0.50779,0.50536,-0.002429999999999932,-0.4785442801157826
NCL,campus_10,loss2,Top 10,NDCG,0.41423,0.41282,-0.0014099999999999668,-0.3403906042536675
NCL,campus_10,loss2,Top 20,Hit Ratio,0.59098,0.58949,-0.0014899999999999913,-0.2521235913228859
NCL,campus_10,loss2,Top 20,Precision,0.10964,0.10936,-0.00028000000000000247,-0.2553812477198126
NCL,campus_10,loss2,Top 20,Recall,0.61893,0.61755,-0.0013799999999999368,-0.22296544035673452
NCL,campus_10,loss2,Top 20,NDCG,0.45381,0.45261,-0.0011999999999999789,-0.26442784425199506
NCL,campus_10,loss3,Top 3,Hit Ratio,0.22011,0.2213,0.0011899999999999966,0.5406387715233277
NCL,campus_10,loss3,Top 3,Precision,0.27222,0.2737,0.0014799999999999813,0.5436779075747489
NCL,campus_10,loss3,Top 3,Recall,0.29642,0.29861,0.0021899999999999697,0.7388165440928309
NCL,campus_10,loss3,Top 3,NDCG,0.35521,0.35894,0.0037299999999999556,1.050083049463685
NCL,campus_10,loss3,Top 5,Hit Ratio,0.30631,0.30624,-7.00000000000145e-05,-0.02285266560021367
NCL,campus_10,loss3,Top 5,Precision,0.22731,0.22725,-6.0000000000004494e-05,-0.026395671109939945
NCL,campus_10,loss3,Top 5,Recall,0.38584,0.38745,0.0016100000000000003,0.41727140783744565
NCL,campus_10,loss3,Top 5,NDCG,0.37711,0.37997,0.0028599999999999737,0.7583994060088498
NCL,campus_10,loss3,Top 10,Hit Ratio,0.44439,0.44731,0.002919999999999978,0.6570804923603092
NCL,campus_10,loss3,Top 10,Precision,0.16489,0.16597,0.0010799999999999976,0.6549821092849765
NCL,campus_10,loss3,Top 10,Recall,0.50779,0.51043,0.0026400000000000867,0.5198999586443386
NCL,campus_10,loss3,Top 10,NDCG,0.41423,0.41782,0.0035900000000000376,0.8666682760785163
NCL,campus_10,loss3,Top 20,Hit Ratio,0.59098,0.59397,0.002990000000000048,0.505939287285534
NCL,campus_10,loss3,Top 20,Precision,0.10964,0.11019,0.0005499999999999949,0.5016417365924799
NCL,campus_10,loss3,Top 20,Recall,0.61893,0.62228,0.003350000000000075,0.5412566849239938
NCL,campus_10,loss3,Top 20,NDCG,0.45381,0.45743,0.003620000000000012,0.7976906634935351
NCL,campus_10,loss4,Top 3,Hit Ratio,0.22011,0.20697,-0.013140000000000013,-5.969742401526515
NCL,campus_10,loss4,Top 3,Precision,0.27222,0.25598,-0.016240000000000032,-5.965762985820304
NCL,campus_10,loss4,Top 3,Recall,0.29642,0.28226,-0.014160000000000006,-4.777005600161934
NCL,campus_10,loss4,Top 3,NDCG,0.35521,0.335,-0.020210000000000006,-5.689592072295263
NCL,campus_10,loss4,Top 5,Hit Ratio,0.30631,0.28982,-0.016490000000000005,-5.383435082106364
NCL,campus_10,loss4,Top 5,Precision,0.22731,0.21507,-0.012240000000000001,-5.384716906427347
NCL,campus_10,loss4,Top 5,Recall,0.38584,0.36834,-0.017500000000000016,-4.535558780841804
NCL,campus_10,loss4,Top 5,NDCG,0.37711,0.35733,-0.01978000000000002,-5.245153933865455
NCL,campus_10,loss4,Top 10,Hit Ratio,0.44439,0.42969,-0.01469999999999999,-3.30790521838925
NCL,campus_10,loss4,Top 10,Precision,0.16489,0.15943,-0.00546000000000002,-3.3112984413851776
NCL,campus_10,loss4,Top 10,Recall,0.50779,0.49663,-0.011159999999999948,-2.1977589160873485
NCL,campus_10,loss4,Top 10,NDCG,0.41423,0.39808,-0.016149999999999998,-3.8988001834729493
NCL,campus_10,loss4,Top 20,Hit Ratio,0.59098,0.57844,-0.012539999999999996,-2.121899218247656
NCL,campus_10,loss4,Top 20,Precision,0.10964,0.10731,-0.0023299999999999987,-2.125136811382706
NCL,campus_10,loss4,Top 20,Recall,0.61893,0.6124,-0.006529999999999925,-1.0550466127025553
NCL,campus_10,loss4,Top 20,NDCG,0.45381,0.43917,-0.014639999999999986,-3.226019699874394
NCL,campus_10,loss5,Top 3,Hit Ratio,0.22011,0.21973,-0.00037999999999999146,-0.17264095225114326
NCL,campus_10,loss5,Top 3,Precision,0.27222,0.27176,-0.00046000000000001595,-0.16898097127324074
NCL,campus_10,loss5,Top 3,Recall,0.29642,0.29493,-0.0014899999999999913,-0.5026651373051721
NCL,campus_10,loss5,Top 3,NDCG,0.35521,0.35527,5.999999999994898e-05,0.016891416345246185
NCL,campus_10,loss5,Top 5,Hit Ratio,0.30631,0.30519,-0.0011200000000000099,-0.3656426496033462
NCL,campus_10,loss5,Top 5,Precision,0.22731,0.22647,-0.0008400000000000074,-0.3695393955391348
NCL,campus_10,loss5,Top 5,Recall,0.38584,0.38574,-9.999999999998899e-05,-0.025917478747664573
NCL,campus_10,loss5,Top 5,NDCG,0.37711,0.37718,7.00000000000145e-05,0.01856222322399684
NCL,campus_10,loss5,Top 10,Hit Ratio,0.44439,0.44544,0.0010499999999999954,0.23627894417065984
NCL,campus_10,loss5,Top 10,Precision,0.16489,0.16527,0.00037999999999999146,0.23045666808174628
NCL,campus_10,loss5,Top 10,Recall,0.50779,0.50742,-0.00036999999999998145,-0.07286476693120807
NCL,campus_10,loss5,Top 10,NDCG,0.41423,0.41477,0.0005400000000000404,0.13036235907588548
NCL,campus_10,loss5,Top 20,Hit Ratio,0.59098,0.593,0.0020200000000000218,0.34180513722968997
NCL,campus_10,loss5,Top 20,Precision,0.10964,0.11001,0.00036999999999999533,0.3374680773440308
NCL,campus_10,loss5,Top 20,Recall,0.61893,0.62193,0.0030000000000000027,0.484707479036402
NCL,campus_10,loss5,Top 20,NDCG,0.45381,0.45506,0.0012500000000000289,0.27544567109583945
NCL,campus_102,loss1,Top 3,Hit Ratio,0.21768,0.20505,-0.012630000000000002,-5.802094818081589
NCL,campus_102,loss1,Top 3,Precision,0.23937,0.22548,-0.013889999999999986,-5.802732171951367
NCL,campus_102,loss1,Top 3,Recall,0.28686,0.27196,-0.014900000000000024,-5.1941713727950996
NCL,campus_102,loss1,Top 3,NDCG,0.32458,0.30615,-0.018430000000000002,-5.678107092242284
NCL,campus_102,loss1,Top 5,Hit Ratio,0.30131,0.28638,-0.014929999999999999,-4.955029703627493
NCL,campus_102,loss1,Top 5,Precision,0.1988,0.18895,-0.009849999999999998,-4.954728370221327
NCL,campus_102,loss1,Top 5,Recall,0.37386,0.3591,-0.01476000000000005,-3.9480019258546113
NCL,campus_102,loss1,Top 5,NDCG,0.34752,0.33044,-0.017079999999999984,-4.914825046040511
NCL,campus_102,loss1,Top 10,Hit Ratio,0.43546,0.41805,-0.017410000000000037,-3.9980710053736357
NCL,campus_102,loss1,Top 10,Precision,0.14366,0.13791,-0.005750000000000005,-4.0025059167478805
NCL,campus_102,loss1,Top 10,Recall,0.49726,0.4846,-0.012660000000000005,-2.545951815951415
NCL,campus_102,loss1,Top 10,NDCG,0.39096,0.37522,-0.015739999999999976,-4.025987313280125
NCL,campus_102,loss1,Top 20,Hit Ratio,0.57506,0.56186,-0.01319999999999999,-2.2954126525927707
NCL,campus_102,loss1,Top 20,Precision,0.09485,0.09268,-0.0021700000000000053,-2.2878228782287877
NCL,campus_102,loss1,Top 20,Recall,0.61662,0.60421,-0.012409999999999921,-2.012584736142182
NCL,campus_102,loss1,Top 20,NDCG,0.43384,0.41872,-0.015120000000000022,-3.4851558178130237
NCL,campus_102,loss2,Top 3,Hit Ratio,0.21768,0.21778,9.999999999998899e-05,0.045938993017268
NCL,campus_102,loss2,Top 3,Precision,0.23937,0.23948,0.00010999999999999899,0.04595396248485566
NCL,campus_102,loss2,Top 3,Recall,0.28686,0.28487,-0.0019899999999999918,-0.6937181900578651
NCL,campus_102,loss2,Top 3,NDCG,0.32458,0.32562,0.001040000000000041,0.32041407357201335
NCL,campus_102,loss2,Top 5,Hit Ratio,0.30131,0.29777,-0.003540000000000043,-1.1748697354883817
NCL,campus_102,loss2,Top 5,Precision,0.1988,0.19646,-0.0023400000000000087,-1.177062374245477
NCL,campus_102,loss2,Top 5,Recall,0.37386,0.37132,-0.0025400000000000422,-0.6793987053977537
NCL,campus_102,loss2,Top 5,NDCG,0.34752,0.34658,-0.0009399999999999964,-0.270488029465929
NCL,campus_102,loss2,Top 10,Hit Ratio,0.43546,0.43144,-0.0040200000000000236,-0.9231617140495162
NCL,campus_102,loss2,Top 10,Precision,0.14366,0.14233,-0.0013299999999999979,-0.9257970207434204
NCL,campus_102,loss2,Top 10,Recall,0.49726,0.4965,-0.0007599999999999829,-0.15283754977275127
NCL,campus_102,loss2,Top 10,NDCG,0.39096,0.39041,-0.0005499999999999949,-0.14067935338653442
NCL,campus_102,loss2,Top 20,Hit Ratio,0.57506,0.57133,-0.003730000000000011,-0.648627969255384
NCL,campus_102,loss2,Top 20,Precision,0.09485,0.09424,-0.0006099999999999994,-0.6431207169214543
NCL,campus_102,loss2,Top 20,Recall,0.61662,0.61408,-0.0025399999999999867,-0.41192306444811827
NCL,campus_102,loss2,Top 20,NDCG,0.43384,0.43295,-0.0008900000000000019,-0.20514475382629585
NCL,campus_102,loss3,Top 3,Hit Ratio,0.21768,0.21759,-9.000000000000674e-05,-0.04134509371554885
NCL,campus_102,loss3,Top 3,Precision,0.23937,0.23927,-9.999999999998899e-05,-0.04177632953168275
NCL,campus_102,loss3,Top 3,Recall,0.28686,0.28462,-0.0022400000000000198,-0.7808687164470542
NCL,campus_102,loss3,Top 3,NDCG,0.32458,0.32328,-0.0012999999999999678,-0.40051759196499104
NCL,campus_102,loss3,Top 5,Hit Ratio,0.30131,0.30093,-0.00038000000000004697,-0.1261159603066765
NCL,campus_102,loss3,Top 5,Precision,0.1988,0.19855,-0.0002500000000000002,-0.12575452716297797
NCL,campus_102,loss3,Top 5,Recall,0.37386,0.37332,-0.0005400000000000404,-0.14443909484834974
NCL,campus_102,loss3,Top 5,NDCG,0.34752,0.34635,-0.0011700000000000044,-0.33667127071823333
NCL,campus_102,loss3,Top 10,Hit Ratio,0.43546,0.43422,-0.0012400000000000189,-0.2847563496073161
NCL,campus_102,loss3,Top 10,Precision,0.14366,0.14324,-0.0004200000000000037,-0.2923569539189779
NCL,campus_102,loss3,Top 10,Recall,0.49726,0.49538,-0.0018799999999999928,-0.37807183364839175
NCL,campus_102,loss3,Top 10,NDCG,0.39096,0.38931,-0.0016499999999999848,-0.42203806015960327
NCL,campus_102,loss3,Top 20,Hit Ratio,0.57506,0.57382,-0.0012400000000000189,-0.21562967342538497
NCL,campus_102,loss3,Top 20,Precision,0.09485,0.09465,-0.00020000000000000573,-0.2108592514496634
NCL,campus_102,loss3,Top 20,Recall,0.61662,0.61471,-0.0019099999999999673,-0.30975317051019546
NCL,campus_102,loss3,Top 20,NDCG,0.43384,0.43218,-0.0016599999999999948,-0.3826295408445498
NCL,campus_102,loss4,Top 3,Hit Ratio,0.21768,0.20524,-0.012440000000000007,-5.714810731348772
NCL,campus_102,loss4,Top 3,Precision,0.23937,0.22569,-0.013679999999999998,-5.715001879934828
NCL,campus_102,loss4,Top 3,Recall,0.28686,0.27316,-0.01369999999999999,-4.775848846127027
NCL,campus_102,loss4,Top 3,NDCG,0.32458,0.30646,-0.01811999999999997,-5.582599051081388
NCL,campus_102,loss4,Top 5,Hit Ratio,0.30131,0.28562,-0.015690000000000037,-5.207261624240827
NCL,campus_102,loss4,Top 5,Precision,0.1988,0.18845,-0.010349999999999998,-5.2062374245472824
NCL,campus_102,loss4,Top 5,Recall,0.37386,0.35611,-0.017750000000000044,-4.747766543625968
NCL,campus_102,loss4,Top 5,NDCG,0.34752,0.32888,-0.01863999999999999,-5.3637200736648225
NCL,campus_102,loss4,Top 10,Hit Ratio,0.43546,0.41986,-0.015600000000000003,-3.5824185918339233
NCL,campus_102,loss4,Top 10,Precision,0.14366,0.13851,-0.005150000000000016,-3.5848531254350653
NCL,campus_102,loss4,Top 10,Recall,0.49726,0.48734,-0.009919999999999984,-1.994932228612795
NCL,campus_102,loss4,Top 10,NDCG,0.39096,0.37563,-0.015329999999999955,-3.92111724984652
NCL,campus_102,loss4,Top 20,Hit Ratio,0.57506,0.55928,-0.015780000000000016,-2.7440614892359085
NCL,campus_102,loss4,Top 20,Precision,0.09485,0.09225,-0.002600000000000005,-2.7411702688455506
NCL,campus_102,loss4,Top 20,Recall,0.61662,0.60489,-0.011729999999999907,-1.9023061204631553
NCL,campus_102,loss4,Top 20,NDCG,0.43384,0.41812,-0.015720000000000012,-3.6234556518532206
NCL,campus_102,loss5,Top 3,Hit Ratio,0.21768,0.21338,-0.004300000000000026,-1.9753766997427535
NCL,campus_102,loss5,Top 3,Precision,0.23937,0.23464,-0.004730000000000012,-1.9760203868488164
NCL,campus_102,loss5,Top 3,Recall,0.28686,0.27987,-0.006989999999999996,-2.4367287178414543
NCL,campus_102,loss5,Top 3,NDCG,0.32458,0.31948,-0.005099999999999993,-1.5712613223242324
NCL,campus_102,loss5,Top 5,Hit Ratio,0.30131,0.29959,-0.0017199999999999993,-0.5708406624406754
NCL,campus_102,loss5,Top 5,Precision,0.1988,0.19766,-0.0011400000000000021,-0.57344064386318
NCL,campus_102,loss5,Top 5,Recall,0.37386,0.36907,-0.0047900000000000165,-1.2812282672658257
NCL,campus_102,loss5,Top 5,NDCG,0.34752,0.3439,-0.003620000000000012,-1.04166666666667
NCL,campus_102,loss5,Top 10,Hit Ratio,0.43546,0.43374,-0.0017199999999999993,-0.39498461397143236
NCL,campus_102,loss5,Top 10,Precision,0.14366,0.14309,-0.0005700000000000149,-0.3967701517471912
NCL,campus_102,loss5,Top 10,Recall,0.49726,0.49818,0.0009200000000000319,0.18501387604070949
NCL,campus_102,loss5,Top 10,NDCG,0.39096,0.38893,-0.0020299999999999763,-0.5192347043175712
NCL,campus_102,loss5,Top 20,Hit Ratio,0.57506,0.57344,-0.0016200000000000658,-0.2817097346363972
NCL,campus_102,loss5,Top 20,Precision,0.09485,0.09459,-0.0002600000000000102,-0.27411702688456535
NCL,campus_102,loss5,Top 20,Recall,0.61662,0.61611,-0.0005099999999998994,-0.08270896175925196
NCL,campus_102,loss5,Top 20,NDCG,0.43384,0.43144,-0.0024000000000000132,-0.5531993361607996
NCL,campus_143,loss1,Top 3,Hit Ratio,0.48618,0.48566,-0.0005200000000000204,-0.10695627133983719
NCL,campus_143,loss1,Top 3,Precision,0.27734,0.27704,-0.00029999999999996696,-0.10817047667122197
NCL,campus_143,loss1,Top 3,Recall,0.55413,0.55053,-0.0036000000000000476,-0.6496670456391186
NCL,campus_143,loss1,Top 3,NDCG,0.50676,0.50664,-0.00012000000000000899,-0.0236798484489717
NCL,campus_143,loss1,Top 5,Hit Ratio,0.59339,0.59752,0.004130000000000078,0.6960009437301063
NCL,campus_143,loss1,Top 5,Precision,0.20309,0.20451,0.0014200000000000046,0.6991974001674157
NCL,campus_143,loss1,Top 5,Recall,0.64916,0.64943,0.00026999999999999247,0.0415922114732874
NCL,campus_143,loss1,Top 5,NDCG,0.54521,0.54717,0.001960000000000073,0.3594945067038523
NCL,campus_143,loss1,Top 10,Hit Ratio,0.7272,0.72178,-0.00541999999999998,-0.7453245324532427
NCL,campus_143,loss1,Top 10,Precision,0.12445,0.12352,-0.0009300000000000003,-0.747288067496987
NCL,campus_143,loss1,Top 10,Recall,0.75758,0.74596,-0.011620000000000075,-1.5338314105441109
NCL,campus_143,loss1,Top 10,NDCG,0.58644,0.58467,-0.0017699999999999383,-0.3018211581747388
NCL,campus_143,loss1,Top 20,Hit Ratio,0.81271,0.8047,-0.008010000000000073,-0.9855914163723927
NCL,campus_143,loss1,Top 20,Precision,0.06954,0.06885,-0.00069000000000001,-0.9922346850733534
NCL,campus_143,loss1,Top 20,Recall,0.82627,0.80859,-0.017679999999999918,-2.1397364057753423
NCL,campus_143,loss1,Top 20,NDCG,0.60761,0.60437,-0.0032400000000000206,-0.533236780171495
NCL,campus_143,loss2,Top 3,Hit Ratio,0.48618,0.48334,-0.002840000000000009,-0.5841457896252435
NCL,campus_143,loss2,Top 3,Precision,0.27734,0.27571,-0.0016299999999999648,-0.587726256580358
NCL,campus_143,loss2,Top 3,Recall,0.55413,0.54889,-0.005240000000000022,-0.9456264775413751
NCL,campus_143,loss2,Top 3,NDCG,0.50676,0.50249,-0.004269999999999996,-0.8426079406425124
NCL,campus_143,loss2,Top 5,Hit Ratio,0.59339,0.59855,0.005160000000000053,0.869579871585307
NCL,campus_143,loss2,Top 5,Precision,0.20309,0.20486,0.0017699999999999938,0.8715347875326179
NCL,campus_143,loss2,Top 5,Recall,0.64916,0.65181,0.002650000000000041,0.4082198533489496
NCL,campus_143,loss2,Top 5,NDCG,0.54521,0.54461,-0.0005999999999999339,-0.11004933878687735
NCL,campus_143,loss2,Top 10,Hit Ratio,0.7272,0.72488,-0.0023199999999999887,-0.3190319031903175
NCL,campus_143,loss2,Top 10,Precision,0.12445,0.12405,-0.00040000000000001146,-0.3214142225793583
NCL,campus_143,loss2,Top 10,Recall,0.75758,0.75127,-0.006310000000000038,-0.8329153356741251
NCL,campus_143,loss2,Top 10,NDCG,0.58644,0.58292,-0.0035199999999999676,-0.6002319077825469
NCL,campus_143,loss2,Top 20,Hit Ratio,0.81271,0.80832,-0.004390000000000005,-0.5401680796348026
NCL,campus_143,loss2,Top 20,Precision,0.06954,0.06916,-0.00038000000000000533,-0.5464480874317016
NCL,campus_143,loss2,Top 20,Recall,0.82627,0.81455,-0.011719999999999953,-1.418422549529809
NCL,campus_143,loss2,Top 20,NDCG,0.60761,0.60281,-0.0048000000000000265,-0.7899804150688808
NCL,campus_143,loss3,Top 3,Hit Ratio,0.48618,0.49005,0.0038699999999999846,0.7960014809329846
NCL,campus_143,loss3,Top 3,Precision,0.27734,0.27955,0.0022100000000000453,0.7968558448114391
NCL,campus_143,loss3,Top 3,Recall,0.55413,0.55408,-4.999999999999449e-05,-0.009023153411653311
NCL,campus_143,loss3,Top 3,NDCG,0.50676,0.50958,0.0028200000000000447,0.5564764385508021
NCL,campus_143,loss3,Top 5,Hit Ratio,0.59339,0.59804,0.004650000000000043,0.7836330238123399
NCL,campus_143,loss3,Top 5,Precision,0.20309,0.20469,0.001600000000000018,0.787828056526672
NCL,campus_143,loss3,Top 5,Recall,0.64916,0.65046,0.0013000000000000789,0.20025879598251262
NCL,campus_143,loss3,Top 5,NDCG,0.54521,0.54832,0.003110000000000057,0.5704224060453875
NCL,campus_143,loss3,Top 10,Hit Ratio,0.7272,0.72591,-0.0012899999999999023,-0.177392739273914
NCL,campus_143,loss3,Top 10,Precision,0.12445,0.12423,-0.00022000000000001185,-0.17677782241865156
NCL,campus_143,loss3,Top 10,Recall,0.75758,0.75511,-0.0024700000000000832,-0.3260381741862355
NCL,campus_143,loss3,Top 10,NDCG,0.58644,0.58814,0.0017000000000000348,0.28988472819044314
NCL,campus_143,loss3,Top 20,Hit Ratio,0.81271,0.81142,-0.0012900000000000134,-0.15872820563300724
NCL,campus_143,loss3,Top 20,Precision,0.06954,0.06943,-0.00010999999999999899,-0.1581823410986468
NCL,campus_143,loss3,Top 20,Recall,0.82627,0.81921,-0.007059999999999955,-0.8544422525324598
NCL,campus_143,loss3,Top 20,NDCG,0.60761,0.60837,0.0007599999999999829,0.12508023238590263
NCL,campus_143,loss4,Top 3,Hit Ratio,0.48618,0.47197,-0.01421,-2.9227857994981283
NCL,campus_143,loss4,Top 3,Precision,0.27734,0.26923,-0.00810999999999995,-2.9242085526790045
NCL,campus_143,loss4,Top 3,Recall,0.55413,0.53754,-0.016589999999999994,-2.993882301986897
NCL,campus_143,loss4,Top 3,NDCG,0.50676,0.49289,-0.013869999999999993,-2.736995816560106
NCL,campus_143,loss4,Top 5,Hit Ratio,0.59339,0.58693,-0.006460000000000021,-1.0886600717908999
NCL,campus_143,loss4,Top 5,Precision,0.20309,0.20088,-0.0022099999999999898,-1.0881875030774484
NCL,campus_143,loss4,Top 5,Recall,0.64916,0.64097,-0.00818999999999992,-1.2616304146897406
NCL,campus_143,loss4,Top 5,NDCG,0.54521,0.53592,-0.00929000000000002,-1.7039305955503423
NCL,campus_143,loss4,Top 10,Hit Ratio,0.7272,0.7179,-0.009299999999999975,-1.2788778877887754
NCL,campus_143,loss4,Top 10,Precision,0.12445,0.12286,-0.001590000000000008,-1.2776215347529192
NCL,campus_143,loss4,Top 10,Recall,0.75758,0.74506,-0.012520000000000087,-1.6526307452678377
NCL,campus_143,loss4,Top 10,NDCG,0.58644,0.57606,-0.010379999999999945,-1.7700020462451311
NCL,campus_143,loss4,Top 20,Hit Ratio,0.81271,0.80367,-0.009040000000000048,-1.1123278906375025
NCL,campus_143,loss4,Top 20,Precision,0.06954,0.06877,-0.0007700000000000068,-1.1072763876905474
NCL,campus_143,loss4,Top 20,Recall,0.82627,0.80755,-0.01871999999999996,-2.265603253173897
NCL,campus_143,loss4,Top 20,NDCG,0.60761,0.59606,-0.01154999999999995,-1.9008903737594758
NCL,campus_143,loss5,Top 3,Hit Ratio,0.48618,0.49703,0.010850000000000026,2.231683738533059
NCL,campus_143,loss5,Top 3,Precision,0.27734,0.28352,0.006180000000000019,2.2283118194274247
NCL,campus_143,loss5,Top 3,Recall,0.55413,0.56253,0.008399999999999963,1.5158897731579164
NCL,campus_143,loss5,Top 3,NDCG,0.50676,0.51789,0.011129999999999973,2.1963059436419554
NCL,campus_143,loss5,Top 5,Hit Ratio,0.59339,0.60139,0.008000000000000007,1.348185847419068
NCL,campus_143,loss5,Top 5,Precision,0.20309,0.20584,0.0027500000000000024,1.3540794721552034
NCL,campus_143,loss5,Top 5,Recall,0.64916,0.65389,0.004730000000000012,0.7286339269209459
NCL,campus_143,loss5,Top 5,NDCG,0.54521,0.55409,0.008879999999999999,1.6287302140459636
NCL,campus_143,loss5,Top 10,Hit Ratio,0.7272,0.72875,0.0015500000000000513,0.2131463146314702
NCL,campus_143,loss5,Top 10,Precision,0.12445,0.12471,0.00025999999999999635,0.208919244676574
NCL,campus_143,loss5,Top 10,Recall,0.75758,0.75671,-0.0008700000000000374,-0.11483935689960628
NCL,campus_143,loss5,Top 10,NDCG,0.58644,0.59332,0.006879999999999997,1.1731805470295338
NCL,campus_143,loss5,Top 20,Hit Ratio,0.81271,0.81168,-0.0010300000000000864,-0.12673647426512366
NCL,campus_143,loss5,Top 20,Precision,0.06954,0.06945,-9.000000000000674e-05,-0.12942191544435827
NCL,campus_143,loss5,Top 20,Recall,0.82627,0.81801,-0.008259999999999934,-0.9996732303000151
NCL,campus_143,loss5,Top 20,NDCG,0.60761,0.61272,0.005110000000000059,0.8409999835420845
NCL,campus_15,loss1,Top 3,Hit Ratio,0.15044,0.14258,-0.007859999999999978,-5.224674288752977
NCL,campus_15,loss1,Top 3,Precision,0.24298,0.23028,-0.012699999999999989,-5.226767635196309
NCL,campus_15,loss1,Top 3,Recall,0.25118,0.24322,-0.007960000000000023,-3.1690421211880015
NCL,campus_15,loss1,Top 3,NDCG,0.32644,0.30844,-0.018000000000000016,-5.5140301433647885
NCL,campus_15,loss1,Top 5,Hit Ratio,0.21556,0.20864,-0.0069200000000000095,-3.2102430877713903
NCL,campus_15,loss1,Top 5,Precision,0.2089,0.20218,-0.006720000000000004,-3.2168501675442815
NCL,campus_15,loss1,Top 5,Recall,0.32182,0.31541,-0.006409999999999971,-1.9917966565160559
NCL,campus_15,loss1,Top 5,NDCG,0.34394,0.3298,-0.014140000000000041,-4.111182182938896
NCL,campus_15,loss1,Top 10,Hit Ratio,0.34646,0.33642,-0.010039999999999993,-2.8978814293136272
NCL,campus_15,loss1,Top 10,Precision,0.16787,0.16301,-0.004860000000000003,-2.895097396795141
NCL,campus_15,loss1,Top 10,Recall,0.43667,0.42942,-0.007249999999999979,-1.6602926695216018
NCL,campus_15,loss1,Top 10,NDCG,0.37082,0.35784,-0.012979999999999992,-3.5003505744026735
NCL,campus_15,loss1,Top 20,Hit Ratio,0.52018,0.50928,-0.01090000000000002,-2.095428505517325
NCL,campus_15,loss1,Top 20,Precision,0.12602,0.12338,-0.0026399999999999896,-2.09490557054435
NCL,campus_15,loss1,Top 20,Recall,0.56376,0.55357,-0.010190000000000032,-1.8075067404569374
NCL,campus_15,loss1,Top 20,NDCG,0.40942,0.39661,-0.012809999999999988,-3.128816374383271
NCL,campus_15,loss2,Top 3,Hit Ratio,0.15044,0.14831,-0.002129999999999993,-1.4158468492422183
NCL,campus_15,loss2,Top 3,Precision,0.24298,0.23954,-0.0034399999999999986,-1.415754383076796
NCL,campus_15,loss2,Top 3,Recall,0.25118,0.24742,-0.0037600000000000133,-1.4969344693048863
NCL,campus_15,loss2,Top 3,NDCG,0.32644,0.32199,-0.0044500000000000095,-1.3631907854429632
NCL,campus_15,loss2,Top 5,Hit Ratio,0.21556,0.21569,0.00012999999999999123,0.06030803488587458
NCL,campus_15,loss2,Top 5,Precision,0.2089,0.20902,0.00012000000000000899,0.057443752991866444
NCL,campus_15,loss2,Top 5,Recall,0.32182,0.32248,0.0006599999999999939,0.20508358709837607
NCL,campus_15,loss2,Top 5,NDCG,0.34394,0.34268,-0.0012600000000000389,-0.36634296679654554
NCL,campus_15,loss2,Top 10,Hit Ratio,0.34646,0.34699,0.0005300000000000304,0.15297581250361672
NCL,campus_15,loss2,Top 10,Precision,0.16787,0.16813,0.0002600000000000102,0.15488175373801766
NCL,campus_15,loss2,Top 10,Recall,0.43667,0.4369,0.00023000000000000798,0.05267135365379073
NCL,campus_15,loss2,Top 10,NDCG,0.37082,0.36984,-0.0009799999999999809,-0.26427916509357124
NCL,campus_15,loss2,Top 20,Hit Ratio,0.52018,0.5199,-0.00027999999999994696,-0.05382752124263658
NCL,campus_15,loss2,Top 20,Precision,0.12602,0.12595,-6.999999999998674e-05,-0.05554673861290807
NCL,campus_15,loss2,Top 20,Recall,0.56376,0.56037,-0.003390000000000004,-0.6013197105151135
NCL,campus_15,loss2,Top 20,NDCG,0.40942,0.40747,-0.0019500000000000073,-0.4762835230325844
NCL,campus_15,loss3,Top 3,Hit Ratio,0.15044,0.15028,-0.00015999999999999348,-0.10635469290081992
NCL,campus_15,loss3,Top 3,Precision,0.24298,0.24272,-0.0002600000000000102,-0.10700469174418069
NCL,campus_15,loss3,Top 3,Recall,0.25118,0.24938,-0.0018000000000000238,-0.7166175650927715
NCL,campus_15,loss3,Top 3,NDCG,0.32644,0.32387,-0.0025700000000000167,-0.7872809704693104
NCL,campus_15,loss3,Top 5,Hit Ratio,0.21556,0.21688,0.0013199999999999878,0.6123585080719929
NCL,campus_15,loss3,Top 5,Precision,0.2089,0.21017,0.0012699999999999934,0.6079463858305377
NCL,campus_15,loss3,Top 5,Recall,0.32182,0.32377,0.0019500000000000073,0.6059287800633918
NCL,campus_15,loss3,Top 5,NDCG,0.34394,0.34347,-0.00047000000000002595,-0.13665174158284174
NCL,campus_15,loss3,Top 10,Hit Ratio,0.34646,0.34831,0.0018500000000000183,0.5339721757201462
NCL,campus_15,loss3,Top 10,Precision,0.16787,0.16876,0.0008900000000000019,0.5301721570262715
NCL,campus_15,loss3,Top 10,Recall,0.43667,0.4386,0.0019299999999999873,0.44198135892092133
NCL,campus_15,loss3,Top 10,NDCG,0.37082,0.37048,-0.00034000000000000696,-0.09168868993042634
NCL,campus_15,loss3,Top 20,Hit Ratio,0.52018,0.52125,0.0010700000000000154,0.20569802760583172
NCL,campus_15,loss3,Top 20,Precision,0.12602,0.12628,0.0002600000000000102,0.2063164577051343
NCL,campus_15,loss3,Top 20,Recall,0.56376,0.56502,0.0012599999999999278,0.22349936143038313
NCL,campus_15,loss3,Top 20,NDCG,0.40942,0.40877,-0.0006499999999999839,-0.1587611743441903
NCL,campus_15,loss4,Top 3,Hit Ratio,0.15044,0.14221,-0.008229999999999987,-5.470619516086139
NCL,campus_15,loss4,Top 3,Precision,0.24298,0.22968,-0.013300000000000006,-5.473701539221337
NCL,campus_15,loss4,Top 3,Recall,0.25118,0.24065,-0.010530000000000012,-4.192212755792664
NCL,campus_15,loss4,Top 3,NDCG,0.32644,0.30973,-0.016710000000000003,-5.118857983090308
NCL,campus_15,loss4,Top 5,Hit Ratio,0.21556,0.20901,-0.00655,-3.0385971423269624
NCL,campus_15,loss4,Top 5,Precision,0.2089,0.20254,-0.0063600000000000045,-3.044518908568695
NCL,campus_15,loss4,Top 5,Recall,0.32182,0.31592,-0.005900000000000016,-1.8333229755764142
NCL,campus_15,loss4,Top 5,NDCG,0.34394,0.33179,-0.01215000000000005,-3.532592894109452
NCL,campus_15,loss4,Top 10,Hit Ratio,0.34646,0.33683,-0.009629999999999972,-2.779541649829698
NCL,campus_15,loss4,Top 10,Precision,0.16787,0.1632,-0.00466999999999998,-2.781914576755811
NCL,campus_15,loss4,Top 10,Recall,0.43667,0.43093,-0.005740000000000023,-1.3144937824902152
NCL,campus_15,loss4,Top 10,NDCG,0.37082,0.36002,-0.010799999999999976,-2.9124642683781827
NCL,campus_15,loss4,Top 20,Hit Ratio,0.52018,0.51068,-0.009499999999999953,-1.8262908993040778
NCL,campus_15,loss4,Top 20,Precision,0.12602,0.12372,-0.0022999999999999965,-1.8251071258530365
NCL,campus_15,loss4,Top 20,Recall,0.56376,0.555,-0.00875999999999999,-1.5538527032779887
NCL,campus_15,loss4,Top 20,NDCG,0.40942,0.39879,-0.010630000000000028,-2.596355820428906
NCL,campus_15,loss5,Top 3,Hit Ratio,0.15044,0.15061,0.00017000000000000348,0.11300186120712807
NCL,campus_15,loss5,Top 3,Precision,0.24298,0.24325,0.00026999999999999247,0.11112025681125708
NCL,campus_15,loss5,Top 3,Recall,0.25118,0.25215,0.0009699999999999709,0.386177243411088
NCL,campus_15,loss5,Top 3,NDCG,0.32644,0.32563,-0.0008100000000000329,-0.24813135645142537
NCL,campus_15,loss5,Top 5,Hit Ratio,0.21556,0.21847,0.002909999999999996,1.3499721655223584
NCL,campus_15,loss5,Top 5,Precision,0.2089,0.21172,0.002819999999999989,1.349928195308755
NCL,campus_15,loss5,Top 5,Recall,0.32182,0.3265,0.0046800000000000175,1.45422907215214
NCL,campus_15,loss5,Top 5,NDCG,0.34394,0.34596,0.0020199999999999663,0.5873117404198308
NCL,campus_15,loss5,Top 10,Hit Ratio,0.34646,0.34663,0.00017000000000000348,0.04906771344455449
NCL,campus_15,loss5,Top 10,Precision,0.16787,0.16795,7.999999999999674e-05,0.04765592422707854
NCL,campus_15,loss5,Top 10,Recall,0.43667,0.43867,0.0020000000000000018,0.4580117709025126
NCL,campus_15,loss5,Top 10,NDCG,0.37082,0.37118,0.00036000000000002697,0.09708214227928023
NCL,campus_15,loss5,Top 20,Hit Ratio,0.52018,0.52117,0.0009900000000000464,0.1903187358222243
NCL,campus_15,loss5,Top 20,Precision,0.12602,0.12626,0.00024000000000001798,0.1904459609585923
NCL,campus_15,loss5,Top 20,Recall,0.56376,0.56418,0.00041999999999997595,0.07449978714346103
NCL,campus_15,loss5,Top 20,NDCG,0.40942,0.40948,6.0000000000004494e-05,0.014654877631772872
NCL,campus_34,loss1,Top 3,Hit Ratio,0.35092,0.35465,0.003730000000000011,1.0629203237205092
NCL,campus_34,loss1,Top 3,Precision,0.21719,0.2195,0.0023100000000000065,1.0635848795985112
NCL,campus_34,loss1,Top 3,Recall,0.41499,0.41917,0.0041799999999999615,1.0072531868237695
NCL,campus_34,loss1,Top 3,NDCG,0.36873,0.37333,0.004599999999999993,1.2475252895072257
NCL,campus_34,loss1,Top 5,Hit Ratio,0.46192,0.46093,-0.0009899999999999909,-0.2143228264634549
NCL,campus_34,loss1,Top 5,Precision,0.17153,0.17116,-0.00036999999999998145,-0.21570570745641082
NCL,campus_34,loss1,Top 5,Recall,0.51881,0.51698,-0.0018299999999999983,-0.35273028661745115
NCL,campus_34,loss1,Top 5,NDCG,0.41256,0.41436,0.0018000000000000238,0.43630017452007563
NCL,campus_34,loss1,Top 10,Hit Ratio,0.60229,0.59881,-0.0034800000000000386,-0.5777947500373639
NCL,campus_34,loss1,Top 10,Precision,0.11183,0.11118,-0.0006499999999999978,-0.5812393812036106
NCL,campus_34,loss1,Top 10,Recall,0.64139,0.63749,-0.0039000000000000146,-0.6080543818893364
NCL,campus_34,loss1,Top 10,NDCG,0.45869,0.45967,0.0009800000000000364,0.2136519217772431
NCL,campus_34,loss1,Top 20,Hit Ratio,0.70557,0.69761,-0.007960000000000078,-1.128165880068608
NCL,campus_34,loss1,Top 20,Precision,0.0655,0.06476,-0.0007400000000000045,-1.1297709923664192
NCL,campus_34,loss1,Top 20,Recall,0.72726,0.71814,-0.009120000000000017,-1.2540219453840464
NCL,campus_34,loss1,Top 20,NDCG,0.48524,0.4848,-0.00043999999999999595,-0.09067677850135931
NCL,campus_34,loss2,Top 3,Hit Ratio,0.35092,0.36187,0.010950000000000015,3.120369314943581
NCL,campus_34,loss2,Top 3,Precision,0.21719,0.22397,0.006780000000000008,3.121690685574846
NCL,campus_34,loss2,Top 3,Recall,0.41499,0.42585,0.01085999999999998,2.616930528446464
NCL,campus_34,loss2,Top 3,NDCG,0.36873,0.38345,0.01472000000000001,3.992080926423131
NCL,campus_34,loss2,Top 5,Hit Ratio,0.46192,0.47013,0.008209999999999995,1.7773640457222022
NCL,campus_34,loss2,Top 5,Precision,0.17153,0.17458,0.003050000000000025,1.7781146155191658
NCL,campus_34,loss2,Top 5,Recall,0.51881,0.52498,0.006170000000000009,1.1892600373932671
NCL,campus_34,loss2,Top 5,NDCG,0.41256,0.42484,0.012280000000000013,2.9765367461702574
NCL,campus_34,loss2,Top 10,Hit Ratio,0.60229,0.6105,0.00821000000000005,1.3631307177605558
NCL,campus_34,loss2,Top 10,Precision,0.11183,0.11335,0.0015200000000000075,1.3592059375838395
NCL,campus_34,loss2,Top 10,Recall,0.64139,0.64627,0.0048799999999999955,0.7608475342615251
NCL,campus_34,loss2,Top 10,NDCG,0.45869,0.47042,0.011730000000000018,2.557282696374462
NCL,campus_34,loss2,Top 20,Hit Ratio,0.70557,0.69562,-0.009950000000000014,-1.4102073500857482
NCL,campus_34,loss2,Top 20,Precision,0.0655,0.06458,-0.0009200000000000041,-1.4045801526717618
NCL,campus_34,loss2,Top 20,Recall,0.72726,0.71423,-0.013029999999999986,-1.791656353986193
NCL,campus_34,loss2,Top 20,NDCG,0.48524,0.49167,0.006429999999999991,1.325117467644875
NCL,campus_34,loss3,Top 3,Hit Ratio,0.35092,0.3661,0.015179999999999971,4.325772255784786
NCL,campus_34,loss3,Top 3,Precision,0.21719,0.22659,0.00940000000000002,4.32800773516277
NCL,campus_34,loss3,Top 3,Recall,0.41499,0.42907,0.014079999999999981,3.392852839827461
NCL,campus_34,loss3,Top 3,NDCG,0.36873,0.38641,0.017679999999999974,4.794836330106032
NCL,campus_34,loss3,Top 5,Hit Ratio,0.46192,0.47511,0.01318999999999998,2.855472809144436
NCL,campus_34,loss3,Top 5,Precision,0.17153,0.17643,0.0049000000000000155,2.8566431528012686
NCL,campus_34,loss3,Top 5,Recall,0.51881,0.53028,0.01146999999999998,2.210828627050361
NCL,campus_34,loss3,Top 5,NDCG,0.41256,0.42812,0.015560000000000018,3.7715726197401636
NCL,campus_34,loss3,Top 10,Hit Ratio,0.60229,0.60926,0.006970000000000032,1.1572498298162068
NCL,campus_34,loss3,Top 10,Precision,0.11183,0.11312,0.0012899999999999995,1.1535366180810154
NCL,campus_34,loss3,Top 10,Recall,0.64139,0.64499,0.0035999999999999366,0.561280967897837
NCL,campus_34,loss3,Top 10,NDCG,0.45869,0.47112,0.012429999999999997,2.709891211929625
NCL,campus_34,loss3,Top 20,Hit Ratio,0.70557,0.70284,-0.00273000000000001,-0.3869212126365931
NCL,campus_34,loss3,Top 20,Precision,0.0655,0.06525,-0.0002500000000000002,-0.38167938931297746
NCL,campus_34,loss3,Top 20,Recall,0.72726,0.72286,-0.0044000000000000705,-0.6050105876852941
NCL,campus_34,loss3,Top 20,NDCG,0.48524,0.49532,0.010079999999999978,2.077322562031155
NCL,campus_34,loss4,Top 3,Hit Ratio,0.35092,0.34769,-0.0032300000000000106,-0.9204377065997977
NCL,campus_34,loss4,Top 3,Precision,0.21719,0.21519,-0.0020000000000000018,-0.9208527096090988
NCL,campus_34,loss4,Top 3,Recall,0.41499,0.41254,-0.0024500000000000077,-0.5903756717029345
NCL,campus_34,loss4,Top 3,NDCG,0.36873,0.36604,-0.0026900000000000257,-0.7295310932118422
NCL,campus_34,loss4,Top 5,Hit Ratio,0.46192,0.45694,-0.0049799999999999844,-1.0781087634222344
NCL,campus_34,loss4,Top 5,Precision,0.17153,0.16969,-0.0018399999999999805,-1.0726986532967882
NCL,campus_34,loss4,Top 5,Recall,0.51881,0.51341,-0.00539999999999996,-1.0408434687072263
NCL,campus_34,loss4,Top 5,NDCG,0.41256,0.40851,-0.004049999999999998,-0.9816753926701567
NCL,campus_34,loss4,Top 10,Hit Ratio,0.60229,0.59582,-0.006469999999999976,-1.0742333427418644
NCL,campus_34,loss4,Top 10,Precision,0.11183,0.11063,-0.0011999999999999927,-1.0730573191451245
NCL,campus_34,loss4,Top 10,Recall,0.64139,0.63528,-0.00611000000000006,-0.9526185316266327
NCL,campus_34,loss4,Top 10,NDCG,0.45869,0.45428,-0.0044099999999999695,-0.9614336479975517
NCL,campus_34,loss4,Top 20,Hit Ratio,0.70557,0.69711,-0.008460000000000023,-1.199030571027683
NCL,campus_34,loss4,Top 20,Precision,0.0655,0.06472,-0.0007800000000000029,-1.190839694656493
NCL,campus_34,loss4,Top 20,Recall,0.72726,0.71711,-0.010149999999999992,-1.3956494238649166
NCL,campus_34,loss4,Top 20,NDCG,0.48524,0.47992,-0.005319999999999991,-1.0963646855164437
NCL,campus_34,loss5,Top 3,Hit Ratio,0.35092,0.35889,0.007969999999999977,2.2711729169041313
NCL,campus_34,loss5,Top 3,Precision,0.21719,0.22212,0.004930000000000018,2.269901929186435
NCL,campus_34,loss5,Top 3,Recall,0.41499,0.42243,0.007440000000000002,1.7928142846815591
NCL,campus_34,loss5,Top 3,NDCG,0.36873,0.38027,0.011539999999999995,3.1296612697637824
NCL,campus_34,loss5,Top 5,Hit Ratio,0.46192,0.46516,0.0032400000000000206,0.7014201593349543
NCL,campus_34,loss5,Top 5,Precision,0.17153,0.17274,0.0012100000000000166,0.7054159622223616
NCL,campus_34,loss5,Top 5,Recall,0.51881,0.52148,0.002670000000000061,0.5146392706385885
NCL,campus_34,loss5,Top 5,NDCG,0.41256,0.42113,0.008570000000000022,2.0772736086872268
NCL,campus_34,loss5,Top 10,Hit Ratio,0.60229,0.60777,0.00548000000000004,0.909860698334696
NCL,campus_34,loss5,Top 10,Precision,0.11183,0.11285,0.001020000000000007,0.9120987212733677
NCL,campus_34,loss5,Top 10,Recall,0.64139,0.64327,0.0018799999999999928,0.29311339434665223
NCL,campus_34,loss5,Top 10,NDCG,0.45869,0.46728,0.008589999999999987,1.872724498026987
NCL,campus_34,loss5,Top 20,Hit Ratio,0.70557,0.7006,-0.00497000000000003,-0.7043950281332865
NCL,campus_34,loss5,Top 20,Precision,0.0655,0.06504,-0.0004600000000000021,-0.7022900763358809
NCL,campus_34,loss5,Top 20,Recall,0.72726,0.71852,-0.00873999999999997,-1.2017710309930383
NCL,campus_34,loss5,Top 20,NDCG,0.48524,0.49073,0.005489999999999995,1.1313988953919698
SGL,campus_10,loss1,Top 3,Hit Ratio,0.22429,0.21832,-0.005970000000000003,-2.661732578358377
SGL,campus_10,loss1,Top 3,Precision,0.27739,0.27001,-0.007380000000000053,-2.6605140776524214
SGL,campus_10,loss1,Top 3,Recall,0.30204,0.2922,-0.00983999999999996,-3.257846642828752
SGL,campus_10,loss1,Top 3,NDCG,0.36378,0.35095,-0.012830000000000008,-3.5268568915278484
SGL,campus_10,loss1,Top 5,Hit Ratio,0.31251,0.30221,-0.010300000000000031,-3.295894531375006
SGL,campus_10,loss1,Top 5,Precision,0.2319,0.22426,-0.007640000000000008,-3.294523501509275
SGL,campus_10,loss1,Top 5,Recall,0.39271,0.3799,-0.012809999999999988,-3.261949020906009
SGL,campus_10,loss1,Top 5,NDCG,0.38598,0.37161,-0.014369999999999994,-3.7229908285403375
SGL,campus_10,loss1,Top 10,Hit Ratio,0.45059,0.44163,-0.008959999999999968,-1.9885039614727287
SGL,campus_10,loss1,Top 10,Precision,0.16718,0.16386,-0.0033199999999999896,-1.985883478885028
SGL,campus_10,loss1,Top 10,Recall,0.51223,0.50413,-0.008099999999999996,-1.5813208910059928
SGL,campus_10,loss1,Top 10,NDCG,0.42179,0.41004,-0.011749999999999983,-2.7857464615092775
SGL,campus_10,loss1,Top 20,Hit Ratio,0.59479,0.58845,-0.006340000000000012,-1.065922426402598
SGL,campus_10,loss1,Top 20,Precision,0.11034,0.10917,-0.0011699999999999905,-1.0603588907014596
SGL,campus_10,loss1,Top 20,Recall,0.61966,0.6172,-0.0024600000000000177,-0.39699189878320656
SGL,campus_10,loss1,Top 20,NDCG,0.45977,0.4499,-0.00986999999999999,-2.146725536681382
SGL,campus_10,loss2,Top 3,Hit Ratio,0.22429,0.22235,-0.0019399999999999973,-0.864951625128181
SGL,campus_10,loss2,Top 3,Precision,0.27739,0.27499,-0.0024000000000000132,-0.8652078301308673
SGL,campus_10,loss2,Top 3,Recall,0.30204,0.29858,-0.003459999999999963,-1.1455436366044112
SGL,campus_10,loss2,Top 3,NDCG,0.36378,0.35917,-0.004610000000000003,-1.2672494364725941
SGL,campus_10,loss2,Top 5,Hit Ratio,0.31251,0.30736,-0.005149999999999988,-1.6479472656874943
SGL,campus_10,loss2,Top 5,Precision,0.2319,0.22808,-0.00381999999999999,-1.6472617507546312
SGL,campus_10,loss2,Top 5,Recall,0.39271,0.3885,-0.0042099999999999915,-1.0720378905553696
SGL,campus_10,loss2,Top 5,NDCG,0.38598,0.38015,-0.005830000000000002,-1.5104409554899223
SGL,campus_10,loss2,Top 10,Hit Ratio,0.45059,0.44872,-0.0018699999999999828,-0.41501142945914976
SGL,campus_10,loss2,Top 10,Precision,0.16718,0.16649,-0.0006899999999999962,-0.4127287953104415
SGL,campus_10,loss2,Top 10,Recall,0.51223,0.5107,-0.0015299999999999203,-0.2986939460788943
SGL,campus_10,loss2,Top 10,NDCG,0.42179,0.41774,-0.004049999999999998,-0.9601934612010712
SGL,campus_10,loss2,Top 20,Hit Ratio,0.59479,0.59061,-0.0041800000000000725,-0.7027690445367394
SGL,campus_10,loss2,Top 20,Precision,0.11034,0.10957,-0.0007699999999999929,-0.6978430306325838
SGL,campus_10,loss2,Top 20,Recall,0.61966,0.61784,-0.0018200000000000438,-0.2937094535713204
SGL,campus_10,loss2,Top 20,NDCG,0.45977,0.45552,-0.0042500000000000315,-0.9243752310938146
SGL,campus_10,loss3,Top 3,Hit Ratio,0.22429,0.22578,0.001490000000000019,0.6643185162067052
SGL,campus_10,loss3,Top 3,Precision,0.27739,0.27924,0.0018499999999999628,0.6669310357258598
SGL,campus_10,loss3,Top 3,Recall,0.30204,0.30223,0.00019000000000002348,0.06290557542048189
SGL,campus_10,loss3,Top 3,NDCG,0.36378,0.36347,-0.00030999999999997696,-0.08521633954587306
SGL,campus_10,loss3,Top 5,Hit Ratio,0.31251,0.31266,0.00014999999999998348,0.047998464049145144
SGL,campus_10,loss3,Top 5,Precision,0.2319,0.23201,0.00010999999999999899,0.04743423889607546
SGL,campus_10,loss3,Top 5,Recall,0.39271,0.39235,-0.00036000000000002697,-0.09167069847980111
SGL,campus_10,loss3,Top 5,NDCG,0.38598,0.38473,-0.0012499999999999734,-0.32385097673453894
SGL,campus_10,loss3,Top 10,Hit Ratio,0.45059,0.45074,0.00014999999999998348,0.03328968685500865
SGL,campus_10,loss3,Top 10,Precision,0.16718,0.16724,6.0000000000004494e-05,0.03588946046178041
SGL,campus_10,loss3,Top 10,Recall,0.51223,0.51139,-0.0008399999999999519,-0.1639888331413529
SGL,campus_10,loss3,Top 10,NDCG,0.42179,0.42042,-0.0013699999999999823,-0.32480618317171633
SGL,campus_10,loss3,Top 20,Hit Ratio,0.59479,0.59263,-0.0021600000000000508,-0.36315338186587715
SGL,campus_10,loss3,Top 20,Precision,0.11034,0.10994,-0.0003999999999999976,-0.3625158600688759
SGL,campus_10,loss3,Top 20,Recall,0.61966,0.62037,0.0007099999999999884,0.11457896265693902
SGL,campus_10,loss3,Top 20,NDCG,0.45977,0.4585,-0.0012699999999999934,-0.2762250690562658
SGL,campus_10,loss4,Top 3,Hit Ratio,0.22429,0.21242,-0.011869999999999992,-5.292255561995627
SGL,campus_10,loss4,Top 3,Precision,0.27739,0.26272,-0.014670000000000016,-5.288582861674904
SGL,campus_10,loss4,Top 3,Recall,0.30204,0.28798,-0.014059999999999961,-4.655012581115072
SGL,campus_10,loss4,Top 3,NDCG,0.36378,0.34513,-0.01865,-5.126724943647259
SGL,campus_10,loss4,Top 5,Hit Ratio,0.31251,0.29915,-0.013359999999999983,-4.275063197977659
SGL,campus_10,loss4,Top 5,Precision,0.2319,0.22199,-0.009910000000000002,-4.273393704182839
SGL,campus_10,loss4,Top 5,Recall,0.39271,0.37823,-0.014479999999999993,-3.6871992055206118
SGL,campus_10,loss4,Top 5,NDCG,0.38598,0.36912,-0.016859999999999986,-4.36810197419555
SGL,campus_10,loss4,Top 10,Hit Ratio,0.45059,0.43678,-0.013809999999999989,-3.0648705031181316
SGL,campus_10,loss4,Top 10,Precision,0.16718,0.16206,-0.005119999999999986,-3.062567292738357
SGL,campus_10,loss4,Top 10,Recall,0.51223,0.5,-0.012229999999999963,-2.387599320617684
SGL,campus_10,loss4,Top 10,NDCG,0.42179,0.40696,-0.01483000000000001,-3.5159676616325686
SGL,campus_10,loss4,Top 20,Hit Ratio,0.59479,0.58374,-0.011050000000000004,-1.8577985507490045
SGL,campus_10,loss4,Top 20,Precision,0.11034,0.10829,-0.0020499999999999963,-1.8578937828529967
SGL,campus_10,loss4,Top 20,Recall,0.61966,0.61604,-0.0036199999999999566,-0.584191330729748
SGL,campus_10,loss4,Top 20,NDCG,0.45977,0.44776,-0.01201000000000002,-2.6121756530439177
SGL,campus_10,loss5,Top 3,Hit Ratio,0.22429,0.22376,-0.0005300000000000027,-0.23630121717419533
SGL,campus_10,loss5,Top 3,Precision,0.27739,0.27675,-0.0006400000000000294,-0.23072208803490732
SGL,campus_10,loss5,Top 3,Recall,0.30204,0.29983,-0.0022099999999999898,-0.7316911667328797
SGL,campus_10,loss5,Top 3,NDCG,0.36378,0.36299,-0.0007900000000000129,-0.217164220133051
SGL,campus_10,loss5,Top 5,Hit Ratio,0.31251,0.30878,-0.003730000000000011,-1.1935618060222108
SGL,campus_10,loss5,Top 5,Precision,0.2319,0.22913,-0.0027699999999999947,-1.194480379473909
SGL,campus_10,loss5,Top 5,Recall,0.39271,0.39025,-0.0024600000000000177,-0.6264164396119318
SGL,campus_10,loss5,Top 5,NDCG,0.38598,0.38378,-0.0021999999999999797,-0.5699777190527954
SGL,campus_10,loss5,Top 10,Hit Ratio,0.45059,0.44992,-0.0006700000000000039,-0.1486939346190559
SGL,campus_10,loss5,Top 10,Precision,0.16718,0.16693,-0.0002500000000000002,-0.14953941859074066
SGL,campus_10,loss5,Top 10,Recall,0.51223,0.51072,-0.0015100000000000113,-0.2947894500517368
SGL,campus_10,loss5,Top 10,NDCG,0.42179,0.4209,-0.0008900000000000019,-0.21100547665900138
SGL,campus_10,loss5,Top 20,Hit Ratio,0.59479,0.59367,-0.0011200000000000099,-0.1883017535600817
SGL,campus_10,loss5,Top 20,Precision,0.11034,0.11014,-0.00019999999999999185,-0.18125793003443164
SGL,campus_10,loss5,Top 20,Recall,0.61966,0.62085,0.0011900000000000244,0.19204079656586262
SGL,campus_10,loss5,Top 20,NDCG,0.45977,0.45962,-0.000150000000000039,-0.032625008156260515
SGL,campus_102,loss1,Top 3,Hit Ratio,0.22189,0.21338,-0.008510000000000018,-3.835233674343151
SGL,campus_102,loss1,Top 3,Precision,0.244,0.23464,-0.009360000000000007,-3.8360655737704947
SGL,campus_102,loss1,Top 3,Recall,0.29157,0.28294,-0.008629999999999971,-2.9598381177761675
SGL,campus_102,loss1,Top 3,NDCG,0.33118,0.31776,-0.013419999999999987,-4.052177063832354
SGL,campus_102,loss1,Top 5,Hit Ratio,0.30418,0.29299,-0.011190000000000033,-3.6787428496285206
SGL,campus_102,loss1,Top 5,Precision,0.20069,0.19331,-0.007379999999999998,-3.6773132692211856
SGL,campus_102,loss1,Top 5,Recall,0.37825,0.36772,-0.010529999999999984,-2.7838730998017143
SGL,campus_102,loss1,Top 5,NDCG,0.3529,0.33948,-0.013419999999999987,-3.8027769906489053
SGL,campus_102,loss1,Top 10,Hit Ratio,0.43776,0.42599,-0.011770000000000003,-2.688687865497077
SGL,campus_102,loss1,Top 10,Precision,0.14441,0.14053,-0.0038800000000000223,-2.68679454331419
SGL,campus_102,loss1,Top 10,Recall,0.50192,0.49224,-0.009680000000000022,-1.9285941982786146
SGL,campus_102,loss1,Top 10,NDCG,0.39634,0.38368,-0.012660000000000005,-3.1942271786849683
SGL,campus_102,loss1,Top 20,Hit Ratio,0.56999,0.56263,-0.007360000000000033,-1.2912507236969128
SGL,campus_102,loss1,Top 20,Precision,0.09402,0.0928,-0.0012200000000000127,-1.2975962561157335
SGL,campus_102,loss1,Top 20,Recall,0.60987,0.60547,-0.0044000000000000705,-0.7214652302949924
SGL,campus_102,loss1,Top 20,NDCG,0.43571,0.42475,-0.01095999999999997,-2.515434578045023
SGL,campus_102,loss2,Top 3,Hit Ratio,0.22189,0.22113,-0.0007600000000000107,-0.34251205552301167
SGL,campus_102,loss2,Top 3,Precision,0.244,0.24316,-0.0008400000000000074,-0.34426229508197026
SGL,campus_102,loss2,Top 3,Recall,0.29157,0.2906,-0.0009699999999999709,-0.33268168878827414
SGL,campus_102,loss2,Top 3,NDCG,0.33118,0.33144,0.000260000000000038,0.07850715622925236
SGL,campus_102,loss2,Top 5,Hit Ratio,0.30418,0.30476,0.0005799999999999694,0.19067657308171787
SGL,campus_102,loss2,Top 5,Precision,0.20069,0.20107,0.00037999999999999146,0.18934675369973164
SGL,campus_102,loss2,Top 5,Recall,0.37825,0.37713,-0.0011199999999999544,-0.29610046265696083
SGL,campus_102,loss2,Top 5,NDCG,0.3529,0.35348,0.0005800000000000249,0.16435250779258287
SGL,campus_102,loss2,Top 10,Hit Ratio,0.43776,0.43316,-0.004599999999999993,-1.05080409356725
SGL,campus_102,loss2,Top 10,Precision,0.14441,0.1429,-0.0015100000000000113,-1.0456339588671224
SGL,campus_102,loss2,Top 10,Recall,0.50192,0.49629,-0.005630000000000024,-1.1216927000318824
SGL,campus_102,loss2,Top 10,NDCG,0.39634,0.39453,-0.0018100000000000338,-0.4566786092748736
SGL,campus_102,loss2,Top 20,Hit Ratio,0.56999,0.56885,-0.0011400000000000299,-0.20000350883349355
SGL,campus_102,loss2,Top 20,Precision,0.09402,0.09383,-0.0001900000000000096,-0.20208466283770432
SGL,campus_102,loss2,Top 20,Recall,0.60987,0.60793,-0.0019400000000000528,-0.3181005788118866
SGL,campus_102,loss2,Top 20,NDCG,0.43571,0.43505,-0.0006599999999999939,-0.15147689977278325
SGL,campus_102,loss3,Top 3,Hit Ratio,0.22189,0.22228,0.00039000000000000146,0.17576276533417526
SGL,campus_102,loss3,Top 3,Precision,0.244,0.24442,0.0004200000000000037,0.17213114754098513
SGL,campus_102,loss3,Top 3,Recall,0.29157,0.29264,0.0010700000000000154,0.3669787701066692
SGL,campus_102,loss3,Top 3,NDCG,0.33118,0.3333,0.0021200000000000108,0.6401352738691983
SGL,campus_102,loss3,Top 5,Hit Ratio,0.30418,0.30179,-0.0023900000000000032,-0.7857189821816041
SGL,campus_102,loss3,Top 5,Precision,0.20069,0.19912,-0.0015700000000000158,-0.7823010613383905
SGL,campus_102,loss3,Top 5,Recall,0.37825,0.37222,-0.00602999999999998,-1.59418374091209
SGL,campus_102,loss3,Top 5,NDCG,0.3529,0.35161,-0.0012900000000000134,-0.365542646642112
SGL,campus_102,loss3,Top 10,Hit Ratio,0.43776,0.4412,0.0034399999999999986,0.7858187134502922
SGL,campus_102,loss3,Top 10,Precision,0.14441,0.14555,0.0011400000000000021,0.7894190153036508
SGL,campus_102,loss3,Top 10,Recall,0.50192,0.50393,0.0020099999999999563,0.400462225055777
SGL,campus_102,loss3,Top 10,NDCG,0.39634,0.39814,0.0017999999999999683,0.4541555230357693
SGL,campus_102,loss3,Top 20,Hit Ratio,0.56999,0.572,0.0020099999999999563,0.35263776557482696
SGL,campus_102,loss3,Top 20,Precision,0.09402,0.09435,0.00032999999999999696,0.3509891512444128
SGL,campus_102,loss3,Top 20,Recall,0.60987,0.61225,0.0023799999999999377,0.3902471018413658
SGL,campus_102,loss3,Top 20,NDCG,0.43571,0.43729,0.0015800000000000258,0.36262651763788434
SGL,campus_102,loss4,Top 3,Hit Ratio,0.22189,0.2129,-0.008989999999999998,-4.051557077831356
SGL,campus_102,loss4,Top 3,Precision,0.244,0.23411,-0.009889999999999982,-4.053278688524583
SGL,campus_102,loss4,Top 3,Recall,0.29157,0.27925,-0.012319999999999998,-4.225400418424392
SGL,campus_102,loss4,Top 3,NDCG,0.33118,0.31653,-0.014649999999999996,-4.4235763029168425
SGL,campus_102,loss4,Top 5,Hit Ratio,0.30418,0.29213,-0.012050000000000005,-3.9614701821290046
SGL,campus_102,loss4,Top 5,Precision,0.20069,0.19274,-0.007950000000000013,-3.961333399770797
SGL,campus_102,loss4,Top 5,Recall,0.37825,0.36266,-0.015589999999999993,-4.121612690019826
SGL,campus_102,loss4,Top 5,NDCG,0.3529,0.3376,-0.01529999999999998,-4.335505809011045
SGL,campus_102,loss4,Top 10,Hit Ratio,0.43776,0.42407,-0.01368999999999998,-3.1272843567251414
SGL,campus_102,loss4,Top 10,Precision,0.14441,0.1399,-0.004510000000000014,-3.123052420192517
SGL,campus_102,loss4,Top 10,Recall,0.50192,0.49058,-0.011340000000000017,-2.2593241950908545
SGL,campus_102,loss4,Top 10,NDCG,0.39634,0.38211,-0.01423000000000002,-3.5903517182217333
SGL,campus_102,loss4,Top 20,Hit Ratio,0.56999,0.56224,-0.007750000000000035,-1.3596729767188958
SGL,campus_102,loss4,Top 20,Precision,0.09402,0.09274,-0.0012800000000000034,-1.36141246543289
SGL,campus_102,loss4,Top 20,Recall,0.60987,0.60579,-0.0040799999999999725,-0.6689950317280687
SGL,campus_102,loss4,Top 20,NDCG,0.43571,0.42383,-0.011880000000000002,-2.726584195910124
SGL,campus_102,loss5,Top 3,Hit Ratio,0.22189,0.22218,0.0002899999999999847,0.13069538960745627
SGL,campus_102,loss5,Top 3,Precision,0.244,0.24432,0.0003200000000000147,0.1311475409836126
SGL,campus_102,loss5,Top 3,Recall,0.29157,0.29231,0.0007400000000000184,0.25379840175601687
SGL,campus_102,loss5,Top 3,NDCG,0.33118,0.33247,0.0012900000000000134,0.3895162751373916
SGL,campus_102,loss5,Top 5,Hit Ratio,0.30418,0.30428,9.999999999998899e-05,0.03287527122098395
SGL,campus_102,loss5,Top 5,Precision,0.20069,0.20076,6.999999999998674e-05,0.0348796651552079
SGL,campus_102,loss5,Top 5,Recall,0.37825,0.3751,-0.003149999999999986,-0.8327825512227327
SGL,campus_102,loss5,Top 5,NDCG,0.3529,0.35266,-0.00024000000000001798,-0.06800793425900198
SGL,campus_102,loss5,Top 10,Hit Ratio,0.43776,0.43986,0.0020999999999999908,0.4797149122806997
SGL,campus_102,loss5,Top 10,Precision,0.14441,0.14511,0.0006999999999999784,0.4847309743092434
SGL,campus_102,loss5,Top 10,Recall,0.50192,0.50131,-0.0006099999999999994,-0.12153331208160652
SGL,campus_102,loss5,Top 10,NDCG,0.39634,0.39685,0.0005099999999999549,0.12867739819345886
SGL,campus_102,loss5,Top 20,Hit Ratio,0.56999,0.57325,0.0032600000000000406,0.5719398585940175
SGL,campus_102,loss5,Top 20,Precision,0.09402,0.09455,0.0005299999999999888,0.5637098489682927
SGL,campus_102,loss5,Top 20,Recall,0.60987,0.61209,0.0022199999999999998,0.3640120025579221
SGL,campus_102,loss5,Top 20,NDCG,0.43571,0.43675,0.001040000000000041,0.2386908723692458
SGL,campus_143,loss1,Top 3,Hit Ratio,0.5053,0.50065,-0.004649999999999932,-0.9202453987729927
SGL,campus_143,loss1,Top 3,Precision,0.28824,0.28559,-0.0026499999999999857,-0.9193727449347716
SGL,campus_143,loss1,Top 3,Recall,0.57016,0.56471,-0.005449999999999955,-0.955872035919734
SGL,campus_143,loss1,Top 3,NDCG,0.53092,0.52134,-0.009579999999999922,-1.804414977774415
SGL,campus_143,loss1,Top 5,Hit Ratio,0.60682,0.60165,-0.005170000000000008,-0.8519824659701407
SGL,campus_143,loss1,Top 5,Precision,0.20769,0.20592,-0.0017700000000000216,-0.8522316914632488
SGL,campus_143,loss1,Top 5,Recall,0.65411,0.65292,-0.0011900000000000244,-0.1819265872712578
SGL,campus_143,loss1,Top 5,NDCG,0.56419,0.55626,-0.007929999999999993,-1.4055548662684543
SGL,campus_143,loss1,Top 10,Hit Ratio,0.72875,0.71635,-0.012399999999999967,-1.7015437392795838
SGL,campus_143,loss1,Top 10,Precision,0.12471,0.12259,-0.002119999999999997,-1.6999438697778824
SGL,campus_143,loss1,Top 10,Recall,0.75188,0.7413,-0.010580000000000034,-1.4071394371442296
SGL,campus_143,loss1,Top 10,NDCG,0.60143,0.59032,-0.011110000000000064,-1.8472640207505553
SGL,campus_143,loss1,Top 20,Hit Ratio,0.79592,0.78946,-0.00645999999999991,-0.8116393607397616
SGL,campus_143,loss1,Top 20,Precision,0.0681,0.06755,-0.0005499999999999949,-0.807635829662254
SGL,campus_143,loss1,Top 20,Recall,0.79886,0.79215,-0.006709999999999994,-0.8399469243672224
SGL,campus_143,loss1,Top 20,NDCG,0.61655,0.60681,-0.009740000000000082,-1.579758332657543
SGL,campus_143,loss2,Top 3,Hit Ratio,0.5053,0.49755,-0.007749999999999979,-1.5337423312883396
SGL,campus_143,loss2,Top 3,Precision,0.28824,0.28382,-0.0044199999999999795,-1.533444351928941
SGL,campus_143,loss2,Top 3,Recall,0.57016,0.56253,-0.007630000000000026,-1.3382208502876431
SGL,campus_143,loss2,Top 3,NDCG,0.53092,0.51976,-0.011159999999999948,-2.102011602501309
SGL,campus_143,loss2,Top 5,Hit Ratio,0.60682,0.60785,0.0010299999999999754,0.16973731913911463
SGL,campus_143,loss2,Top 5,Precision,0.20769,0.20805,0.0003599999999999992,0.17333525928065827
SGL,campus_143,loss2,Top 5,Recall,0.65411,0.65622,0.0021100000000000563,0.32257571356500536
SGL,campus_143,loss2,Top 5,NDCG,0.56419,0.55777,-0.006419999999999981,-1.1379145323383935
SGL,campus_143,loss2,Top 10,Hit Ratio,0.72875,0.72204,-0.006709999999999994,-0.9207547169811312
SGL,campus_143,loss2,Top 10,Precision,0.12471,0.12356,-0.0011499999999999982,-0.9221393633229078
SGL,campus_143,loss2,Top 10,Recall,0.75188,0.74542,-0.006460000000000021,-0.8591796563281403
SGL,campus_143,loss2,Top 10,NDCG,0.60143,0.59207,-0.009360000000000035,-1.556290840164281
SGL,campus_143,loss2,Top 20,Hit Ratio,0.79592,0.79256,-0.0033599999999999186,-0.4221529801990048
SGL,campus_143,loss2,Top 20,Precision,0.0681,0.06782,-0.0002799999999999886,-0.4111600587371345
SGL,campus_143,loss2,Top 20,Recall,0.79886,0.79494,-0.003920000000000035,-0.4906992464261616
SGL,campus_143,loss2,Top 20,NDCG,0.61655,0.60809,-0.008460000000000023,-1.3721514881193777
SGL,campus_143,loss3,Top 3,Hit Ratio,0.5053,0.50581,0.0005100000000000104,0.10093014051058985
SGL,campus_143,loss3,Top 3,Precision,0.28824,0.28854,0.00030000000000002247,0.10407993338885044
SGL,campus_143,loss3,Top 3,Recall,0.57016,0.57021,4.999999999999449e-05,0.008769468219446207
SGL,campus_143,loss3,Top 3,NDCG,0.53092,0.5308,-0.00011999999999989797,-0.022602275295693888
SGL,campus_143,loss3,Top 5,Hit Ratio,0.60682,0.6125,0.005680000000000018,0.9360271579710653
SGL,campus_143,loss3,Top 5,Precision,0.20769,0.20964,0.0019499999999999795,0.938899321103558
SGL,campus_143,loss3,Top 5,Recall,0.65411,0.65936,0.005249999999999977,0.802617296784941
SGL,campus_143,loss3,Top 5,NDCG,0.56419,0.56627,0.002080000000000082,0.36867012885731437
SGL,campus_143,loss3,Top 10,Hit Ratio,0.72875,0.72359,-0.005160000000000053,-0.7080617495711908
SGL,campus_143,loss3,Top 10,Precision,0.12471,0.12383,-0.0008800000000000058,-0.7056370780210134
SGL,campus_143,loss3,Top 10,Recall,0.75188,0.74762,-0.0042600000000000415,-0.5665797733680962
SGL,campus_143,loss3,Top 10,NDCG,0.60143,0.59961,-0.0018200000000000438,-0.3026121078097274
SGL,campus_143,loss3,Top 20,Hit Ratio,0.79592,0.79566,-0.00025999999999992696,-0.03266659965824794
SGL,campus_143,loss3,Top 20,Precision,0.0681,0.06808,-1.9999999999992246e-05,-0.029368575624070848
SGL,campus_143,loss3,Top 20,Recall,0.79886,0.79765,-0.0012100000000000444,-0.1514658388203245
SGL,campus_143,loss3,Top 20,NDCG,0.61655,0.61588,-0.0006700000000000594,-0.1086692076879506
SGL,campus_143,loss4,Top 3,Hit Ratio,0.5053,0.48592,-0.019379999999999953,-3.835345339402326
SGL,campus_143,loss4,Top 3,Precision,0.28824,0.27719,-0.011050000000000004,-3.8336108798223716
SGL,campus_143,loss4,Top 3,Recall,0.57016,0.55245,-0.017710000000000004,-3.106145643328189
SGL,campus_143,loss4,Top 3,NDCG,0.53092,0.50479,-0.026129999999999987,-4.921645445641526
SGL,campus_143,loss4,Top 5,Hit Ratio,0.60682,0.59778,-0.009040000000000048,-1.489733364094797
SGL,campus_143,loss4,Top 5,Precision,0.20769,0.2046,-0.0030900000000000094,-1.487794308825658
SGL,campus_143,loss4,Top 5,Recall,0.65411,0.64828,-0.005830000000000002,-0.8912873981440435
SGL,campus_143,loss4,Top 5,NDCG,0.56419,0.54408,-0.02010999999999996,-3.564402063134753
SGL,campus_143,loss4,Top 10,Hit Ratio,0.72875,0.7179,-0.010850000000000026,-1.4888507718696435
SGL,campus_143,loss4,Top 10,Precision,0.12471,0.12286,-0.0018500000000000044,-1.4834415844759878
SGL,campus_143,loss4,Top 10,Recall,0.75188,0.74444,-0.007440000000000002,-0.9895196041921586
SGL,campus_143,loss4,Top 10,NDCG,0.60143,0.58084,-0.020589999999999997,-3.423507307583592
SGL,campus_143,loss4,Top 20,Hit Ratio,0.79592,0.79308,-0.0028399999999999537,-0.35681978088249494
SGL,campus_143,loss4,Top 20,Precision,0.0681,0.06786,-0.00023999999999999022,-0.3524229074889724
SGL,campus_143,loss4,Top 20,Recall,0.79886,0.79856,-0.00029999999999996696,-0.03755351375709974
SGL,campus_143,loss4,Top 20,NDCG,0.61655,0.59811,-0.018440000000000012,-2.9908361041278098
SGL,campus_143,loss5,Top 3,Hit Ratio,0.5053,0.50685,0.0015500000000000513,0.30674846625767893
SGL,campus_143,loss5,Top 3,Precision,0.28824,0.28912,0.0008799999999999919,0.30530113794060226
SGL,campus_143,loss5,Top 3,Recall,0.57016,0.5704,0.00024000000000001798,0.04209344745334958
SGL,campus_143,loss5,Top 3,NDCG,0.53092,0.53051,-0.00040999999999991044,-0.07722444059366956
SGL,campus_143,loss5,Top 5,Hit Ratio,0.60682,0.61173,0.00490999999999997,0.8091361524010364
SGL,campus_143,loss5,Top 5,Precision,0.20769,0.20937,0.001679999999999987,0.8088978766430676
SGL,campus_143,loss5,Top 5,Recall,0.65411,0.65868,0.004570000000000074,0.6986592469156677
SGL,campus_143,loss5,Top 5,NDCG,0.56419,0.56557,0.0013800000000000479,0.24459845087648627
SGL,campus_143,loss5,Top 10,Hit Ratio,0.72875,0.72488,-0.00387000000000004,-0.5310463121783932
SGL,campus_143,loss5,Top 10,Precision,0.12471,0.12405,-0.0006600000000000078,-0.5292278085157629
SGL,campus_143,loss5,Top 10,Recall,0.75188,0.74707,-0.004809999999999981,-0.6397297441080999
SGL,campus_143,loss5,Top 10,NDCG,0.60143,0.59931,-0.0021200000000000108,-0.3524932244816538
SGL,campus_143,loss5,Top 20,Hit Ratio,0.79592,0.79385,-0.0020700000000000163,-0.2600763895868952
SGL,campus_143,loss5,Top 20,Precision,0.0681,0.06793,-0.0001699999999999896,-0.24963289280468373
SGL,campus_143,loss5,Top 20,Recall,0.79886,0.79626,-0.0026000000000000467,-0.32546378589490604
SGL,campus_143,loss5,Top 20,NDCG,0.61655,0.61512,-0.0014300000000000423,-0.2319357716324779
SGL,campus_15,loss1,Top 3,Hit Ratio,0.15024,0.14401,-0.006230000000000013,-4.146698615548464
SGL,campus_15,loss1,Top 3,Precision,0.24265,0.23259,-0.010060000000000013,-4.145889140737694
SGL,campus_15,loss1,Top 3,Recall,0.24592,0.23638,-0.009539999999999993,-3.8793103448275836
SGL,campus_15,loss1,Top 3,NDCG,0.32439,0.30973,-0.014660000000000006,-4.519251518234226
SGL,campus_15,loss1,Top 5,Hit Ratio,0.21692,0.20794,-0.008979999999999988,-4.139775032269956
SGL,campus_15,loss1,Top 5,Precision,0.21021,0.20151,-0.008700000000000013,-4.138718424432716
SGL,campus_15,loss1,Top 5,Recall,0.31594,0.30473,-0.011209999999999998,-3.548142052288408
SGL,campus_15,loss1,Top 5,NDCG,0.34224,0.32709,-0.015149999999999997,-4.426718092566619
SGL,campus_15,loss1,Top 10,Hit Ratio,0.34978,0.33728,-0.012499999999999956,-3.573674881353982
SGL,campus_15,loss1,Top 10,Precision,0.16948,0.16342,-0.006059999999999982,-3.5756431437337635
SGL,campus_15,loss1,Top 10,Recall,0.43174,0.41874,-0.013000000000000012,-3.0110714782044776
SGL,campus_15,loss1,Top 10,NDCG,0.36881,0.35421,-0.014600000000000002,-3.9586779100349774
SGL,campus_15,loss1,Top 20,Hit Ratio,0.52272,0.5115,-0.011220000000000008,-2.146464646464648
SGL,campus_15,loss1,Top 20,Precision,0.12664,0.12392,-0.00272,-2.1478205938092234
SGL,campus_15,loss1,Top 20,Recall,0.55871,0.54834,-0.01036999999999999,-1.8560612840292798
SGL,campus_15,loss1,Top 20,NDCG,0.40687,0.39387,-0.013000000000000012,-3.1951237496006124
SGL,campus_15,loss2,Top 3,Hit Ratio,0.15024,0.14889,-0.0013500000000000179,-0.8985623003195007
SGL,campus_15,loss2,Top 3,Precision,0.24265,0.24047,-0.0021800000000000153,-0.8984133525654298
SGL,campus_15,loss2,Top 3,Recall,0.24592,0.24105,-0.004870000000000013,-1.980318802862725
SGL,campus_15,loss2,Top 3,NDCG,0.32439,0.31817,-0.006220000000000003,-1.9174450507105656
SGL,campus_15,loss2,Top 5,Hit Ratio,0.21692,0.21573,-0.0011899999999999966,-0.5485893416927884
SGL,campus_15,loss2,Top 5,Precision,0.21021,0.20905,-0.0011599999999999944,-0.5518291232576921
SGL,campus_15,loss2,Top 5,Recall,0.31594,0.31224,-0.003699999999999981,-1.1711084383110657
SGL,campus_15,loss2,Top 5,NDCG,0.34224,0.33607,-0.006170000000000009,-1.8028284244974313
SGL,campus_15,loss2,Top 10,Hit Ratio,0.34978,0.34843,-0.0013499999999999623,-0.3859568871862206
SGL,campus_15,loss2,Top 10,Precision,0.16948,0.16882,-0.0006599999999999939,-0.3894264810007045
SGL,campus_15,loss2,Top 10,Recall,0.43174,0.42886,-0.0028799999999999937,-0.6670681428637592
SGL,campus_15,loss2,Top 10,NDCG,0.36881,0.36274,-0.00607000000000002,-1.6458338982131775
SGL,campus_15,loss2,Top 20,Hit Ratio,0.52272,0.52133,-0.0013900000000000023,-0.26591674318947095
SGL,campus_15,loss2,Top 20,Precision,0.12664,0.1263,-0.00034000000000000696,-0.26847757422615837
SGL,campus_15,loss2,Top 20,Recall,0.55871,0.55684,-0.0018700000000000383,-0.3346995758085658
SGL,campus_15,loss2,Top 20,NDCG,0.40687,0.40099,-0.005879999999999996,-1.4451790498193517
SGL,campus_15,loss3,Top 3,Hit Ratio,0.15024,0.15106,0.0008199999999999874,0.5457933972310884
SGL,campus_15,loss3,Top 3,Precision,0.24265,0.24398,0.0013299999999999979,0.5481145683082621
SGL,campus_15,loss3,Top 3,Recall,0.24592,0.24519,-0.0007300000000000084,-0.29684450227716674
SGL,campus_15,loss3,Top 3,NDCG,0.32439,0.32502,0.0006299999999999639,0.19421067233884023
SGL,campus_15,loss3,Top 5,Hit Ratio,0.21692,0.21856,0.0016400000000000026,0.7560390927530899
SGL,campus_15,loss3,Top 5,Precision,0.21021,0.2118,0.0015899999999999803,0.7563864706721756
SGL,campus_15,loss3,Top 5,Recall,0.31594,0.31955,0.003610000000000002,1.142622016838641
SGL,campus_15,loss3,Top 5,NDCG,0.34224,0.34383,0.0015900000000000358,0.4645862552594775
SGL,campus_15,loss3,Top 10,Hit Ratio,0.34978,0.35171,0.0019300000000000428,0.551775401681069
SGL,campus_15,loss3,Top 10,Precision,0.16948,0.17041,0.0009300000000000141,0.5487373141373697
SGL,campus_15,loss3,Top 10,Recall,0.43174,0.43399,0.0022499999999999742,0.521146986612307
SGL,campus_15,loss3,Top 10,NDCG,0.36881,0.36991,0.0010999999999999899,0.29825655486564623
SGL,campus_15,loss3,Top 20,Hit Ratio,0.52272,0.52158,-0.0011399999999999189,-0.21808999081724803
SGL,campus_15,loss3,Top 20,Precision,0.12664,0.12636,-0.00028000000000000247,-0.2210991787744808
SGL,campus_15,loss3,Top 20,Recall,0.55871,0.55601,-0.0027000000000000357,-0.4832560720230594
SGL,campus_15,loss3,Top 20,NDCG,0.40687,0.40627,-0.0005999999999999894,-0.147467249981564
SGL,campus_15,loss4,Top 3,Hit Ratio,0.15024,0.14299,-0.0072500000000000064,-4.825612353567629
SGL,campus_15,loss4,Top 3,Precision,0.24265,0.23094,-0.011709999999999998,-4.825880898413351
SGL,campus_15,loss4,Top 3,Recall,0.24592,0.23206,-0.013860000000000011,-5.635979180221215
SGL,campus_15,loss4,Top 3,NDCG,0.32439,0.30321,-0.021180000000000032,-6.529177841487109
SGL,campus_15,loss4,Top 5,Hit Ratio,0.21692,0.20757,-0.009349999999999997,-4.3103448275862055
SGL,campus_15,loss4,Top 5,Precision,0.21021,0.20115,-0.009060000000000012,-4.309975738547172
SGL,campus_15,loss4,Top 5,Recall,0.31594,0.30126,-0.014680000000000026,-4.64645185794772
SGL,campus_15,loss4,Top 5,NDCG,0.34224,0.32127,-0.02096999999999999,-6.127279102384288
SGL,campus_15,loss4,Top 10,Hit Ratio,0.34978,0.33699,-0.012789999999999968,-3.656584138601398
SGL,campus_15,loss4,Top 10,Precision,0.16948,0.16328,-0.006199999999999983,-3.6582487609157326
SGL,campus_15,loss4,Top 10,Recall,0.43174,0.42091,-0.010830000000000006,-2.5084541622272676
SGL,campus_15,loss4,Top 10,NDCG,0.36881,0.34957,-0.019240000000000035,-5.216778286922815
SGL,campus_15,loss4,Top 20,Hit Ratio,0.52272,0.50764,-0.015079999999999982,-2.8849097030915183
SGL,campus_15,loss4,Top 20,Precision,0.12664,0.12298,-0.0036599999999999966,-2.8900821225521134
SGL,campus_15,loss4,Top 20,Recall,0.55871,0.54771,-0.01100000000000001,-1.9688210341679957
SGL,campus_15,loss4,Top 20,NDCG,0.40687,0.38808,-0.01879000000000003,-4.618182711922734
SGL,campus_15,loss5,Top 3,Hit Ratio,0.15024,0.15131,0.0010699999999999876,0.7121938232161791
SGL,campus_15,loss5,Top 3,Precision,0.24265,0.24437,0.0017199999999999993,0.7088398928497833
SGL,campus_15,loss5,Top 3,Recall,0.24592,0.24723,0.0013100000000000056,0.5326935588809392
SGL,campus_15,loss5,Top 3,NDCG,0.32439,0.32424,-0.000150000000000039,-0.04624063627116711
SGL,campus_15,loss5,Top 5,Hit Ratio,0.21692,0.21811,0.0011899999999999966,0.5485893416927884
SGL,campus_15,loss5,Top 5,Precision,0.21021,0.21136,0.0011499999999999844,0.5470719756433967
SGL,campus_15,loss5,Top 5,Recall,0.31594,0.31694,0.0010000000000000009,0.31651579413812775
SGL,campus_15,loss5,Top 5,NDCG,0.34224,0.34182,-0.00041999999999997595,-0.12272089761570125
SGL,campus_15,loss5,Top 10,Hit Ratio,0.34978,0.35167,0.0018900000000000028,0.5403396420607247
SGL,campus_15,loss5,Top 10,Precision,0.16948,0.17039,0.0009100000000000219,0.5369365116828074
SGL,campus_15,loss5,Top 10,Recall,0.43174,0.43219,0.00045000000000000595,0.10422939732246397
SGL,campus_15,loss5,Top 10,NDCG,0.36881,0.36829,-0.0005200000000000204,-0.14099400775467597
SGL,campus_15,loss5,Top 20,Hit Ratio,0.52272,0.52227,-0.00044999999999995044,-0.08608815426996298
SGL,campus_15,loss5,Top 20,Precision,0.12664,0.12653,-0.00010999999999999899,-0.08686039166140161
SGL,campus_15,loss5,Top 20,Recall,0.55871,0.55914,0.00042999999999993044,0.07696300406291821
SGL,campus_15,loss5,Top 20,NDCG,0.40687,0.40579,-0.0010800000000000254,-0.2654410499668261
SGL,campus_34,loss1,Top 3,Hit Ratio,0.37382,0.36212,-0.011699999999999988,-3.1298485902305893
SGL,campus_34,loss1,Top 3,Precision,0.23136,0.22412,-0.0072399999999999964,-3.1293222683264164
SGL,campus_34,loss1,Top 3,Recall,0.43707,0.42643,-0.010640000000000038,-2.4343926602146198
SGL,campus_34,loss1,Top 3,NDCG,0.39873,0.38839,-0.01033999999999996,-2.5932335164146068
SGL,campus_34,loss1,Top 5,Hit Ratio,0.47835,0.47138,-0.006969999999999976,-1.4570920873837099
SGL,campus_34,loss1,Top 5,Precision,0.17763,0.17505,-0.002579999999999999,-1.4524573551764899
SGL,campus_34,loss1,Top 5,Recall,0.53274,0.52791,-0.004830000000000001,-0.9066336299132788
SGL,campus_34,loss1,Top 5,NDCG,0.43802,0.43064,-0.007379999999999998,-1.684854572850554
SGL,campus_34,loss1,Top 10,Hit Ratio,0.60951,0.60229,-0.007220000000000004,-1.184558087644174
SGL,campus_34,loss1,Top 10,Precision,0.11317,0.11183,-0.0013400000000000079,-1.1840593796942722
SGL,campus_34,loss1,Top 10,Recall,0.6464,0.63773,-0.008669999999999956,-1.3412747524752406
SGL,campus_34,loss1,Top 10,NDCG,0.48035,0.47232,-0.008029999999999982,-1.6716977204121957
SGL,campus_34,loss1,Top 20,Hit Ratio,0.69288,0.69014,-0.0027400000000000757,-0.3954508717238303
SGL,campus_34,loss1,Top 20,Precision,0.06433,0.06407,-0.00025999999999999635,-0.40416601896470755
SGL,campus_34,loss1,Top 20,Recall,0.71388,0.70798,-0.005899999999999905,-0.8264694346388617
SGL,campus_34,loss1,Top 20,NDCG,0.50148,0.4944,-0.007080000000000031,-1.4118210098109656
SGL,campus_34,loss2,Top 3,Hit Ratio,0.37382,0.37008,-0.0037399999999999656,-1.0004815151677187
SGL,campus_34,loss2,Top 3,Precision,0.23136,0.22905,-0.0023100000000000065,-0.9984439834024923
SGL,campus_34,loss2,Top 3,Recall,0.43707,0.4347,-0.0023700000000000387,-0.5422472372846543
SGL,campus_34,loss2,Top 3,NDCG,0.39873,0.39435,-0.004379999999999995,-1.0984876984425538
SGL,campus_34,loss2,Top 5,Hit Ratio,0.47835,0.48009,0.0017400000000000193,0.36375039197240916
SGL,campus_34,loss2,Top 5,Precision,0.17763,0.17828,0.0006499999999999839,0.3659291786297269
SGL,campus_34,loss2,Top 5,Recall,0.53274,0.53731,0.004569999999999963,0.8578293351353312
SGL,campus_34,loss2,Top 5,NDCG,0.43802,0.43686,-0.0011599999999999944,-0.26482809004154934
SGL,campus_34,loss2,Top 10,Hit Ratio,0.60951,0.60279,-0.006719999999999948,-1.1025249790815488
SGL,campus_34,loss2,Top 10,Precision,0.11317,0.11192,-0.0012500000000000011,-1.104533003446144
SGL,campus_34,loss2,Top 10,Recall,0.6464,0.64105,-0.005349999999999966,-0.8276608910891038
SGL,campus_34,loss2,Top 10,NDCG,0.48035,0.47564,-0.004709999999999992,-0.980535026543144
SGL,campus_34,loss2,Top 20,Hit Ratio,0.69288,0.69363,0.0007499999999999174,0.10824385174920872
SGL,campus_34,loss2,Top 20,Precision,0.06433,0.06439,6.0000000000004494e-05,0.09326908129955619
SGL,campus_34,loss2,Top 20,Recall,0.71388,0.71538,0.0015000000000000568,0.21011934778955244
SGL,campus_34,loss2,Top 20,NDCG,0.50148,0.49887,-0.0026100000000000567,-0.5204594400574413
SGL,campus_34,loss3,Top 3,Hit Ratio,0.37382,0.3773,0.0034800000000000386,0.930929324273725
SGL,campus_34,loss3,Top 3,Precision,0.23136,0.23352,0.0021599999999999953,0.933609958506222
SGL,campus_34,loss3,Top 3,Recall,0.43707,0.44079,0.003720000000000001,0.851122245864507
SGL,campus_34,loss3,Top 3,NDCG,0.39873,0.40328,0.004550000000000054,1.1411230657337181
SGL,campus_34,loss3,Top 5,Hit Ratio,0.47835,0.48606,0.007709999999999995,1.6117905299466908
SGL,campus_34,loss3,Top 5,Precision,0.17763,0.1805,0.0028699999999999837,1.6157180656420558
SGL,campus_34,loss3,Top 5,Recall,0.53274,0.54316,0.010419999999999985,1.9559259676389957
SGL,campus_34,loss3,Top 5,NDCG,0.43802,0.44505,0.007029999999999981,1.6049495456828409
SGL,campus_34,loss3,Top 10,Hit Ratio,0.60951,0.60851,-0.0010000000000000009,-0.1640662171252319
SGL,campus_34,loss3,Top 10,Precision,0.11317,0.11299,-0.00018000000000001348,-0.1590527524962565
SGL,campus_34,loss3,Top 10,Recall,0.6464,0.64695,0.0005500000000000504,0.08508663366337414
SGL,campus_34,loss3,Top 10,NDCG,0.48035,0.48361,0.003259999999999985,0.6786718018111763
SGL,campus_34,loss3,Top 20,Hit Ratio,0.69288,0.69438,0.0014999999999999458,0.21648770349843344
SGL,campus_34,loss3,Top 20,Precision,0.06433,0.06446,0.0001300000000000051,0.20208300948236455
SGL,campus_34,loss3,Top 20,Recall,0.71388,0.71533,0.0014500000000000624,0.20311536952990172
SGL,campus_34,loss3,Top 20,NDCG,0.50148,0.50509,0.003610000000000002,0.719869187205871
SGL,campus_34,loss4,Top 3,Hit Ratio,0.37382,0.3564,-0.01741999999999999,-4.65999678989888
SGL,campus_34,loss4,Top 3,Precision,0.23136,0.22058,-0.010780000000000012,-4.65940525587829
SGL,campus_34,loss4,Top 3,Recall,0.43707,0.42348,-0.013589999999999991,-3.1093417530372687
SGL,campus_34,loss4,Top 3,NDCG,0.39873,0.37884,-0.019889999999999963,-4.988337973064471
SGL,campus_34,loss4,Top 5,Hit Ratio,0.47835,0.46541,-0.012940000000000007,-2.7051322253580032
SGL,campus_34,loss4,Top 5,Precision,0.17763,0.17283,-0.004799999999999999,-2.7022462421888185
SGL,campus_34,loss4,Top 5,Recall,0.53274,0.52152,-0.011220000000000008,-2.106093028494201
SGL,campus_34,loss4,Top 5,NDCG,0.43802,0.42049,-0.017530000000000046,-4.002100360714133
SGL,campus_34,loss4,Top 10,Hit Ratio,0.60951,0.5993,-0.010209999999999941,-1.6751160768486064
SGL,campus_34,loss4,Top 10,Precision,0.11317,0.11128,-0.0018900000000000028,-1.6700539012105706
SGL,campus_34,loss4,Top 10,Recall,0.6464,0.64219,-0.004209999999999936,-0.6512995049504853
SGL,campus_34,loss4,Top 10,NDCG,0.48035,0.46524,-0.015110000000000012,-3.145622983241389
SGL,campus_34,loss4,Top 20,Hit Ratio,0.69288,0.68915,-0.003730000000000011,-0.5383327560327922
SGL,campus_34,loss4,Top 20,Precision,0.06433,0.06398,-0.0003500000000000031,-0.5440696409140418
SGL,campus_34,loss4,Top 20,Recall,0.71388,0.71117,-0.00270999999999999,-0.37961562167310897
SGL,campus_34,loss4,Top 20,NDCG,0.50148,0.48721,-0.01427000000000006,-2.8455770918082592
SGL,campus_34,loss5,Top 3,Hit Ratio,0.37382,0.37432,0.0005000000000000004,0.13375421325771775
SGL,campus_34,loss5,Top 3,Precision,0.23136,0.23167,0.00030999999999997696,0.13399031811893886
SGL,campus_34,loss5,Top 3,Recall,0.43707,0.43931,0.0022399999999999642,0.5125037179399099
SGL,campus_34,loss5,Top 3,NDCG,0.39873,0.40072,0.0019900000000000473,0.4990845935846431
SGL,campus_34,loss5,Top 5,Hit Ratio,0.47835,0.48357,0.005220000000000002,1.0912511759172159
SGL,campus_34,loss5,Top 5,Precision,0.17763,0.17957,0.0019399999999999973,1.0921578562179795
SGL,campus_34,loss5,Top 5,Recall,0.53274,0.54035,0.007610000000000006,1.4284641663851043
SGL,campus_34,loss5,Top 5,NDCG,0.43802,0.44222,0.0041999999999999815,0.9588603260125067
SGL,campus_34,loss5,Top 10,Hit Ratio,0.60951,0.60976,0.00024999999999997247,0.04101655428130342
SGL,campus_34,loss5,Top 10,Precision,0.11317,0.11322,4.999999999999449e-05,0.04418132013784085
SGL,campus_34,loss5,Top 10,Recall,0.6464,0.64686,0.00046000000000001595,0.07116336633663613
SGL,campus_34,loss5,Top 10,NDCG,0.48035,0.48212,0.0017699999999999938,0.3684813157072955
SGL,campus_34,loss5,Top 20,Hit Ratio,0.69288,0.69462,0.0017399999999999638,0.25112573605818667
SGL,campus_34,loss5,Top 20,Precision,0.06433,0.06449,0.00016000000000000736,0.24871755013214264
SGL,campus_34,loss5,Top 20,Recall,0.71388,0.71526,0.0013800000000000479,0.1933097999663876
SGL,campus_34,loss5,Top 20,NDCG,0.50148,0.50351,0.0020299999999999763,0.4048017867113297
SimGCL,campus_10,loss1,Top 3,Hit Ratio,0.23197,0.22376,-0.008210000000000023,-3.5392507651851632
SimGCL,campus_10,loss1,Top 3,Precision,0.2869,0.27675,-0.010149999999999992,-3.537818055071451
SimGCL,campus_10,loss1,Top 3,Recall,0.31996,0.30718,-0.012780000000000014,-3.994249281160149
SimGCL,campus_10,loss1,Top 3,NDCG,0.3781,0.36735,-0.010749999999999982,-2.843163184342762
SimGCL,campus_10,loss1,Top 5,Hit Ratio,0.31609,0.30669,-0.009399999999999964,-2.973836565535121
SimGCL,campus_10,loss1,Top 5,Precision,0.23456,0.22758,-0.006979999999999986,-2.9757844474761197
SimGCL,campus_10,loss1,Top 5,Recall,0.40511,0.39245,-0.012660000000000005,-3.1250771395423476
SimGCL,campus_10,loss1,Top 5,NDCG,0.39751,0.38697,-0.010539999999999994,-2.6515056225000615
SimGCL,campus_10,loss1,Top 10,Hit Ratio,0.44895,0.44551,-0.0034399999999999986,-0.7662323198574448
SimGCL,campus_10,loss1,Top 10,Precision,0.16657,0.1653,-0.0012699999999999934,-0.7624422164855577
SimGCL,campus_10,loss1,Top 10,Recall,0.51749,0.51079,-0.006700000000000039,-1.2947110089083922
SimGCL,campus_10,loss1,Top 10,NDCG,0.43096,0.42396,-0.007000000000000006,-1.6242806757007626
SimGCL,campus_10,loss1,Top 20,Hit Ratio,0.58957,0.58419,-0.005380000000000051,-0.9125294706311466
SimGCL,campus_10,loss1,Top 20,Precision,0.10937,0.10838,-0.0009899999999999909,-0.9051842369936829
SimGCL,campus_10,loss1,Top 20,Recall,0.62097,0.61724,-0.003730000000000011,-0.6006731404093613
SimGCL,campus_10,loss1,Top 20,NDCG,0.46791,0.4612,-0.006709999999999994,-1.4340364600029907
SimGCL,campus_10,loss2,Top 3,Hit Ratio,0.23197,0.22727,-0.00470000000000001,-2.026124067767388
SimGCL,campus_10,loss2,Top 3,Precision,0.2869,0.28109,-0.005809999999999982,-2.0250958522133087
SimGCL,campus_10,loss2,Top 3,Recall,0.31996,0.31042,-0.009540000000000048,-2.9816227028378695
SimGCL,campus_10,loss2,Top 3,NDCG,0.3781,0.37074,-0.007359999999999978,-1.946574980163972
SimGCL,campus_10,loss2,Top 5,Hit Ratio,0.31609,0.31378,-0.0023099999999999787,-0.7308045177006481
SimGCL,campus_10,loss2,Top 5,Precision,0.23456,0.23284,-0.0017199999999999993,-0.7332878581173258
SimGCL,campus_10,loss2,Top 5,Recall,0.40511,0.39677,-0.008340000000000014,-2.0587001061440136
SimGCL,campus_10,loss2,Top 5,NDCG,0.39751,0.39169,-0.005819999999999992,-1.464114110336845
SimGCL,campus_10,loss2,Top 10,Hit Ratio,0.44895,0.45081,0.0018599999999999728,0.4143000334112869
SimGCL,campus_10,loss2,Top 10,Precision,0.16657,0.16727,0.0007000000000000062,0.4202437413699983
SimGCL,campus_10,loss2,Top 10,Recall,0.51749,0.51514,-0.0023499999999999632,-0.4541150553633816
SimGCL,campus_10,loss2,Top 10,NDCG,0.43096,0.42727,-0.0036900000000000266,-0.8562279561908359
SimGCL,campus_10,loss2,Top 20,Hit Ratio,0.58957,0.58971,0.00013999999999991797,0.02374612005358447
SimGCL,campus_10,loss2,Top 20,Precision,0.10937,0.1094,3.0000000000002247e-05,0.027429825363447242
SimGCL,campus_10,loss2,Top 20,Recall,0.62097,0.62251,0.0015399999999999858,0.24799909818509522
SimGCL,campus_10,loss2,Top 20,NDCG,0.46791,0.46483,-0.0030799999999999716,-0.6582462439357936
SimGCL,campus_10,loss3,Top 3,Hit Ratio,0.23197,0.22921,-0.0027600000000000124,-1.1898090270293626
SimGCL,campus_10,loss3,Top 3,Precision,0.2869,0.28349,-0.0034099999999999686,-1.1885674451028123
SimGCL,campus_10,loss3,Top 3,Recall,0.31996,0.31508,-0.0048799999999999955,-1.5251906488311024
SimGCL,campus_10,loss3,Top 3,NDCG,0.3781,0.37456,-0.0035399999999999876,-0.9362602486114752
SimGCL,campus_10,loss3,Top 5,Hit Ratio,0.31609,0.3146,-0.0014899999999999913,-0.4713847321965236
SimGCL,campus_10,loss3,Top 5,Precision,0.23456,0.23345,-0.0011099999999999999,-0.4732264665757162
SimGCL,campus_10,loss3,Top 5,Recall,0.40511,0.40213,-0.002980000000000038,-0.7356026758164543
SimGCL,campus_10,loss3,Top 5,NDCG,0.39751,0.39527,-0.0022399999999999642,-0.5635078362808393
SimGCL,campus_10,loss3,Top 10,Hit Ratio,0.44895,0.45074,0.0017899999999999583,0.3987080966699985
SimGCL,campus_10,loss3,Top 10,Precision,0.16657,0.16724,0.0006700000000000039,0.40223329531128293
SimGCL,campus_10,loss3,Top 10,Recall,0.51749,0.51514,-0.0023499999999999632,-0.4541150553633816
SimGCL,campus_10,loss3,Top 10,NDCG,0.43096,0.42977,-0.0011900000000000244,-0.276127714869135
SimGCL,campus_10,loss3,Top 20,Hit Ratio,0.58957,0.58874,-0.0008299999999999974,-0.14078056888918997
SimGCL,campus_10,loss3,Top 20,Precision,0.10937,0.10922,-0.00014999999999999736,-0.13714912681722352
SimGCL,campus_10,loss3,Top 20,Recall,0.62097,0.62077,-0.00019999999999997797,-0.03220767508897015
SimGCL,campus_10,loss3,Top 20,NDCG,0.46791,0.46667,-0.0012400000000000189,-0.26500822807805324
SimGCL,campus_10,loss4,Top 3,Hit Ratio,0.23197,0.22242,-0.009550000000000003,-4.116911669612451
SimGCL,campus_10,loss4,Top 3,Precision,0.2869,0.27509,-0.011809999999999987,-4.116416869989539
SimGCL,campus_10,loss4,Top 3,Recall,0.31996,0.30874,-0.011220000000000008,-3.5066883360420076
SimGCL,campus_10,loss4,Top 3,NDCG,0.3781,0.36443,-0.013670000000000015,-3.6154456492991316
SimGCL,campus_10,loss4,Top 5,Hit Ratio,0.31609,0.30736,-0.00872999999999996,-2.761871618842722
SimGCL,campus_10,loss4,Top 5,Precision,0.23456,0.22808,-0.006479999999999986,-2.762619372442013
SimGCL,campus_10,loss4,Top 5,Recall,0.40511,0.3991,-0.006010000000000015,-1.4835476784083372
SimGCL,campus_10,loss4,Top 5,NDCG,0.39751,0.38771,-0.009799999999999975,-2.465346783728705
SimGCL,campus_10,loss4,Top 10,Hit Ratio,0.44895,0.44059,-0.008360000000000034,-1.8621227308163568
SimGCL,campus_10,loss4,Top 10,Precision,0.16657,0.16347,-0.0030999999999999917,-1.8610794260671142
SimGCL,campus_10,loss4,Top 10,Recall,0.51749,0.51217,-0.005319999999999991,-1.028039189163074
SimGCL,campus_10,loss4,Top 10,NDCG,0.43096,0.42294,-0.008020000000000027,-1.8609615741600212
SimGCL,campus_10,loss4,Top 20,Hit Ratio,0.58957,0.58359,-0.005979999999999985,-1.0142985565751284
SimGCL,campus_10,loss4,Top 20,Precision,0.10937,0.10827,-0.0010999999999999899,-1.0057602633263143
SimGCL,campus_10,loss4,Top 20,Recall,0.62097,0.62159,0.0006199999999999539,0.09984379277581105
SimGCL,campus_10,loss4,Top 20,NDCG,0.46791,0.46178,-0.006129999999999969,-1.3100809984826074
SimGCL,campus_10,loss5,Top 3,Hit Ratio,0.23197,0.23048,-0.001490000000000019,-0.6423244385049873
SimGCL,campus_10,loss5,Top 3,Precision,0.2869,0.28505,-0.0018499999999999628,-0.6448239804809909
SimGCL,campus_10,loss5,Top 3,Recall,0.31996,0.31542,-0.004540000000000044,-1.4189273659207537
SimGCL,campus_10,loss5,Top 3,NDCG,0.3781,0.37541,-0.00268999999999997,-0.7114519968262286
SimGCL,campus_10,loss5,Top 5,Hit Ratio,0.31609,0.31408,-0.0020099999999999563,-0.6358948400771793
SimGCL,campus_10,loss5,Top 5,Precision,0.23456,0.23307,-0.0014899999999999913,-0.6352319236016335
SimGCL,campus_10,loss5,Top 5,Recall,0.40511,0.39962,-0.00549000000000005,-1.3551874799437313
SimGCL,campus_10,loss5,Top 5,NDCG,0.39751,0.394,-0.0035099999999999576,-0.8829966541722115
SimGCL,campus_10,loss5,Top 10,Hit Ratio,0.44895,0.45089,0.0019399999999999973,0.43211938968704694
SimGCL,campus_10,loss5,Top 10,Precision,0.16657,0.16729,0.0007199999999999984,0.4322507054091364
SimGCL,campus_10,loss5,Top 10,Recall,0.51749,0.51566,-0.0018299999999999983,-0.3536300218361704
SimGCL,campus_10,loss5,Top 10,NDCG,0.43096,0.42937,-0.0015900000000000358,-0.36894375348060976
SimGCL,campus_10,loss5,Top 20,Hit Ratio,0.58957,0.58777,-0.0018000000000000238,-0.30530725783198326
SimGCL,campus_10,loss5,Top 20,Precision,0.10937,0.10904,-0.00032999999999999696,-0.3017280789978943
SimGCL,campus_10,loss5,Top 20,Recall,0.62097,0.62015,-0.0008200000000000429,-0.1320514678647991
SimGCL,campus_10,loss5,Top 20,NDCG,0.46791,0.46588,-0.0020299999999999763,-0.4338441153213174
SimGCL,campus_102,loss1,Top 3,Hit Ratio,0.22562,0.215,-0.01061999999999999,-4.70702951865969
SimGCL,campus_102,loss1,Top 3,Precision,0.24811,0.23643,-0.011679999999999996,-4.70758937568014
SimGCL,campus_102,loss1,Top 3,Recall,0.29645,0.287,-0.009450000000000014,-3.187721369539556
SimGCL,campus_102,loss1,Top 3,NDCG,0.3385,0.32285,-0.015649999999999997,-4.623338257016247
SimGCL,campus_102,loss1,Top 5,Hit Ratio,0.30514,0.2948,-0.010340000000000016,-3.3886085075703
SimGCL,campus_102,loss1,Top 5,Precision,0.20133,0.19451,-0.0068200000000000205,-3.3874733025381314
SimGCL,campus_102,loss1,Top 5,Recall,0.38081,0.37201,-0.008799999999999975,-2.310863685302375
SimGCL,campus_102,loss1,Top 5,NDCG,0.35836,0.3446,-0.013759999999999994,-3.83971425382297
SimGCL,campus_102,loss1,Top 10,Hit Ratio,0.43575,0.42714,-0.008610000000000007,-1.9759036144578326
SimGCL,campus_102,loss1,Top 10,Precision,0.14375,0.14091,-0.0028399999999999814,-1.9756521739130308
SimGCL,campus_102,loss1,Top 10,Recall,0.49976,0.49523,-0.0045299999999999785,-0.9064350888426402
SimGCL,campus_102,loss1,Top 10,NDCG,0.39989,0.38852,-0.011370000000000047,-2.8432819025232052
SimGCL,campus_102,loss1,Top 20,Hit Ratio,0.5654,0.56463,-0.0007700000000000484,-0.13618677042802413
SimGCL,campus_102,loss1,Top 20,Precision,0.09326,0.09313,-0.00012999999999999123,-0.13939523911643925
SimGCL,campus_102,loss1,Top 20,Recall,0.60705,0.60579,-0.0012599999999999278,-0.2075611564121453
SimGCL,campus_102,loss1,Top 20,NDCG,0.4388,0.42936,-0.009440000000000004,-2.151321786690976
SimGCL,campus_102,loss2,Top 3,Hit Ratio,0.22562,0.22419,-0.0014299999999999868,-0.6338090594805367
SimGCL,campus_102,loss2,Top 3,Precision,0.24811,0.24653,-0.001579999999999998,-0.6368143162307034
SimGCL,campus_102,loss2,Top 3,Recall,0.29645,0.29579,-0.0006599999999999939,-0.22263450834879203
SimGCL,campus_102,loss2,Top 3,NDCG,0.3385,0.33532,-0.003180000000000016,-0.9394387001477152
SimGCL,campus_102,loss2,Top 5,Hit Ratio,0.30514,0.30629,0.0011499999999999844,0.376876187979283
SimGCL,campus_102,loss2,Top 5,Precision,0.20133,0.20208,0.0007500000000000007,0.37252272388615737
SimGCL,campus_102,loss2,Top 5,Recall,0.38081,0.38272,0.0019100000000000228,0.5015624589690457
SimGCL,campus_102,loss2,Top 5,NDCG,0.35836,0.35704,-0.0013199999999999878,-0.3683446813260374
SimGCL,campus_102,loss2,Top 10,Hit Ratio,0.43575,0.4369,0.0011499999999999844,0.26391279403327234
SimGCL,campus_102,loss2,Top 10,Precision,0.14375,0.14413,0.0003800000000000192,0.2643478260869699
SimGCL,campus_102,loss2,Top 10,Recall,0.49976,0.50376,0.0040000000000000036,0.8003841844085168
SimGCL,campus_102,loss2,Top 10,NDCG,0.39989,0.39927,-0.0006200000000000094,-0.15504263672510174
SimGCL,campus_102,loss2,Top 20,Hit Ratio,0.5654,0.56425,-0.0011499999999999844,-0.2033958259639166
SimGCL,campus_102,loss2,Top 20,Precision,0.09326,0.09307,-0.00018999999999999573,-0.20373150332403575
SimGCL,campus_102,loss2,Top 20,Recall,0.60705,0.60571,-0.0013400000000000079,-0.22073964253356526
SimGCL,campus_102,loss2,Top 20,NDCG,0.4388,0.43703,-0.0017700000000000493,-0.40337283500456905
SimGCL,campus_102,loss3,Top 3,Hit Ratio,0.22562,0.22428,-0.00133999999999998,-0.5939189788139262
SimGCL,campus_102,loss3,Top 3,Precision,0.24811,0.24663,-0.001480000000000009,-0.5965096126718025
SimGCL,campus_102,loss3,Top 3,Recall,0.29645,0.29717,0.0007199999999999984,0.24287400910777482
SimGCL,campus_102,loss3,Top 3,NDCG,0.3385,0.33522,-0.003280000000000005,-0.9689807976366337
SimGCL,campus_102,loss3,Top 5,Hit Ratio,0.30514,0.3061,0.0009599999999999609,0.3146096873566103
SimGCL,campus_102,loss3,Top 5,Precision,0.20133,0.20196,0.0006299999999999917,0.3129190880643678
SimGCL,campus_102,loss3,Top 5,Recall,0.38081,0.38384,0.0030300000000000327,0.7956723825529878
SimGCL,campus_102,loss3,Top 5,NDCG,0.35836,0.35699,-0.0013700000000000379,-0.38229713137628024
SimGCL,campus_102,loss3,Top 10,Hit Ratio,0.43575,0.43747,0.0017199999999999993,0.39472174411933436
SimGCL,campus_102,loss3,Top 10,Precision,0.14375,0.14432,0.0005700000000000149,0.39652173913044525
SimGCL,campus_102,loss3,Top 10,Recall,0.49976,0.5035,0.0037399999999999656,0.7483592124219557
SimGCL,campus_102,loss3,Top 10,NDCG,0.39989,0.3993,-0.0005900000000000349,-0.1475405736577646
SimGCL,campus_102,loss3,Top 20,Hit Ratio,0.5654,0.5677,0.0022999999999999687,0.4067916519278332
SimGCL,campus_102,loss3,Top 20,Precision,0.09326,0.09364,0.00038000000000000533,0.4074630066480863
SimGCL,campus_102,loss3,Top 20,Recall,0.60705,0.61126,0.004210000000000047,0.6935178321390408
SimGCL,campus_102,loss3,Top 20,NDCG,0.4388,0.43853,-0.000270000000000048,-0.061531449407485866
SimGCL,campus_102,loss4,Top 3,Hit Ratio,0.22562,0.21979,-0.005829999999999974,-2.5839907809591236
SimGCL,campus_102,loss4,Top 3,Precision,0.24811,0.24169,-0.006420000000000009,-2.5875619684817255
SimGCL,campus_102,loss4,Top 3,Recall,0.29645,0.29094,-0.005510000000000015,-1.8586608196997856
SimGCL,campus_102,loss4,Top 3,NDCG,0.3385,0.32675,-0.011750000000000038,-3.4711964549483123
SimGCL,campus_102,loss4,Top 5,Hit Ratio,0.30514,0.2994,-0.005740000000000023,-1.88110375565315
SimGCL,campus_102,loss4,Top 5,Precision,0.20133,0.19754,-0.0037900000000000156,-1.8824814980380546
SimGCL,campus_102,loss4,Top 5,Recall,0.38081,0.37714,-0.0036700000000000066,-0.9637351960295177
SimGCL,campus_102,loss4,Top 5,NDCG,0.35836,0.34818,-0.010180000000000022,-2.840718830226594
SimGCL,campus_102,loss4,Top 10,Hit Ratio,0.43575,0.43202,-0.003730000000000011,-0.8559954102122801
SimGCL,campus_102,loss4,Top 10,Precision,0.14375,0.14252,-0.0012299999999999811,-0.8556521739130305
SimGCL,campus_102,loss4,Top 10,Recall,0.49976,0.49855,-0.0012099999999999889,-0.2421162157835739
SimGCL,campus_102,loss4,Top 10,NDCG,0.39989,0.3914,-0.008489999999999998,-2.123083848058215
SimGCL,campus_102,loss4,Top 20,Hit Ratio,0.5654,0.56129,-0.004110000000000058,-0.726918995401496
SimGCL,campus_102,loss4,Top 20,Precision,0.09326,0.09258,-0.00068,-0.7291443276860391
SimGCL,campus_102,loss4,Top 20,Recall,0.60705,0.60577,-0.0012799999999999478,-0.2108557779425003
SimGCL,campus_102,loss4,Top 20,NDCG,0.4388,0.43028,-0.008520000000000028,-1.9416590701914376
SimGCL,campus_102,loss5,Top 3,Hit Ratio,0.22562,0.22553,-8.999999999997899e-05,-0.03989008066659826
SimGCL,campus_102,loss5,Top 3,Precision,0.24811,0.248,-0.00010999999999999899,-0.04433517391479545
SimGCL,campus_102,loss5,Top 3,Recall,0.29645,0.29788,0.0014299999999999868,0.4823747680890494
SimGCL,campus_102,loss5,Top 3,NDCG,0.3385,0.33803,-0.00047000000000002595,-0.1388478581979397
SimGCL,campus_102,loss5,Top 5,Hit Ratio,0.30514,0.30906,0.003919999999999979,1.284656223372871
SimGCL,campus_102,loss5,Top 5,Precision,0.20133,0.20391,0.002579999999999999,1.2814781701683797
SimGCL,campus_102,loss5,Top 5,Recall,0.38081,0.38319,0.0023799999999999932,0.6249835876158697
SimGCL,campus_102,loss5,Top 5,NDCG,0.35836,0.35926,0.0009000000000000119,0.25114410090412204
SimGCL,campus_102,loss5,Top 10,Hit Ratio,0.43575,0.43623,0.00047999999999998044,0.11015490533562372
SimGCL,campus_102,loss5,Top 10,Precision,0.14375,0.14391,0.00016000000000002124,0.11130434782610174
SimGCL,campus_102,loss5,Top 10,Recall,0.49976,0.50252,0.0027599999999999847,0.5522650872418731
SimGCL,campus_102,loss5,Top 10,NDCG,0.39989,0.40038,0.0004899999999999904,0.12253369676660843
SimGCL,campus_102,loss5,Top 20,Hit Ratio,0.5654,0.56483,-0.0005699999999999594,-0.1008135833038485
SimGCL,campus_102,loss5,Top 20,Precision,0.09326,0.09317,-8.999999999999286e-05,-0.09650439631137987
SimGCL,campus_102,loss5,Top 20,Recall,0.60705,0.60572,-0.0013299999999999423,-0.21909233176837858
SimGCL,campus_102,loss5,Top 20,NDCG,0.4388,0.43833,-0.00047000000000002595,-0.10711030082042523
SimGCL,campus_143,loss1,Top 3,Hit Ratio,0.49496,0.48618,-0.00878000000000001,-1.7738807176337503
SimGCL,campus_143,loss1,Top 3,Precision,0.28235,0.27734,-0.0050100000000000144,-1.774393483265456
SimGCL,campus_143,loss1,Top 3,Recall,0.56012,0.55007,-0.010050000000000003,-1.7942583732057422
SimGCL,campus_143,loss1,Top 3,NDCG,0.52263,0.50756,-0.015070000000000028,-2.8834931021946746
SimGCL,campus_143,loss1,Top 5,Hit Ratio,0.59804,0.58977,-0.00827,-1.3828506454417764
SimGCL,campus_143,loss1,Top 5,Precision,0.20469,0.20186,-0.002829999999999999,-1.3825785333919582
SimGCL,campus_143,loss1,Top 5,Recall,0.64657,0.63866,-0.007909999999999973,-1.2233787524939252
SimGCL,campus_143,loss1,Top 5,NDCG,0.55706,0.54308,-0.013979999999999992,-2.50960399238861
SimGCL,campus_143,loss1,Top 10,Hit Ratio,0.70628,0.70189,-0.004390000000000005,-0.6215665175284596
SimGCL,campus_143,loss1,Top 10,Precision,0.12087,0.12011,-0.0007600000000000107,-0.6287747166377187
SimGCL,campus_143,loss1,Top 10,Recall,0.72782,0.72454,-0.0032800000000000606,-0.45066087768954693
SimGCL,campus_143,loss1,Top 10,NDCG,0.58848,0.5764,-0.01207999999999998,-2.052746057640018
SimGCL,campus_143,loss1,Top 20,Hit Ratio,0.76001,0.75691,-0.0030999999999999917,-0.4078893698767111
SimGCL,campus_143,loss1,Top 20,Precision,0.06503,0.06477,-0.0002600000000000102,-0.3998154697831927
SimGCL,campus_143,loss1,Top 20,Recall,0.7665,0.76089,-0.005610000000000004,-0.7318982387475543
SimGCL,campus_143,loss1,Top 20,NDCG,0.60073,0.5883,-0.012429999999999941,-2.0691492018044615
SimGCL,campus_143,loss2,Top 3,Hit Ratio,0.49496,0.49212,-0.002840000000000009,-0.5737837401002119
SimGCL,campus_143,loss2,Top 3,Precision,0.28235,0.28073,-0.0016200000000000103,-0.5737559766247602
SimGCL,campus_143,loss2,Top 3,Recall,0.56012,0.55942,-0.0006999999999999229,-0.12497322002426677
SimGCL,campus_143,loss2,Top 3,NDCG,0.52263,0.51944,-0.003190000000000026,-0.6103744522893875
SimGCL,campus_143,loss2,Top 5,Hit Ratio,0.59804,0.5921,-0.005940000000000056,-0.993244599023486
SimGCL,campus_143,loss2,Top 5,Precision,0.20469,0.20265,-0.002040000000000014,-0.9966290488055175
SimGCL,campus_143,loss2,Top 5,Recall,0.64657,0.64382,-0.00275000000000003,-0.4253213109176161
SimGCL,campus_143,loss2,Top 5,NDCG,0.55706,0.55279,-0.004269999999999996,-0.766524252324704
SimGCL,campus_143,loss2,Top 10,Hit Ratio,0.70628,0.70473,-0.0015500000000000513,-0.21945970436654744
SimGCL,campus_143,loss2,Top 10,Precision,0.12087,0.1206,-0.00027000000000000635,-0.2233804914370864
SimGCL,campus_143,loss2,Top 10,Recall,0.72782,0.72864,0.0008199999999999319,0.11266521942237528
SimGCL,campus_143,loss2,Top 10,NDCG,0.58848,0.58587,-0.002610000000000001,-0.4435154975530181
SimGCL,campus_143,loss2,Top 20,Hit Ratio,0.76001,0.76208,0.0020700000000000163,0.27236483730477445
SimGCL,campus_143,loss2,Top 20,Precision,0.06503,0.06521,0.0001799999999999996,0.2767953252345065
SimGCL,campus_143,loss2,Top 20,Recall,0.7665,0.76872,0.0022199999999999998,0.2896281800391389
SimGCL,campus_143,loss2,Top 20,NDCG,0.60073,0.59877,-0.0019599999999999618,-0.32626970519201004
SimGCL,campus_143,loss3,Top 3,Hit Ratio,0.49496,0.4916,-0.0033600000000000296,-0.6788427347664517
SimGCL,campus_143,loss3,Top 3,Precision,0.28235,0.28043,-0.0019199999999999773,-0.6800070834071108
SimGCL,campus_143,loss3,Top 3,Recall,0.56012,0.55276,-0.007359999999999922,-1.314004141969564
SimGCL,campus_143,loss3,Top 3,NDCG,0.52263,0.51153,-0.011099999999999999,-2.123873486022616
SimGCL,campus_143,loss3,Top 5,Hit Ratio,0.59804,0.59855,0.0005100000000000104,0.08527857668383561
SimGCL,campus_143,loss3,Top 5,Precision,0.20469,0.20486,0.00016999999999997573,0.0830524207337807
SimGCL,campus_143,loss3,Top 5,Recall,0.64657,0.64652,-4.999999999999449e-05,-0.007733114743955719
SimGCL,campus_143,loss3,Top 5,NDCG,0.55706,0.54872,-0.008340000000000014,-1.4971457293648824
SimGCL,campus_143,loss3,Top 10,Hit Ratio,0.70628,0.70369,-0.002589999999999981,-0.3667100866511838
SimGCL,campus_143,loss3,Top 10,Precision,0.12087,0.12042,-0.00045000000000000595,-0.37230081906180684
SimGCL,campus_143,loss3,Top 10,Recall,0.72782,0.72757,-0.00024999999999997247,-0.03434915226291837
SimGCL,campus_143,loss3,Top 10,NDCG,0.58848,0.57984,-0.008639999999999981,-1.4681892332789528
SimGCL,campus_143,loss3,Top 20,Hit Ratio,0.76001,0.76363,0.0036200000000000676,0.4763095222431373
SimGCL,campus_143,loss3,Top 20,Precision,0.06503,0.06534,0.00030999999999999084,0.47670306012608155
SimGCL,campus_143,loss3,Top 20,Recall,0.7665,0.76845,0.0019500000000000073,0.25440313111546087
SimGCL,campus_143,loss3,Top 20,NDCG,0.60073,0.59306,-0.007669999999999955,-1.2767799177667096
SimGCL,campus_143,loss4,Top 3,Hit Ratio,0.49496,0.48515,-0.009809999999999985,-1.9819783416841736
SimGCL,campus_143,loss4,Top 3,Precision,0.28235,0.27675,-0.005599999999999994,-1.983353993270761
SimGCL,campus_143,loss4,Top 3,Recall,0.56012,0.55234,-0.007779999999999898,-1.3889880739841283
SimGCL,campus_143,loss4,Top 3,NDCG,0.52263,0.51104,-0.01158999999999999,-2.217630063333522
SimGCL,campus_143,loss4,Top 5,Hit Ratio,0.59804,0.58822,-0.009820000000000051,-1.6420306334024564
SimGCL,campus_143,loss4,Top 5,Precision,0.20469,0.20133,-0.003360000000000002,-1.6415066686208422
SimGCL,campus_143,loss4,Top 5,Recall,0.64657,0.63953,-0.007039999999999935,-1.0888225559490752
SimGCL,campus_143,loss4,Top 5,NDCG,0.55706,0.54626,-0.010800000000000032,-1.9387498653645985
SimGCL,campus_143,loss4,Top 10,Hit Ratio,0.70628,0.70499,-0.0012900000000000134,-0.1826471087953805
SimGCL,campus_143,loss4,Top 10,Precision,0.12087,0.12065,-0.00022000000000001185,-0.18201373376355742
SimGCL,campus_143,loss4,Top 10,Recall,0.72782,0.72927,0.0014499999999999513,0.1992250831249418
SimGCL,campus_143,loss4,Top 10,NDCG,0.58848,0.58095,-0.007530000000000037,-1.2795676998368741
SimGCL,campus_143,loss4,Top 20,Hit Ratio,0.76001,0.75872,-0.0012900000000000134,-0.16973460875514973
SimGCL,campus_143,loss4,Top 20,Precision,0.06503,0.06492,-0.00010999999999999899,-0.16915269875441946
SimGCL,campus_143,loss4,Top 20,Recall,0.7665,0.76428,-0.0022199999999999998,-0.2896281800391389
SimGCL,campus_143,loss4,Top 20,NDCG,0.60073,0.59256,-0.00817000000000001,-1.3600119854177437
SimGCL,campus_143,loss5,Top 3,Hit Ratio,0.49496,0.4898,-0.005159999999999998,-1.0425084855341842
SimGCL,campus_143,loss5,Top 3,Precision,0.28235,0.2794,-0.002950000000000008,-1.0448025500265656
SimGCL,campus_143,loss5,Top 3,Recall,0.56012,0.55171,-0.008409999999999918,-1.5014639720059841
SimGCL,campus_143,loss5,Top 3,NDCG,0.52263,0.51084,-0.011790000000000078,-2.255898054072686
SimGCL,campus_143,loss5,Top 5,Hit Ratio,0.59804,0.59571,-0.0023300000000000542,-0.38960604641830887
SimGCL,campus_143,loss5,Top 5,Precision,0.20469,0.20389,-0.0008000000000000229,-0.39083492110021145
SimGCL,campus_143,loss5,Top 5,Recall,0.64657,0.6434,-0.003170000000000006,-0.4902794747668476
SimGCL,campus_143,loss5,Top 5,NDCG,0.55706,0.5474,-0.009660000000000002,-1.7341040462427748
SimGCL,campus_143,loss5,Top 10,Hit Ratio,0.70628,0.70886,0.0025800000000000267,0.365294217590761
SimGCL,campus_143,loss5,Top 10,Precision,0.12087,0.12131,0.00043999999999999595,0.36402746752709186
SimGCL,campus_143,loss5,Top 10,Recall,0.72782,0.72961,0.0017899999999999583,0.24593993020251684
SimGCL,campus_143,loss5,Top 10,NDCG,0.58848,0.58086,-0.00761999999999996,-1.2948613376835167
SimGCL,campus_143,loss5,Top 20,Hit Ratio,0.76001,0.76027,0.000260000000000038,0.03421007618321312
SimGCL,campus_143,loss5,Top 20,Precision,0.06503,0.06505,1.9999999999992246e-05,0.030755036137155536
SimGCL,campus_143,loss5,Top 20,Recall,0.7665,0.76393,-0.002569999999999961,-0.3352902804957549
SimGCL,campus_143,loss5,Top 20,NDCG,0.60073,0.59205,-0.008680000000000021,-1.4449086944217904
SimGCL,campus_15,loss1,Top 3,Hit Ratio,0.1452,0.14499,-0.00020999999999998797,-0.14462809917354544
SimGCL,campus_15,loss1,Top 3,Precision,0.23451,0.23418,-0.00032999999999999696,-0.1407189458871677
SimGCL,campus_15,loss1,Top 3,Recall,0.28293,0.2777,-0.005230000000000012,-1.8485137666560676
SimGCL,campus_15,loss1,Top 3,NDCG,0.33068,0.32866,-0.0020199999999999663,-0.6108624652231663
SimGCL,campus_15,loss1,Top 5,Hit Ratio,0.20946,0.20798,-0.001480000000000009,-0.7065788217320772
SimGCL,campus_15,loss1,Top 5,Precision,0.20298,0.20155,-0.0014299999999999868,-0.7045029066903079
SimGCL,campus_15,loss1,Top 5,Recall,0.36069,0.35157,-0.009120000000000017,-2.528487066455964
SimGCL,campus_15,loss1,Top 5,NDCG,0.35747,0.35285,-0.004620000000000013,-1.292416146809526
SimGCL,campus_15,loss1,Top 10,Hit Ratio,0.33593,0.33495,-0.0009799999999999809,-0.29172744321733124
SimGCL,campus_15,loss1,Top 10,Precision,0.16277,0.16229,-0.0004800000000000082,-0.29489463660380183
SimGCL,campus_15,loss1,Top 10,Recall,0.47201,0.46619,-0.005819999999999992,-1.233024724052455
SimGCL,campus_15,loss1,Top 10,NDCG,0.3916,0.38711,-0.004489999999999994,-1.1465781409601619
SimGCL,campus_15,loss1,Top 20,Hit Ratio,0.50727,0.50514,-0.0021299999999999653,-0.4198947306168244
SimGCL,campus_15,loss1,Top 20,Precision,0.1229,0.12238,-0.0005199999999999927,-0.42310821806346033
SimGCL,campus_15,loss1,Top 20,Recall,0.58125,0.57837,-0.0028799999999999937,-0.4954838709677408
SimGCL,campus_15,loss1,Top 20,NDCG,0.42904,0.42485,-0.0041899999999999715,-0.9765989185157494
SimGCL,campus_15,loss2,Top 3,Hit Ratio,0.1452,0.15098,0.005780000000000007,3.9807162534435316
SimGCL,campus_15,loss2,Top 3,Precision,0.23451,0.24384,0.009330000000000005,3.978508379173598
SimGCL,campus_15,loss2,Top 3,Recall,0.28293,0.27616,-0.006769999999999998,-2.3928180115222837
SimGCL,campus_15,loss2,Top 3,NDCG,0.33068,0.33838,0.00770000000000004,2.3285351397121206
SimGCL,campus_15,loss2,Top 5,Hit Ratio,0.20946,0.21573,0.006269999999999998,2.99341162990547
SimGCL,campus_15,loss2,Top 5,Precision,0.20298,0.20905,0.00607000000000002,2.990442408119036
SimGCL,campus_15,loss2,Top 5,Recall,0.36069,0.3513,-0.00939000000000001,-2.603343591449724
SimGCL,campus_15,loss2,Top 5,NDCG,0.35747,0.3607,0.0032300000000000106,0.903572327747786
SimGCL,campus_15,loss2,Top 10,Hit Ratio,0.33593,0.34544,0.009510000000000018,2.8309469234662035
SimGCL,campus_15,loss2,Top 10,Precision,0.16277,0.16737,0.004599999999999993,2.8260736007863816
SimGCL,campus_15,loss2,Top 10,Recall,0.47201,0.46407,-0.007940000000000003,-1.6821677506832489
SimGCL,campus_15,loss2,Top 10,NDCG,0.3916,0.39188,0.00028000000000000247,0.07150153217569011
SimGCL,campus_15,loss2,Top 20,Hit Ratio,0.50727,0.51207,0.0048000000000000265,0.9462416464604702
SimGCL,campus_15,loss2,Top 20,Precision,0.1229,0.12406,0.0011600000000000082,0.9438567941415853
SimGCL,campus_15,loss2,Top 20,Recall,0.58125,0.57599,-0.005260000000000042,-0.904946236559147
SimGCL,campus_15,loss2,Top 20,NDCG,0.42904,0.42767,-0.0013699999999999823,-0.3193175461495391
SimGCL,campus_15,loss3,Top 3,Hit Ratio,0.1452,0.14602,0.0008200000000000152,0.5647382920110298
SimGCL,campus_15,loss3,Top 3,Precision,0.23451,0.23584,0.0013299999999999979,0.5671399940301044
SimGCL,campus_15,loss3,Top 3,Recall,0.28293,0.28304,0.00010999999999999899,0.03887887463330117
SimGCL,campus_15,loss3,Top 3,NDCG,0.33068,0.33179,0.0011099999999999999,0.33567194871174544
SimGCL,campus_15,loss3,Top 5,Hit Ratio,0.20946,0.20872,-0.0007400000000000184,-0.35328941086604526
SimGCL,campus_15,loss3,Top 5,Precision,0.20298,0.20226,-0.0007199999999999984,-0.35471475022169596
SimGCL,campus_15,loss3,Top 5,Recall,0.36069,0.3589,-0.0017900000000000138,-0.49627103606975903
SimGCL,campus_15,loss3,Top 5,NDCG,0.35747,0.35704,-0.00042999999999998595,-0.12028981452988668
SimGCL,campus_15,loss3,Top 10,Hit Ratio,0.33593,0.33622,0.00029000000000001247,0.08632750870717486
SimGCL,campus_15,loss3,Top 10,Precision,0.16277,0.16291,0.00014000000000000123,0.08601093567610815
SimGCL,campus_15,loss3,Top 10,Recall,0.47201,0.47344,0.0014300000000000423,0.3029596830575713
SimGCL,campus_15,loss3,Top 10,NDCG,0.3916,0.39259,0.0009899999999999909,0.2528089887640426
SimGCL,campus_15,loss3,Top 20,Hit Ratio,0.50727,0.50424,-0.003029999999999977,-0.5973150393281639
SimGCL,campus_15,loss3,Top 20,Precision,0.1229,0.12216,-0.0007399999999999907,-0.6021155410903097
SimGCL,campus_15,loss3,Top 20,Recall,0.58125,0.5798,-0.0014500000000000624,-0.24946236559140858
SimGCL,campus_15,loss3,Top 20,NDCG,0.42904,0.42893,-0.00010999999999999899,-0.025638635092298852
SimGCL,campus_15,loss4,Top 3,Hit Ratio,0.1452,0.14569,0.0004899999999999904,0.33746556473828543
SimGCL,campus_15,loss4,Top 3,Precision,0.23451,0.23531,0.0007999999999999952,0.341136838514347
SimGCL,campus_15,loss4,Top 3,Recall,0.28293,0.27505,-0.007879999999999998,-2.785141201003781
SimGCL,campus_15,loss4,Top 3,NDCG,0.33068,0.32831,-0.0023699999999999832,-0.7167049715737218
SimGCL,campus_15,loss4,Top 5,Hit Ratio,0.20946,0.21052,0.0010600000000000054,0.5060632101594602
SimGCL,campus_15,loss4,Top 5,Precision,0.20298,0.20401,0.0010300000000000031,0.5074391565671511
SimGCL,campus_15,loss4,Top 5,Recall,0.36069,0.35169,-0.009000000000000008,-2.4952174997920675
SimGCL,campus_15,loss4,Top 5,NDCG,0.35747,0.3539,-0.0035700000000000176,-0.9986852043528177
SimGCL,campus_15,loss4,Top 10,Hit Ratio,0.33593,0.33855,0.002620000000000011,0.7799243890096185
SimGCL,campus_15,loss4,Top 10,Precision,0.16277,0.16404,0.0012699999999999934,0.7802420593475415
SimGCL,campus_15,loss4,Top 10,Recall,0.47201,0.4663,-0.005709999999999993,-1.2097201330480272
SimGCL,campus_15,loss4,Top 10,NDCG,0.3916,0.38744,-0.004159999999999997,-1.0623084780388143
SimGCL,campus_15,loss4,Top 20,Hit Ratio,0.50727,0.50809,0.0008200000000000429,0.1616496146036712
SimGCL,campus_15,loss4,Top 20,Precision,0.1229,0.12309,0.0001900000000000096,0.1545972335231974
SimGCL,campus_15,loss4,Top 20,Recall,0.58125,0.57953,-0.0017200000000000548,-0.2959139784946331
SimGCL,campus_15,loss4,Top 20,NDCG,0.42904,0.42504,-0.0040000000000000036,-0.9323140033563313
SimGCL,campus_15,loss5,Top 3,Hit Ratio,0.1452,0.14163,-0.00356999999999999,-2.4586776859504065
SimGCL,campus_15,loss5,Top 3,Precision,0.23451,0.22875,-0.005759999999999987,-2.4561852373033077
SimGCL,campus_15,loss5,Top 3,Recall,0.28293,0.28234,-0.0005900000000000349,-0.2085321457604478
SimGCL,campus_15,loss5,Top 3,NDCG,0.33068,0.32645,-0.004229999999999956,-1.2791822910366386
SimGCL,campus_15,loss5,Top 5,Hit Ratio,0.20946,0.20495,-0.004510000000000014,-2.1531557337916616
SimGCL,campus_15,loss5,Top 5,Precision,0.20298,0.19861,-0.004369999999999985,-2.152921470095569
SimGCL,campus_15,loss5,Top 5,Recall,0.36069,0.36308,0.0023900000000000032,0.6626188693892271
SimGCL,campus_15,loss5,Top 5,NDCG,0.35747,0.35541,-0.0020600000000000063,-0.576272134724594
SimGCL,campus_15,loss5,Top 10,Hit Ratio,0.33593,0.33236,-0.0035700000000000176,-1.0627214002917327
SimGCL,campus_15,loss5,Top 10,Precision,0.16277,0.16104,-0.0017300000000000093,-1.06284941942619
SimGCL,campus_15,loss5,Top 10,Recall,0.47201,0.47803,0.006020000000000025,1.2753967076968762
SimGCL,campus_15,loss5,Top 10,NDCG,0.3916,0.39292,0.0013199999999999878,0.33707865168539014
SimGCL,campus_15,loss5,Top 20,Hit Ratio,0.50727,0.50084,-0.006430000000000047,-1.2675695389043402
SimGCL,campus_15,loss5,Top 20,Precision,0.1229,0.12134,-0.001559999999999992,-1.2693246541903922
SimGCL,campus_15,loss5,Top 20,Recall,0.58125,0.58478,0.003529999999999922,0.6073118279569758
SimGCL,campus_15,loss5,Top 20,NDCG,0.42904,0.42997,0.0009300000000000419,0.2167630057803566
SimGCL,campus_34,loss1,Top 3,Hit Ratio,0.38278,0.37382,-0.008960000000000024,-2.3407701551805276
SimGCL,campus_34,loss1,Top 3,Precision,0.23691,0.23136,-0.005549999999999999,-2.342661770292516
SimGCL,campus_34,loss1,Top 3,Recall,0.44872,0.44004,-0.008680000000000021,-1.9343911570690007
SimGCL,campus_34,loss1,Top 3,NDCG,0.41384,0.40464,-0.009199999999999986,-2.2230813841097974
SimGCL,campus_34,loss1,Top 5,Hit Ratio,0.48333,0.47536,-0.007969999999999977,-1.648976889495785
SimGCL,campus_34,loss1,Top 5,Precision,0.17948,0.17652,-0.0029599999999999904,-1.6492088254958717
SimGCL,campus_34,loss1,Top 5,Recall,0.5403,0.53417,-0.006129999999999969,-1.1345548769202236
SimGCL,campus_34,loss1,Top 5,NDCG,0.45115,0.44315,-0.008000000000000007,-1.7732461487310225
SimGCL,campus_34,loss1,Top 10,Hit Ratio,0.59831,0.59756,-0.0007500000000000284,-0.1253530778359092
SimGCL,campus_34,loss1,Top 10,Precision,0.11109,0.11095,-0.00014000000000000123,-0.1260239445494655
SimGCL,campus_34,loss1,Top 10,Recall,0.63571,0.63512,-0.0005899999999999794,-0.09280961444683573
SimGCL,campus_34,loss1,Top 10,NDCG,0.48721,0.48153,-0.005679999999999963,-1.1658217195870288
SimGCL,campus_34,loss1,Top 20,Hit Ratio,0.66824,0.67247,0.004230000000000067,0.6330061055908158
SimGCL,campus_34,loss1,Top 20,Precision,0.06204,0.06243,0.00039000000000000146,0.6286266924564821
SimGCL,campus_34,loss1,Top 20,Recall,0.68742,0.69173,0.004309999999999925,0.6269820488202154
SimGCL,campus_34,loss1,Top 20,NDCG,0.50388,0.49967,-0.0042099999999999915,-0.8355163927919329
SimGCL,campus_34,loss2,Top 3,Hit Ratio,0.38278,0.38079,-0.0019899999999999918,-0.519880871518886
SimGCL,campus_34,loss2,Top 3,Precision,0.23691,0.23567,-0.0012400000000000189,-0.5234055126419395
SimGCL,campus_34,loss2,Top 3,Recall,0.44872,0.44967,0.0009500000000000064,0.21171331788197684
SimGCL,campus_34,loss2,Top 3,NDCG,0.41384,0.41066,-0.0031799999999999606,-0.7684129132031609
SimGCL,campus_34,loss2,Top 5,Hit Ratio,0.48333,0.47959,-0.0037399999999999656,-0.7737984399892343
SimGCL,campus_34,loss2,Top 5,Precision,0.17948,0.1781,-0.0013799999999999923,-0.7688878983730736
SimGCL,campus_34,loss2,Top 5,Recall,0.5403,0.53535,-0.00495000000000001,-0.9161576901721283
SimGCL,campus_34,loss2,Top 5,NDCG,0.45115,0.44609,-0.005060000000000009,-1.1215781890723726
SimGCL,campus_34,loss2,Top 10,Hit Ratio,0.59831,0.59781,-0.000500000000000056,-0.083568718557279
SimGCL,campus_34,loss2,Top 10,Precision,0.11109,0.111,-8.999999999999286e-05,-0.08101539292464927
SimGCL,campus_34,loss2,Top 10,Recall,0.63571,0.6342,-0.0015100000000000113,-0.23752969121140322
SimGCL,campus_34,loss2,Top 10,NDCG,0.48721,0.48344,-0.0037699999999999956,-0.7737936413456201
SimGCL,campus_34,loss2,Top 20,Hit Ratio,0.66824,0.66899,0.0007500000000000284,0.11223512510475706
SimGCL,campus_34,loss2,Top 20,Precision,0.06204,0.06211,7.000000000000062e-05,0.11283043197936914
SimGCL,campus_34,loss2,Top 20,Recall,0.68742,0.68791,0.0004899999999999904,0.07128102179162527
SimGCL,campus_34,loss2,Top 20,NDCG,0.50388,0.50053,-0.003349999999999964,-0.6648408351194658
SimGCL,campus_34,loss3,Top 3,Hit Ratio,0.38278,0.38128,-0.0015000000000000013,-0.3918700036574537
SimGCL,campus_34,loss3,Top 3,Precision,0.23691,0.23598,-0.0009300000000000141,-0.3925541344814546
SimGCL,campus_34,loss3,Top 3,Recall,0.44872,0.44793,-0.0007900000000000129,-0.1760563380281719
SimGCL,campus_34,loss3,Top 3,NDCG,0.41384,0.41286,-0.0009799999999999809,-0.2368064952638655
SimGCL,campus_34,loss3,Top 5,Hit Ratio,0.48333,0.4781,-0.005229999999999957,-1.0820764281132884
SimGCL,campus_34,loss3,Top 5,Precision,0.17948,0.17754,-0.0019399999999999973,-1.0809003788722964
SimGCL,campus_34,loss3,Top 5,Recall,0.5403,0.53593,-0.004369999999999985,-0.8088099204145818
SimGCL,campus_34,loss3,Top 5,NDCG,0.45115,0.44875,-0.0024000000000000132,-0.5319738446193091
SimGCL,campus_34,loss3,Top 10,Hit Ratio,0.59831,0.6003,0.0019899999999999363,0.33260349985792254
SimGCL,campus_34,loss3,Top 10,Precision,0.11109,0.11146,0.0003700000000000092,0.3330632820235928
SimGCL,campus_34,loss3,Top 10,Recall,0.63571,0.63968,0.003970000000000029,0.6244985921253448
SimGCL,campus_34,loss3,Top 10,NDCG,0.48721,0.48796,0.0007500000000000284,0.15393772705815323
SimGCL,campus_34,loss3,Top 20,Hit Ratio,0.66824,0.67098,0.0027400000000000757,0.4100323237160415
SimGCL,campus_34,loss3,Top 20,Precision,0.06204,0.06229,0.0002500000000000002,0.40296582849774376
SimGCL,campus_34,loss3,Top 20,Recall,0.68742,0.69076,0.0033400000000000096,0.48587471996741577
SimGCL,campus_34,loss3,Top 20,NDCG,0.50388,0.50446,0.0005800000000000249,0.11510677145352563
SimGCL,campus_34,loss4,Top 3,Hit Ratio,0.38278,0.3676,-0.015180000000000027,-3.965724437013435
SimGCL,campus_34,loss4,Top 3,Precision,0.23691,0.22751,-0.00940000000000002,-3.9677514668017473
SimGCL,campus_34,loss4,Top 3,Recall,0.44872,0.42985,-0.018869999999999998,-4.20529506150829
SimGCL,campus_34,loss4,Top 3,NDCG,0.41384,0.39639,-0.017449999999999966,-4.2166054513821685
SimGCL,campus_34,loss4,Top 5,Hit Ratio,0.48333,0.4669,-0.01643,-3.399333788508886
SimGCL,campus_34,loss4,Top 5,Precision,0.17948,0.17338,-0.006099999999999994,-3.3987073768664997
SimGCL,campus_34,loss4,Top 5,Recall,0.5403,0.52248,-0.017819999999999947,-3.298167684619646
SimGCL,campus_34,loss4,Top 5,NDCG,0.45115,0.43423,-0.01691999999999999,-3.750415604566107
SimGCL,campus_34,loss4,Top 10,Hit Ratio,0.59831,0.59258,-0.005730000000000013,-0.9576975146663123
SimGCL,campus_34,loss4,Top 10,Precision,0.11109,0.11003,-0.0010599999999999915,-0.9541812944459372
SimGCL,campus_34,loss4,Top 10,Recall,0.63571,0.62955,-0.006159999999999943,-0.9689952965974963
SimGCL,campus_34,loss4,Top 10,NDCG,0.48721,0.47452,-0.012689999999999979,-2.6046263418238498
SimGCL,campus_34,loss4,Top 20,Hit Ratio,0.66824,0.66575,-0.0024899999999999922,-0.3726206153477781
SimGCL,campus_34,loss4,Top 20,Precision,0.06204,0.06181,-0.00023000000000000104,-0.3707285622179256
SimGCL,campus_34,loss4,Top 20,Recall,0.68742,0.68448,-0.0029400000000000537,-0.42768613074976775
SimGCL,campus_34,loss4,Top 20,NDCG,0.50388,0.4922,-0.011679999999999968,-2.3180122251329616
SimGCL,campus_34,loss5,Top 3,Hit Ratio,0.38278,0.3788,-0.0039799999999999836,-1.039761743037772
SimGCL,campus_34,loss5,Top 3,Precision,0.23691,0.23444,-0.00247,-1.0425900130851378
SimGCL,campus_34,loss5,Top 3,Recall,0.44872,0.44395,-0.0047699999999999965,-1.063023711891602
SimGCL,campus_34,loss5,Top 3,NDCG,0.41384,0.41031,-0.0035299999999999776,-0.8529866615116899
SimGCL,campus_34,loss5,Top 5,Hit Ratio,0.48333,0.47785,-0.005479999999999985,-1.1338009227649815
SimGCL,campus_34,loss5,Top 5,Precision,0.17948,0.17745,-0.002030000000000004,-1.1310452418096746
SimGCL,campus_34,loss5,Top 5,Recall,0.5403,0.53224,-0.008059999999999956,-1.4917638349065252
SimGCL,campus_34,loss5,Top 5,NDCG,0.45115,0.44617,-0.0049799999999999844,-1.103845727585057
SimGCL,campus_34,loss5,Top 10,Hit Ratio,0.59831,0.59856,0.00024999999999997247,0.041784359278630216
SimGCL,campus_34,loss5,Top 10,Precision,0.11109,0.11114,5.000000000000837e-05,0.04500855162481625
SimGCL,campus_34,loss5,Top 10,Recall,0.63571,0.63532,-0.00039000000000000146,-0.06134872819367345
SimGCL,campus_34,loss5,Top 10,NDCG,0.48721,0.48495,-0.0022599999999999842,-0.463865684201881
SimGCL,campus_34,loss5,Top 20,Hit Ratio,0.66824,0.66775,-0.0004899999999999904,-0.0733269484017704
SimGCL,campus_34,loss5,Top 20,Precision,0.06204,0.06199,-4.999999999999449e-05,-0.08059316569953981
SimGCL,campus_34,loss5,Top 20,Recall,0.68742,0.68716,-0.000260000000000038,-0.0378225829914809
SimGCL,campus_34,loss5,Top 20,NDCG,0.50388,0.50157,-0.0023100000000000342,-0.4584424863062702
XSimGCL,campus_10,loss1,Top 3,Hit Ratio,0.22877,0.22302,-0.005750000000000005,-2.5134414477422764
XSimGCL,campus_10,loss1,Top 3,Precision,0.28293,0.27582,-0.007110000000000005,-2.5129890785706728
XSimGCL,campus_10,loss1,Top 3,Recall,0.30624,0.29953,-0.006709999999999994,-2.1910919540229865
XSimGCL,campus_10,loss1,Top 3,NDCG,0.36964,0.36094,-0.008700000000000041,-2.3536413808029546
XSimGCL,campus_10,loss1,Top 5,Hit Ratio,0.31296,0.3084,-0.0045600000000000085,-1.457055214723929
XSimGCL,campus_10,loss1,Top 5,Precision,0.23223,0.22886,-0.003369999999999984,-1.451147569220163
XSimGCL,campus_10,loss1,Top 5,Recall,0.39342,0.38708,-0.006340000000000012,-1.611509328453056
XSimGCL,campus_10,loss1,Top 5,NDCG,0.38856,0.38156,-0.007000000000000006,-1.8015235742227729
XSimGCL,campus_10,loss1,Top 10,Hit Ratio,0.45246,0.44589,-0.006569999999999965,-1.4520620607346428
XSimGCL,campus_10,loss1,Top 10,Precision,0.16788,0.16544,-0.0024399999999999977,-1.453419108887299
XSimGCL,campus_10,loss1,Top 10,Recall,0.51406,0.50781,-0.006249999999999978,-1.2158113838851454
XSimGCL,campus_10,loss1,Top 10,NDCG,0.42485,0.41783,-0.007020000000000026,-1.6523478874897084
XSimGCL,campus_10,loss1,Top 20,Hit Ratio,0.59486,0.58576,-0.009100000000000108,-1.5297717109908393
XSimGCL,campus_10,loss1,Top 20,Precision,0.11036,0.10867,-0.001689999999999997,-1.5313519391083699
XSimGCL,campus_10,loss1,Top 20,Recall,0.62498,0.61733,-0.007649999999999935,-1.2240391692534058
XSimGCL,campus_10,loss1,Top 20,NDCG,0.46343,0.45599,-0.007440000000000002,-1.605420451848176
XSimGCL,campus_10,loss2,Top 3,Hit Ratio,0.22877,0.22638,-0.0023900000000000032,-1.0447174017572247
XSimGCL,campus_10,loss2,Top 3,Precision,0.28293,0.27998,-0.002950000000000008,-1.04266072880218
XSimGCL,campus_10,loss2,Top 3,Recall,0.30624,0.30237,-0.0038699999999999846,-1.2637147335423147
XSimGCL,campus_10,loss2,Top 3,NDCG,0.36964,0.36753,-0.0021100000000000008,-0.5708256682177255
XSimGCL,campus_10,loss2,Top 5,Hit Ratio,0.31296,0.31423,0.0012699999999999934,0.40580265848670544
XSimGCL,campus_10,loss2,Top 5,Precision,0.23223,0.23318,0.0009500000000000064,0.4090772079404067
XSimGCL,campus_10,loss2,Top 5,Recall,0.39342,0.39354,0.00012000000000000899,0.030501753850848707
XSimGCL,campus_10,loss2,Top 5,NDCG,0.38856,0.38883,0.00026999999999999247,0.06948733786287638
XSimGCL,campus_10,loss2,Top 10,Hit Ratio,0.45246,0.4491,-0.003359999999999974,-0.742607081288948
XSimGCL,campus_10,loss2,Top 10,Precision,0.16788,0.16663,-0.0012500000000000011,-0.7445794615201341
XSimGCL,campus_10,loss2,Top 10,Recall,0.51406,0.50996,-0.0040999999999999925,-0.7975722678286566
XSimGCL,campus_10,loss2,Top 10,NDCG,0.42485,0.42253,-0.0023199999999999887,-0.5460750853242294
XSimGCL,campus_10,loss2,Top 20,Hit Ratio,0.59486,0.59315,-0.0017100000000001003,-0.2874625962411492
XSimGCL,campus_10,loss2,Top 20,Precision,0.11036,0.11004,-0.00032000000000000084,-0.2899601304820595
XSimGCL,campus_10,loss2,Top 20,Recall,0.62498,0.62211,-0.002869999999999928,-0.45921469487022437
XSimGCL,campus_10,loss2,Top 20,NDCG,0.46343,0.46159,-0.0018400000000000083,-0.3970394665861098
XSimGCL,campus_10,loss3,Top 3,Hit Ratio,0.22877,0.22929,0.0005199999999999927,0.22730253092625463
XSimGCL,campus_10,loss3,Top 3,Precision,0.28293,0.28358,0.0006499999999999839,0.2297388046513215
XSimGCL,campus_10,loss3,Top 3,Recall,0.30624,0.30651,0.00026999999999999247,0.08816614420062449
XSimGCL,campus_10,loss3,Top 3,NDCG,0.36964,0.37186,0.0022199999999999998,0.6005843523428199
XSimGCL,campus_10,loss3,Top 5,Hit Ratio,0.31296,0.3134,0.00043999999999999595,0.14059304703476352
XSimGCL,campus_10,loss3,Top 5,Precision,0.23223,0.23257,0.00034000000000000696,0.14640657968393703
XSimGCL,campus_10,loss3,Top 5,Recall,0.39342,0.39142,-0.0020000000000000018,-0.5083625641807742
XSimGCL,campus_10,loss3,Top 5,NDCG,0.38856,0.38952,0.0009599999999999609,0.24706609017911282
XSimGCL,campus_10,loss3,Top 10,Hit Ratio,0.45246,0.44962,-0.0028399999999999537,-0.6276797948989864
XSimGCL,campus_10,loss3,Top 10,Precision,0.16788,0.16682,-0.0010600000000000054,-0.6314033833690763
XSimGCL,campus_10,loss3,Top 10,Recall,0.51406,0.51074,-0.0033199999999999896,-0.6458390071197895
XSimGCL,campus_10,loss3,Top 10,NDCG,0.42485,0.42468,-0.00017000000000000348,-0.04001412263151782
XSimGCL,campus_10,loss3,Top 20,Hit Ratio,0.59486,0.59449,-0.0003700000000000925,-0.06219950912821377
XSimGCL,campus_10,loss3,Top 20,Precision,0.11036,0.11029,-7.000000000000062e-05,-0.06342877854295091
XSimGCL,campus_10,loss3,Top 20,Recall,0.62498,0.62456,-0.00041999999999997595,-0.06720215046881116
XSimGCL,campus_10,loss3,Top 20,NDCG,0.46343,0.46423,0.0007999999999999674,0.1726258550374312
XSimGCL,campus_10,loss4,Top 3,Hit Ratio,0.22877,0.21929,-0.009479999999999988,-4.143899986886387
XSimGCL,campus_10,loss4,Top 3,Precision,0.28293,0.27121,-0.011720000000000008,-4.142367370020856
XSimGCL,campus_10,loss4,Top 3,Recall,0.30624,0.29669,-0.009550000000000003,-3.1184691745036583
XSimGCL,campus_10,loss4,Top 3,NDCG,0.36964,0.35342,-0.016220000000000012,-4.388053240991238
XSimGCL,campus_10,loss4,Top 5,Hit Ratio,0.31296,0.30154,-0.011420000000000041,-3.649028629856864
XSimGCL,campus_10,loss4,Top 5,Precision,0.23223,0.22376,-0.008470000000000005,-3.647246264479183
XSimGCL,campus_10,loss4,Top 5,Recall,0.39342,0.38055,-0.012869999999999993,-3.2713131005032774
XSimGCL,campus_10,loss4,Top 5,NDCG,0.38856,0.3728,-0.015759999999999996,-4.056001647107267
XSimGCL,campus_10,loss4,Top 10,Hit Ratio,0.45246,0.44245,-0.010009999999999963,-2.2123502630066665
XSimGCL,campus_10,loss4,Top 10,Precision,0.16788,0.16417,-0.003709999999999991,-2.209911841791751
XSimGCL,campus_10,loss4,Top 10,Recall,0.51406,0.50591,-0.00814999999999999,-1.5854180445862331
XSimGCL,campus_10,loss4,Top 10,NDCG,0.42485,0.41207,-0.012780000000000014,-3.008120513122282
XSimGCL,campus_10,loss4,Top 20,Hit Ratio,0.59486,0.58247,-0.012390000000000012,-2.0828430218875047
XSimGCL,campus_10,loss4,Top 20,Precision,0.11036,0.10806,-0.0022999999999999965,-2.0840884378397937
XSimGCL,campus_10,loss4,Top 20,Recall,0.62498,0.61669,-0.00829000000000002,-1.3264424461582802
XSimGCL,campus_10,loss4,Top 20,NDCG,0.46343,0.45047,-0.012960000000000027,-2.7965388516065053
XSimGCL,campus_10,loss5,Top 3,Hit Ratio,0.22877,0.23086,0.0020900000000000085,0.9135813262228476
XSimGCL,campus_10,loss5,Top 3,Precision,0.28293,0.28552,0.002589999999999981,0.9154207754568201
XSimGCL,campus_10,loss5,Top 3,Recall,0.30624,0.30852,0.0022800000000000042,0.7445141065830735
XSimGCL,campus_10,loss5,Top 3,NDCG,0.36964,0.37303,0.0033899999999999486,0.917108538036995
XSimGCL,campus_10,loss5,Top 5,Hit Ratio,0.31296,0.31176,-0.0012000000000000344,-0.3834355828220969
XSimGCL,campus_10,loss5,Top 5,Precision,0.23223,0.23135,-0.0008799999999999919,-0.3789346768290023
XSimGCL,campus_10,loss5,Top 5,Recall,0.39342,0.39084,-0.002579999999999971,-0.6557877077931907
XSimGCL,campus_10,loss5,Top 5,NDCG,0.38856,0.38864,7.999999999996898e-05,0.02058884084825226
XSimGCL,campus_10,loss5,Top 10,Hit Ratio,0.45246,0.45156,-0.0008999999999999564,-0.19891261105953154
XSimGCL,campus_10,loss5,Top 10,Precision,0.16788,0.16754,-0.00034000000000000696,-0.20252561353348045
XSimGCL,campus_10,loss5,Top 10,Recall,0.51406,0.51222,-0.0018399999999999528,-0.3579348714157789
XSimGCL,campus_10,loss5,Top 10,NDCG,0.42485,0.42505,0.00019999999999997797,0.04707543839001482
XSimGCL,campus_10,loss5,Top 20,Hit Ratio,0.59486,0.59292,-0.0019400000000000528,-0.32612715596948066
XSimGCL,campus_10,loss5,Top 20,Precision,0.11036,0.11,-0.0003599999999999992,-0.3262051467923154
XSimGCL,campus_10,loss5,Top 20,Recall,0.62498,0.62274,-0.0022400000000000198,-0.35841146916701655
XSimGCL,campus_10,loss5,Top 20,NDCG,0.46343,0.46318,-0.000250000000000028,-0.05394557969920548
XSimGCL,campus_102,loss1,Top 3,Hit Ratio,0.22438,0.21357,-0.010809999999999986,-4.817719939388531
XSimGCL,campus_102,loss1,Top 3,Precision,0.24674,0.23485,-0.011889999999999984,-4.818837642862926
XSimGCL,campus_102,loss1,Top 3,Recall,0.29347,0.28369,-0.009780000000000011,-3.3325382492247964
XSimGCL,campus_102,loss1,Top 3,NDCG,0.33333,0.32072,-0.01261000000000001,-3.7830378303783068
XSimGCL,campus_102,loss1,Top 5,Hit Ratio,0.30676,0.29729,-0.009469999999999978,-3.0871039248924173
XSimGCL,campus_102,loss1,Top 5,Precision,0.2024,0.19615,-0.0062500000000000056,-3.0879446640316233
XSimGCL,campus_102,loss1,Top 5,Recall,0.38027,0.37319,-0.007079999999999975,-1.8618350119651763
XSimGCL,campus_102,loss1,Top 5,NDCG,0.35437,0.34521,-0.009160000000000001,-2.584868922312837
XSimGCL,campus_102,loss1,Top 10,Hit Ratio,0.43843,0.43087,-0.007560000000000011,-1.724334557397991
XSimGCL,campus_102,loss1,Top 10,Precision,0.14463,0.14214,-0.00249000000000002,-1.721634515660665
XSimGCL,campus_102,loss1,Top 10,Recall,0.50488,0.4996,-0.005280000000000007,-1.0457930597369685
XSimGCL,campus_102,loss1,Top 10,NDCG,0.39707,0.38989,-0.007179999999999964,-1.8082453975369492
XSimGCL,campus_102,loss1,Top 20,Hit Ratio,0.57832,0.56827,-0.010049999999999892,-1.7377922257573477
XSimGCL,campus_102,loss1,Top 20,Precision,0.09539,0.09373,-0.0016600000000000087,-1.7402243421742414
XSimGCL,campus_102,loss1,Top 20,Recall,0.62321,0.61417,-0.009040000000000048,-1.450554387766571
XSimGCL,campus_102,loss1,Top 20,NDCG,0.43967,0.43145,-0.008220000000000005,-1.8695840061864593
XSimGCL,campus_102,loss2,Top 3,Hit Ratio,0.22438,0.22314,-0.0012399999999999911,-0.5526339245922057
XSimGCL,campus_102,loss2,Top 3,Precision,0.24674,0.24537,-0.0013699999999999823,-0.555240333954763
XSimGCL,campus_102,loss2,Top 3,Recall,0.29347,0.29048,-0.0029899999999999927,-1.0188434933724035
XSimGCL,campus_102,loss2,Top 3,NDCG,0.33333,0.33324,-9.00000000000345e-05,-0.027000270002710377
XSimGCL,campus_102,loss2,Top 5,Hit Ratio,0.30676,0.30476,-0.0020000000000000018,-0.6519754857217375
XSimGCL,campus_102,loss2,Top 5,Precision,0.2024,0.20107,-0.0013299999999999979,-0.6571146245059278
XSimGCL,campus_102,loss2,Top 5,Recall,0.38027,0.37861,-0.0016599999999999948,-0.4365319378336432
XSimGCL,campus_102,loss2,Top 5,NDCG,0.35437,0.35452,0.00014999999999998348,0.04232863955751996
XSimGCL,campus_102,loss2,Top 10,Hit Ratio,0.43843,0.43862,0.00019000000000002348,0.04333645051662146
XSimGCL,campus_102,loss2,Top 10,Precision,0.14463,0.1447,6.999999999998674e-05,0.048399363894065364
XSimGCL,campus_102,loss2,Top 10,Recall,0.50488,0.50329,-0.0015899999999999803,-0.3149263191253328
XSimGCL,campus_102,loss2,Top 10,NDCG,0.39707,0.39792,0.0008500000000000174,0.2140680484549368
XSimGCL,campus_102,loss2,Top 20,Hit Ratio,0.57832,0.57229,-0.00602999999999998,-1.0426753354544163
XSimGCL,campus_102,loss2,Top 20,Precision,0.09539,0.0944,-0.0009900000000000048,-1.0378446378027097
XSimGCL,campus_102,loss2,Top 20,Recall,0.62321,0.61677,-0.006440000000000001,-1.0333595417275077
XSimGCL,campus_102,loss2,Top 20,NDCG,0.43967,0.43873,-0.0009399999999999964,-0.2137967111697401
XSimGCL,campus_102,loss3,Top 3,Hit Ratio,0.22438,0.22658,0.0022000000000000075,0.9804795436313432
XSimGCL,campus_102,loss3,Top 3,Precision,0.24674,0.24916,0.0024200000000000055,0.9807894950149979
XSimGCL,campus_102,loss3,Top 3,Recall,0.29347,0.29684,0.003369999999999984,1.1483286196203988
XSimGCL,campus_102,loss3,Top 3,NDCG,0.33333,0.33683,0.003500000000000003,1.050010500105002
XSimGCL,campus_102,loss3,Top 5,Hit Ratio,0.30676,0.3059,-0.0008599999999999719,-0.2803494588603377
XSimGCL,campus_102,loss3,Top 5,Precision,0.2024,0.20183,-0.0005699999999999872,-0.2816205533596775
XSimGCL,campus_102,loss3,Top 5,Recall,0.38027,0.38124,0.0009700000000000264,0.2550819154811125
XSimGCL,campus_102,loss3,Top 5,NDCG,0.35437,0.3559,0.0015299999999999758,0.4317521234867443
XSimGCL,campus_102,loss3,Top 10,Hit Ratio,0.43843,0.43871,0.00028000000000000247,0.06386424286659272
XSimGCL,campus_102,loss3,Top 10,Precision,0.14463,0.14473,9.999999999998899e-05,0.06914194842009887
XSimGCL,campus_102,loss3,Top 10,Recall,0.50488,0.50589,0.0010099999999999554,0.200047536048161
XSimGCL,campus_102,loss3,Top 10,NDCG,0.39707,0.39903,0.0019600000000000173,0.4936157352607896
XSimGCL,campus_102,loss3,Top 20,Hit Ratio,0.57832,0.57688,-0.0014399999999999968,-0.24899709503389075
XSimGCL,campus_102,loss3,Top 20,Precision,0.09539,0.09515,-0.0002400000000000041,-0.25159870007338725
XSimGCL,campus_102,loss3,Top 20,Recall,0.62321,0.62173,-0.0014800000000000368,-0.23748014312993
XSimGCL,campus_102,loss3,Top 20,NDCG,0.43967,0.44096,0.0012900000000000134,0.2934018695840092
XSimGCL,campus_102,loss4,Top 3,Hit Ratio,0.22438,0.21701,-0.007369999999999988,-3.2846064711649823
XSimGCL,campus_102,loss4,Top 3,Precision,0.24674,0.23864,-0.008099999999999996,-3.2828078138931653
XSimGCL,campus_102,loss4,Top 3,Recall,0.29347,0.28491,-0.008560000000000012,-2.9168228439022768
XSimGCL,campus_102,loss4,Top 3,NDCG,0.33333,0.32326,-0.010070000000000023,-3.02103021030211
XSimGCL,campus_102,loss4,Top 5,Hit Ratio,0.30676,0.29624,-0.010519999999999974,-3.4293910548963273
XSimGCL,campus_102,loss4,Top 5,Precision,0.2024,0.19545,-0.006949999999999984,-3.433794466403154
XSimGCL,campus_102,loss4,Top 5,Recall,0.38027,0.37365,-0.006620000000000015,-1.740868330396827
XSimGCL,campus_102,loss4,Top 5,NDCG,0.35437,0.34535,-0.009020000000000028,-2.545362192059155
XSimGCL,campus_102,loss4,Top 10,Hit Ratio,0.43843,0.42675,-0.011679999999999968,-2.6640512738635516
XSimGCL,campus_102,loss4,Top 10,Precision,0.14463,0.14078,-0.00385000000000002,-2.661965014174113
XSimGCL,campus_102,loss4,Top 10,Recall,0.50488,0.49569,-0.009189999999999976,-1.8202345111709664
XSimGCL,campus_102,loss4,Top 10,NDCG,0.39707,0.38798,-0.009089999999999987,-2.2892688946533326
XSimGCL,campus_102,loss4,Top 20,Hit Ratio,0.57832,0.5655,-0.012819999999999943,-2.2167658043989387
XSimGCL,campus_102,loss4,Top 20,Precision,0.09539,0.09328,-0.0021100000000000008,-2.211971904811826
XSimGCL,campus_102,loss4,Top 20,Recall,0.62321,0.61154,-0.01167000000000007,-1.8725630204906962
XSimGCL,campus_102,loss4,Top 20,NDCG,0.43967,0.43,-0.009670000000000012,-2.199376805331274
XSimGCL,campus_102,loss5,Top 3,Hit Ratio,0.22438,0.22582,0.0014399999999999968,0.6417684285586936
XSimGCL,campus_102,loss5,Top 3,Precision,0.24674,0.24832,0.0015800000000000258,0.6403501661668257
XSimGCL,campus_102,loss5,Top 3,Recall,0.29347,0.29683,0.003359999999999974,1.1449211162980795
XSimGCL,campus_102,loss5,Top 3,NDCG,0.33333,0.3361,0.0027699999999999947,0.8310083100830992
XSimGCL,campus_102,loss5,Top 5,Hit Ratio,0.30676,0.30782,0.0010600000000000054,0.3455470074325223
XSimGCL,campus_102,loss5,Top 5,Precision,0.2024,0.20309,0.0006899999999999962,0.34090909090908905
XSimGCL,campus_102,loss5,Top 5,Recall,0.38027,0.38509,0.004819999999999991,1.2675204459988931
XSimGCL,campus_102,loss5,Top 5,NDCG,0.35437,0.35716,0.002789999999999959,0.7873126957699464
XSimGCL,campus_102,loss5,Top 10,Hit Ratio,0.43843,0.43919,0.0007600000000000384,0.1733458020664732
XSimGCL,campus_102,loss5,Top 10,Precision,0.14463,0.14489,0.00025999999999998247,0.1797690658922647
XSimGCL,campus_102,loss5,Top 10,Recall,0.50488,0.50553,0.0006500000000000394,0.12874346379338444
XSimGCL,campus_102,loss5,Top 10,NDCG,0.39707,0.39875,0.0016800000000000148,0.4230992016521054
XSimGCL,campus_102,loss5,Top 20,Hit Ratio,0.57832,0.57487,-0.003449999999999953,-0.5965555401853564
XSimGCL,campus_102,loss5,Top 20,Precision,0.09539,0.09482,-0.0005700000000000011,-0.5975469126742856
XSimGCL,campus_102,loss5,Top 20,Recall,0.62321,0.61969,-0.0035200000000000786,-0.5648176377144267
XSimGCL,campus_102,loss5,Top 20,NDCG,0.43967,0.43979,0.00012000000000000899,0.027293197170607273
XSimGCL,campus_143,loss1,Top 3,Hit Ratio,0.4836,0.48411,0.0005100000000000104,0.10545905707196246
XSimGCL,campus_143,loss1,Top 3,Precision,0.27586,0.27616,0.00030000000000002247,0.10875081563112539
XSimGCL,campus_143,loss1,Top 3,Recall,0.55585,0.55162,-0.004229999999999956,-0.7609966717639572
XSimGCL,campus_143,loss1,Top 3,NDCG,0.50521,0.50629,0.0010799999999999699,0.21377249064744755
XSimGCL,campus_143,loss1,Top 5,Hit Ratio,0.59055,0.59907,0.008519999999999972,1.442722885445766
XSimGCL,campus_143,loss1,Top 5,Precision,0.20212,0.20504,0.002920000000000006,1.4446863249554749
XSimGCL,campus_143,loss1,Top 5,Recall,0.64769,0.65186,0.004170000000000007,0.643826521947229
XSimGCL,campus_143,loss1,Top 5,NDCG,0.54292,0.54759,0.004670000000000063,0.8601635600088527
XSimGCL,campus_143,loss1,Top 10,Hit Ratio,0.72462,0.72565,0.0010299999999999754,0.14214346830062313
XSimGCL,campus_143,loss1,Top 10,Precision,0.12401,0.12418,0.00017000000000000348,0.1370857188936404
XSimGCL,campus_143,loss1,Top 10,Recall,0.7562,0.75487,-0.0013299999999999423,-0.175879396984917
XSimGCL,campus_143,loss1,Top 10,NDCG,0.58439,0.58678,0.0023900000000000032,0.4089734595047833
XSimGCL,campus_143,loss1,Top 20,Hit Ratio,0.80858,0.80186,-0.006719999999999948,-0.831086596255157
XSimGCL,campus_143,loss1,Top 20,Precision,0.06919,0.06861,-0.0005799999999999972,-0.8382714265067166
XSimGCL,campus_143,loss1,Top 20,Recall,0.82554,0.81266,-0.012880000000000003,-1.5601909053468035
XSimGCL,campus_143,loss1,Top 20,NDCG,0.60561,0.60492,-0.0006899999999999684,-0.11393471045721974
XSimGCL,campus_143,loss2,Top 3,Hit Ratio,0.4836,0.48825,0.004650000000000043,0.9615384615384704
XSimGCL,campus_143,loss2,Top 3,Precision,0.27586,0.27851,0.0026499999999999857,0.9606322047415304
XSimGCL,campus_143,loss2,Top 3,Recall,0.55585,0.55535,-0.0004999999999999449,-0.08995232526759828
XSimGCL,campus_143,loss2,Top 3,NDCG,0.50521,0.51009,0.0048799999999999955,0.9659349577403445
XSimGCL,campus_143,loss2,Top 5,Hit Ratio,0.59055,0.59287,0.0023199999999999887,0.3928541190415695
XSimGCL,campus_143,loss2,Top 5,Precision,0.20212,0.20292,0.0007999999999999952,0.3958044725905379
XSimGCL,campus_143,loss2,Top 5,Recall,0.64769,0.64706,-0.0006300000000000194,-0.09726875511433239
XSimGCL,campus_143,loss2,Top 5,NDCG,0.54292,0.54709,0.004170000000000007,0.7680689604361614
XSimGCL,campus_143,loss2,Top 10,Hit Ratio,0.72462,0.72514,0.0005199999999999649,0.07176175098671923
XSimGCL,campus_143,loss2,Top 10,Precision,0.12401,0.12409,8.000000000001062e-05,0.06451092653819097
XSimGCL,campus_143,loss2,Top 10,Recall,0.7562,0.75048,-0.005719999999999947,-0.756413647183278
XSimGCL,campus_143,loss2,Top 10,NDCG,0.58439,0.58686,0.0024700000000000832,0.42266294768905754
XSimGCL,campus_143,loss2,Top 20,Hit Ratio,0.80858,0.80393,-0.004649999999999932,-0.5750822429444127
XSimGCL,campus_143,loss2,Top 20,Precision,0.06919,0.06879,-0.0003999999999999976,-0.5781182251770451
XSimGCL,campus_143,loss2,Top 20,Recall,0.82554,0.81659,-0.008950000000000014,-1.0841388666812042
XSimGCL,campus_143,loss2,Top 20,NDCG,0.60561,0.60687,0.0012600000000000389,0.20805468866102592
XSimGCL,campus_143,loss3,Top 3,Hit Ratio,0.4836,0.49186,0.008260000000000045,1.7080231596360722
XSimGCL,campus_143,loss3,Top 3,Precision,0.27586,0.28058,0.004720000000000002,1.7110128325962455
XSimGCL,campus_143,loss3,Top 3,Recall,0.55585,0.55914,0.003290000000000015,0.5918863002608645
XSimGCL,campus_143,loss3,Top 3,NDCG,0.50521,0.51314,0.007929999999999993,1.56964430632806
XSimGCL,campus_143,loss3,Top 5,Hit Ratio,0.59055,0.59855,0.008000000000000007,1.3546693760054198
XSimGCL,campus_143,loss3,Top 5,Precision,0.20212,0.20486,0.0027399999999999924,1.3556303186225966
XSimGCL,campus_143,loss3,Top 5,Recall,0.64769,0.65303,0.005340000000000011,0.8244684957309841
XSimGCL,campus_143,loss3,Top 5,NDCG,0.54292,0.55075,0.007830000000000004,1.4422014293081862
XSimGCL,campus_143,loss3,Top 10,Hit Ratio,0.72462,0.72204,-0.0025800000000000267,-0.3560486875879808
XSimGCL,campus_143,loss3,Top 10,Precision,0.12401,0.12356,-0.0004499999999999921,-0.36287396177726966
XSimGCL,campus_143,loss3,Top 10,Recall,0.7562,0.75189,-0.004310000000000036,-0.5699550383496477
XSimGCL,campus_143,loss3,Top 10,NDCG,0.58439,0.5884,0.004010000000000069,0.68618559523607
XSimGCL,campus_143,loss3,Top 20,Hit Ratio,0.80858,0.80832,-0.00025999999999992696,-0.032155136164625266
XSimGCL,campus_143,loss3,Top 20,Precision,0.06919,0.06916,-3.0000000000002247e-05,-0.043358866888281895
XSimGCL,campus_143,loss3,Top 20,Recall,0.82554,0.82111,-0.004430000000000045,-0.5366184557986342
XSimGCL,campus_143,loss3,Top 20,NDCG,0.60561,0.60986,0.004249999999999976,0.7017717673089903
XSimGCL,campus_143,loss4,Top 3,Hit Ratio,0.4836,0.48179,-0.0018099999999999783,-0.3742762613730311
XSimGCL,campus_143,loss4,Top 3,Precision,0.27586,0.27483,-0.0010299999999999754,-0.37337780033349355
XSimGCL,campus_143,loss4,Top 3,Recall,0.55585,0.54701,-0.008839999999999959,-1.5903571107313053
XSimGCL,campus_143,loss4,Top 3,NDCG,0.50521,0.50192,-0.003290000000000015,-0.6512143465093753
XSimGCL,campus_143,loss4,Top 5,Hit Ratio,0.59055,0.59158,0.0010299999999999754,0.17441368216069347
XSimGCL,campus_143,loss4,Top 5,Precision,0.20212,0.20248,0.0003599999999999992,0.17811201266574272
XSimGCL,campus_143,loss4,Top 5,Recall,0.64769,0.64586,-0.0018299999999999983,-0.2825425743797184
XSimGCL,campus_143,loss4,Top 5,NDCG,0.54292,0.54226,-0.0006599999999999939,-0.12156487143593789
XSimGCL,campus_143,loss4,Top 10,Hit Ratio,0.72462,0.72126,-0.0033600000000000296,-0.4636913140680673
XSimGCL,campus_143,loss4,Top 10,Precision,0.12401,0.12343,-0.0005799999999999972,-0.4677042174018202
XSimGCL,campus_143,loss4,Top 10,Recall,0.7562,0.75029,-0.005909999999999971,-0.7815392753239845
XSimGCL,campus_143,loss4,Top 10,NDCG,0.58439,0.58223,-0.0021599999999999397,-0.3696161809750235
XSimGCL,campus_143,loss4,Top 20,Hit Ratio,0.80858,0.80057,-0.008009999999999962,-0.990625541071998
XSimGCL,campus_143,loss4,Top 20,Precision,0.06919,0.0685,-0.0006899999999999962,-0.9972539384304033
XSimGCL,campus_143,loss4,Top 20,Recall,0.82554,0.81191,-0.013630000000000031,-1.651040531046349
XSimGCL,campus_143,loss4,Top 20,NDCG,0.60561,0.60149,-0.0041200000000000125,-0.6803058073677801
XSimGCL,campus_143,loss5,Top 3,Hit Ratio,0.4836,0.48592,0.0023200000000000442,0.47973531844500505
XSimGCL,campus_143,loss5,Top 3,Precision,0.27586,0.27719,0.0013299999999999979,0.482128615964619
XSimGCL,campus_143,loss5,Top 3,Recall,0.55585,0.55947,0.0036200000000000676,0.6512548349374954
XSimGCL,campus_143,loss5,Top 3,NDCG,0.50521,0.50654,0.0013299999999999423,0.26325686348250077
XSimGCL,campus_143,loss5,Top 5,Hit Ratio,0.59055,0.59184,0.0012900000000000134,0.218440436880876
XSimGCL,campus_143,loss5,Top 5,Precision,0.20212,0.20256,0.00043999999999999595,0.21769245992479513
XSimGCL,campus_143,loss5,Top 5,Recall,0.64769,0.65001,0.0023199999999999887,0.3581960505797509
XSimGCL,campus_143,loss5,Top 5,NDCG,0.54292,0.54362,0.0007000000000000339,0.12893243940175972
XSimGCL,campus_143,loss5,Top 10,Hit Ratio,0.72462,0.72462,0.0,0.0
XSimGCL,campus_143,loss5,Top 10,Precision,0.12401,0.12401,0.0,0.0
XSimGCL,campus_143,loss5,Top 10,Recall,0.7562,0.75428,-0.0019200000000000328,-0.2539010843692189
XSimGCL,campus_143,loss5,Top 10,NDCG,0.58439,0.58383,-0.0005600000000000049,-0.09582641728982443
XSimGCL,campus_143,loss5,Top 20,Hit Ratio,0.80858,0.80703,-0.0015499999999999403,-0.1916940809814663
XSimGCL,campus_143,loss5,Top 20,Precision,0.06919,0.06905,-0.00014000000000000123,-0.20234137881196884
XSimGCL,campus_143,loss5,Top 20,Recall,0.82554,0.82363,-0.0019100000000000783,-0.23136371344817672
XSimGCL,campus_143,loss5,Top 20,NDCG,0.60561,0.60486,-0.0007500000000000284,-0.12384207658394486
XSimGCL,campus_15,loss1,Top 3,Hit Ratio,0.14631,0.15098,0.0046700000000000075,3.1918529150434063
XSimGCL,campus_15,loss1,Top 3,Precision,0.2363,0.24384,0.007539999999999991,3.1908590774439234
XSimGCL,campus_15,loss1,Top 3,Recall,0.27687,0.24557,-0.031299999999999994,-11.304944558818216
XSimGCL,campus_15,loss1,Top 3,NDCG,0.32624,0.32374,-0.0024999999999999467,-0.7663070132417689
XSimGCL,campus_15,loss1,Top 5,Hit Ratio,0.21331,0.21856,0.005250000000000005,2.461206694482211
XSimGCL,campus_15,loss1,Top 5,Precision,0.20671,0.2118,0.005089999999999983,2.4623869188718412
XSimGCL,campus_15,loss1,Top 5,Recall,0.35691,0.31705,-0.03986000000000001,-11.168081589196158
XSimGCL,campus_15,loss1,Top 5,NDCG,0.35442,0.34207,-0.012350000000000028,-3.4845663337283526
XSimGCL,campus_15,loss1,Top 10,Hit Ratio,0.34187,0.349,0.00712999999999997,2.0855880890396845
XSimGCL,campus_15,loss1,Top 10,Precision,0.16565,0.1691,0.0034500000000000086,2.082704497434355
XSimGCL,campus_15,loss1,Top 10,Recall,0.4694,0.43205,-0.037349999999999994,-7.95696634000852
XSimGCL,campus_15,loss1,Top 10,NDCG,0.38777,0.36752,-0.02024999999999999,-5.222167779869507
XSimGCL,campus_15,loss1,Top 20,Hit Ratio,0.50789,0.51928,0.011390000000000011,2.2426115891236313
XSimGCL,campus_15,loss1,Top 20,Precision,0.12304,0.1258,0.0027599999999999986,2.2431729518855645
XSimGCL,campus_15,loss1,Top 20,Recall,0.57988,0.55993,-0.019949999999999912,-3.440366972477049
XSimGCL,campus_15,loss1,Top 20,NDCG,0.42399,0.40558,-0.018409999999999982,-4.34208353970612
XSimGCL,campus_15,loss2,Top 3,Hit Ratio,0.14631,0.1559,0.009590000000000015,6.554575900485283
XSimGCL,campus_15,loss2,Top 3,Precision,0.2363,0.25179,0.015490000000000004,6.555226407109608
XSimGCL,campus_15,loss2,Top 3,Recall,0.27687,0.24882,-0.02804999999999999,-10.1311084624553
XSimGCL,campus_15,loss2,Top 3,NDCG,0.32624,0.33322,0.006980000000000042,2.1395291809710772
XSimGCL,campus_15,loss2,Top 5,Hit Ratio,0.21331,0.22343,0.01011999999999999,4.744268904411415
XSimGCL,campus_15,loss2,Top 5,Precision,0.20671,0.21652,0.009809999999999985,4.7457791108315925
XSimGCL,campus_15,loss2,Top 5,Recall,0.35691,0.32187,-0.035040000000000016,-9.817601075901491
XSimGCL,campus_15,loss2,Top 5,NDCG,0.35442,0.35011,-0.004310000000000036,-1.2160713278031814
XSimGCL,campus_15,loss2,Top 10,Hit Ratio,0.34187,0.35699,0.015119999999999967,4.4227337876970685
XSimGCL,campus_15,loss2,Top 10,Precision,0.16565,0.17297,0.007320000000000021,4.4189556293389805
XSimGCL,campus_15,loss2,Top 10,Recall,0.4694,0.4378,-0.03159999999999996,-6.731998295696625
XSimGCL,campus_15,loss2,Top 10,NDCG,0.38777,0.37529,-0.012479999999999991,-3.2184026613714294
XSimGCL,campus_15,loss2,Top 20,Hit Ratio,0.50789,0.52617,0.018280000000000074,3.599204552166823
XSimGCL,campus_15,loss2,Top 20,Precision,0.12304,0.12747,0.004430000000000003,3.600455136540965
XSimGCL,campus_15,loss2,Top 20,Recall,0.57988,0.56585,-0.014029999999999987,-2.419466096433743
XSimGCL,campus_15,loss2,Top 20,NDCG,0.42399,0.41247,-0.011519999999999975,-2.7170452133304974
XSimGCL,campus_15,loss3,Top 3,Hit Ratio,0.14631,0.15557,0.009260000000000018,6.329027407559304
XSimGCL,campus_15,loss3,Top 3,Precision,0.2363,0.25126,0.014959999999999973,6.33093525179855
XSimGCL,campus_15,loss3,Top 3,Recall,0.27687,0.25077,-0.026100000000000012,-9.42680680463756
XSimGCL,campus_15,loss3,Top 3,NDCG,0.32624,0.33381,0.007570000000000021,2.3203776360961323
XSimGCL,campus_15,loss3,Top 5,Hit Ratio,0.21331,0.22208,0.00877,4.111387182973138
XSimGCL,campus_15,loss3,Top 5,Precision,0.20671,0.21521,0.008500000000000008,4.112041023656333
XSimGCL,campus_15,loss3,Top 5,Recall,0.35691,0.3212,-0.03571000000000002,-10.005323470903035
XSimGCL,campus_15,loss3,Top 5,NDCG,0.35442,0.34976,-0.0046599999999999975,-1.314824219852152
XSimGCL,campus_15,loss3,Top 10,Hit Ratio,0.34187,0.3565,0.014629999999999976,4.279404451984665
XSimGCL,campus_15,loss3,Top 10,Precision,0.16565,0.17274,0.007090000000000013,4.280108662843352
XSimGCL,campus_15,loss3,Top 10,Recall,0.4694,0.4364,-0.032999999999999974,-7.030251384746479
XSimGCL,campus_15,loss3,Top 10,NDCG,0.38777,0.37525,-0.012520000000000031,-3.228718054516861
XSimGCL,campus_15,loss3,Top 20,Hit Ratio,0.50789,0.52686,0.018970000000000042,3.735060741499152
XSimGCL,campus_15,loss3,Top 20,Precision,0.12304,0.12764,0.004600000000000007,3.738621586475949
XSimGCL,campus_15,loss3,Top 20,Recall,0.57988,0.56443,-0.015449999999999964,-2.6643443471062915
XSimGCL,campus_15,loss3,Top 20,NDCG,0.42399,0.41265,-0.011339999999999961,-2.674591381872205
XSimGCL,campus_15,loss4,Top 3,Hit Ratio,0.14631,0.14098,-0.005330000000000001,-3.6429499008953607
XSimGCL,campus_15,loss4,Top 3,Precision,0.2363,0.22769,-0.008610000000000007,-3.643673296656795
XSimGCL,campus_15,loss4,Top 3,Recall,0.27687,0.27294,-0.003929999999999989,-1.419438725755766
XSimGCL,campus_15,loss4,Top 3,NDCG,0.32624,0.31803,-0.008209999999999995,-2.5165522314860214
XSimGCL,campus_15,loss4,Top 5,Hit Ratio,0.21331,0.20766,-0.005649999999999988,-2.6487272045379906
XSimGCL,campus_15,loss4,Top 5,Precision,0.20671,0.20123,-0.005480000000000013,-2.6510570364278516
XSimGCL,campus_15,loss4,Top 5,Recall,0.35691,0.35307,-0.00384000000000001,-1.0759014877700288
XSimGCL,campus_15,loss4,Top 5,NDCG,0.35442,0.34766,-0.006759999999999988,-1.907341572146038
XSimGCL,campus_15,loss4,Top 10,Hit Ratio,0.34187,0.33425,-0.007620000000000016,-2.2289174247521033
XSimGCL,campus_15,loss4,Top 10,Precision,0.16565,0.16195,-0.003699999999999981,-2.2336251131904508
XSimGCL,campus_15,loss4,Top 10,Recall,0.4694,0.46586,-0.0035399999999999876,-0.7541542394546203
XSimGCL,campus_15,loss4,Top 10,NDCG,0.38777,0.38227,-0.005500000000000005,-1.4183665574954238
XSimGCL,campus_15,loss4,Top 20,Hit Ratio,0.50789,0.50137,-0.00651999999999997,-1.283742542676558
XSimGCL,campus_15,loss4,Top 20,Precision,0.12304,0.12147,-0.001570000000000002,-1.2760078023407038
XSimGCL,campus_15,loss4,Top 20,Recall,0.57988,0.57777,-0.0021099999999999453,-0.3638683865627277
XSimGCL,campus_15,loss4,Top 20,NDCG,0.42399,0.41972,-0.004269999999999996,-1.0070992240383019
XSimGCL,campus_15,loss5,Top 3,Hit Ratio,0.14631,0.15594,0.00963,6.581915111749026
XSimGCL,campus_15,loss5,Top 3,Precision,0.2363,0.25185,0.015550000000000008,6.580617858654255
XSimGCL,campus_15,loss5,Top 3,Recall,0.27687,0.25139,-0.025480000000000003,-9.202874995485248
XSimGCL,campus_15,loss5,Top 3,NDCG,0.32624,0.33483,0.008590000000000042,2.633030897498787
XSimGCL,campus_15,loss5,Top 5,Hit Ratio,0.21331,0.22491,0.0116,5.438094791617833
XSimGCL,campus_15,loss5,Top 5,Precision,0.20671,0.21795,0.01124,5.4375695418702525
XSimGCL,campus_15,loss5,Top 5,Recall,0.35691,0.32139,-0.035519999999999996,-9.952088761872739
XSimGCL,campus_15,loss5,Top 5,NDCG,0.35442,0.35176,-0.0026599999999999957,-0.7505219795722576
XSimGCL,campus_15,loss5,Top 10,Hit Ratio,0.34187,0.3597,0.017830000000000013,5.215432766841201
XSimGCL,campus_15,loss5,Top 10,Precision,0.16565,0.17429,0.008640000000000009,5.215816480531246
XSimGCL,campus_15,loss5,Top 10,Recall,0.4694,0.43813,-0.031269999999999964,-6.661695781849161
XSimGCL,campus_15,loss5,Top 10,NDCG,0.38777,0.37677,-0.01100000000000001,-2.8367331149908477
XSimGCL,campus_15,loss5,Top 20,Hit Ratio,0.50789,0.52781,0.01992000000000005,3.9221091181161376
XSimGCL,campus_15,loss5,Top 20,Precision,0.12304,0.12787,0.004830000000000015,3.9255526657997524
XSimGCL,campus_15,loss5,Top 20,Recall,0.57988,0.56484,-0.015039999999999942,-2.593640063461396
XSimGCL,campus_15,loss5,Top 20,NDCG,0.42399,0.41319,-0.010799999999999976,-2.547229887497341
XSimGCL,campus_34,loss1,Top 3,Hit Ratio,0.36287,0.3661,0.003229999999999955,0.8901259404194215
XSimGCL,campus_34,loss1,Top 3,Precision,0.22458,0.22659,0.0020100000000000118,0.8950040074806357
XSimGCL,campus_34,loss1,Top 3,Recall,0.43019,0.42957,-0.0006200000000000094,-0.1441223645366023
XSimGCL,campus_34,loss1,Top 3,NDCG,0.38971,0.3937,0.0039899999999999936,1.0238382386903067
XSimGCL,campus_34,loss1,Top 5,Hit Ratio,0.47188,0.47337,0.0014899999999999913,0.31575824362125776
XSimGCL,campus_34,loss1,Top 5,Precision,0.17523,0.17579,0.0005600000000000049,0.31957998059693254
XSimGCL,campus_34,loss1,Top 5,Recall,0.53497,0.53117,-0.0037999999999999146,-0.7103202048712852
XSimGCL,campus_34,loss1,Top 5,NDCG,0.43312,0.43571,0.002589999999999981,0.5979867011451748
XSimGCL,campus_34,loss1,Top 10,Hit Ratio,0.60901,0.60801,-0.0010000000000000009,-0.16420091624111274
XSimGCL,campus_34,loss1,Top 10,Precision,0.11308,0.11289,-0.00018999999999999573,-0.16802263883975568
XSimGCL,campus_34,loss1,Top 10,Recall,0.65093,0.64758,-0.003349999999999964,-0.5146482724716888
XSimGCL,campus_34,loss1,Top 10,NDCG,0.47708,0.47928,0.0021999999999999797,0.46113859310806987
XSimGCL,campus_34,loss1,Top 20,Hit Ratio,0.70682,0.70234,-0.0044800000000000395,-0.6338247361421634
XSimGCL,campus_34,loss1,Top 20,Precision,0.06562,0.0652,-0.0004200000000000037,-0.6400487656202434
XSimGCL,campus_34,loss1,Top 20,Recall,0.72784,0.72645,-0.0013900000000000023,-0.19097603868982227
XSimGCL,campus_34,loss1,Top 20,NDCG,0.5013,0.50363,0.0023300000000000542,0.46479154199083467
XSimGCL,campus_34,loss2,Top 3,Hit Ratio,0.36287,0.36984,0.006969999999999976,1.9207980819577193
XSimGCL,campus_34,loss2,Top 3,Precision,0.22458,0.2289,0.0043199999999999905,1.9235907026449328
XSimGCL,campus_34,loss2,Top 3,Recall,0.43019,0.43397,0.0037800000000000056,0.878681512819918
XSimGCL,campus_34,loss2,Top 3,NDCG,0.38971,0.39908,0.00936999999999999,2.404351954017087
XSimGCL,campus_34,loss2,Top 5,Hit Ratio,0.47188,0.48158,0.009699999999999986,2.0556073578028284
XSimGCL,campus_34,loss2,Top 5,Precision,0.17523,0.17884,0.003610000000000002,2.0601495177766376
XSimGCL,campus_34,loss2,Top 5,Recall,0.53497,0.53978,0.004810000000000092,0.8991158382713221
XSimGCL,campus_34,loss2,Top 5,NDCG,0.43312,0.44279,0.009670000000000012,2.232637606206135
XSimGCL,campus_34,loss2,Top 10,Hit Ratio,0.60901,0.61224,0.003229999999999955,0.5303689594587864
XSimGCL,campus_34,loss2,Top 10,Precision,0.11308,0.11368,0.0006000000000000033,0.5305978068624012
XSimGCL,campus_34,loss2,Top 10,Recall,0.65093,0.65218,0.0012499999999999734,0.1920329374894341
XSimGCL,campus_34,loss2,Top 10,NDCG,0.47708,0.48493,0.007850000000000024,1.6454263435901784
XSimGCL,campus_34,loss2,Top 20,Hit Ratio,0.70682,0.69786,-0.008959999999999968,-1.2676494722843112
XSimGCL,campus_34,loss2,Top 20,Precision,0.06562,0.06479,-0.0008299999999999974,-1.2648582749161803
XSimGCL,campus_34,loss2,Top 20,Recall,0.72784,0.7216,-0.006240000000000023,-0.8573312816003549
XSimGCL,campus_34,loss2,Top 20,NDCG,0.5013,0.50652,0.005220000000000002,1.041292639138241
XSimGCL,campus_34,loss3,Top 3,Hit Ratio,0.36287,0.3661,0.003229999999999955,0.8901259404194215
XSimGCL,campus_34,loss3,Top 3,Precision,0.22458,0.22659,0.0020100000000000118,0.8950040074806357
XSimGCL,campus_34,loss3,Top 3,Recall,0.43019,0.43177,0.0015799999999999703,0.3672795741416514
XSimGCL,campus_34,loss3,Top 3,NDCG,0.38971,0.39486,0.005149999999999988,1.3214954709912468
XSimGCL,campus_34,loss3,Top 5,Hit Ratio,0.47188,0.47287,0.0009899999999999909,0.2097991014664726
XSimGCL,campus_34,loss3,Top 5,Precision,0.17523,0.1756,0.0003700000000000092,0.211151058608691
XSimGCL,campus_34,loss3,Top 5,Recall,0.53497,0.53168,-0.003289999999999904,-0.6149877563227666
XSimGCL,campus_34,loss3,Top 5,NDCG,0.43312,0.43617,0.003049999999999997,0.7041928333949015
XSimGCL,campus_34,loss3,Top 10,Hit Ratio,0.60901,0.61,0.0009899999999999354,0.16255890707869086
XSimGCL,campus_34,loss3,Top 10,Precision,0.11308,0.11326,0.0001799999999999996,0.15917934205871914
XSimGCL,campus_34,loss3,Top 10,Recall,0.65093,0.65023,-0.0007000000000000339,-0.10753844499409058
XSimGCL,campus_34,loss3,Top 10,NDCG,0.47708,0.48081,0.003730000000000011,0.7818395237696008
XSimGCL,campus_34,loss3,Top 20,Hit Ratio,0.70682,0.7001,-0.006720000000000059,-0.9507371042132451
XSimGCL,campus_34,loss3,Top 20,Precision,0.06562,0.065,-0.0006199999999999956,-0.9448338921060584
XSimGCL,campus_34,loss3,Top 20,Recall,0.72784,0.7242,-0.0036400000000000876,-0.5001099142668839
XSimGCL,campus_34,loss3,Top 20,NDCG,0.5013,0.50395,0.002650000000000041,0.5286255735088852
XSimGCL,campus_34,loss4,Top 3,Hit Ratio,0.36287,0.35341,-0.009460000000000024,-2.6069942403615687
XSimGCL,campus_34,loss4,Top 3,Precision,0.22458,0.21873,-0.005849999999999994,-2.6048624098316835
XSimGCL,campus_34,loss4,Top 3,Recall,0.43019,0.42373,-0.006460000000000021,-1.5016620563007093
XSimGCL,campus_34,loss4,Top 3,NDCG,0.38971,0.37744,-0.012270000000000003,-3.1484950347694447
XSimGCL,campus_34,loss4,Top 5,Hit Ratio,0.47188,0.46292,-0.008960000000000024,-1.8987878274137542
XSimGCL,campus_34,loss4,Top 5,Precision,0.17523,0.1719,-0.0033299999999999996,-1.9003595274781713
XSimGCL,campus_34,loss4,Top 5,Recall,0.53497,0.5281,-0.006869999999999932,-1.2841841598594188
XSimGCL,campus_34,loss4,Top 5,NDCG,0.43312,0.42149,-0.01163000000000003,-2.685168082748437
XSimGCL,campus_34,loss4,Top 10,Hit Ratio,0.60901,0.60279,-0.006220000000000003,-1.021329699019721
XSimGCL,campus_34,loss4,Top 10,Precision,0.11308,0.11192,-0.0011599999999999944,-1.0258224266006317
XSimGCL,campus_34,loss4,Top 10,Recall,0.65093,0.64665,-0.0042800000000000615,-0.6575207779638459
XSimGCL,campus_34,loss4,Top 10,NDCG,0.47708,0.46682,-0.010259999999999991,-2.1505827114949256
XSimGCL,campus_34,loss4,Top 20,Hit Ratio,0.70682,0.70134,-0.00548000000000004,-0.7753034718881809
XSimGCL,campus_34,loss4,Top 20,Precision,0.06562,0.06511,-0.0005099999999999966,-0.7772020725388549
XSimGCL,campus_34,loss4,Top 20,Recall,0.72784,0.72437,-0.003470000000000084,-0.4767531325566174
XSimGCL,campus_34,loss4,Top 20,NDCG,0.5013,0.49149,-0.009809999999999985,-1.9569120287253112
XSimGCL,campus_34,loss5,Top 3,Hit Ratio,0.36287,0.35963,-0.0032400000000000206,-0.8928817482845153
XSimGCL,campus_34,loss5,Top 3,Precision,0.22458,0.22258,-0.0020000000000000018,-0.8905512512245087
XSimGCL,campus_34,loss5,Top 3,Recall,0.43019,0.42669,-0.003500000000000003,-0.8135939933517754
XSimGCL,campus_34,loss5,Top 3,NDCG,0.38971,0.38619,-0.003520000000000023,-0.903235739395967
XSimGCL,campus_34,loss5,Top 5,Hit Ratio,0.47188,0.46889,-0.002990000000000048,-0.6336356700856252
XSimGCL,campus_34,loss5,Top 5,Precision,0.17523,0.17412,-0.0011099999999999999,-0.6334531758260572
XSimGCL,campus_34,loss5,Top 5,Recall,0.53497,0.53198,-0.002989999999999937,-0.5589098454118806
XSimGCL,campus_34,loss5,Top 5,NDCG,0.43312,0.43035,-0.0027699999999999947,-0.6395456224602869
XSimGCL,campus_34,loss5,Top 10,Hit Ratio,0.60901,0.60627,-0.0027400000000000757,-0.449910510500661
XSimGCL,campus_34,loss5,Top 10,Precision,0.11308,0.11257,-0.0005099999999999966,-0.4510081358330355
XSimGCL,campus_34,loss5,Top 10,Recall,0.65093,0.64865,-0.0022800000000000598,-0.35026807798074444
XSimGCL,campus_34,loss5,Top 10,NDCG,0.47708,0.47484,-0.0022400000000000198,-0.46952293116458865
XSimGCL,campus_34,loss5,Top 20,Hit Ratio,0.70682,0.70035,-0.006469999999999976,-0.915367420276729
XSimGCL,campus_34,loss5,Top 20,Precision,0.06562,0.06502,-0.0006000000000000033,-0.9143553794574875
XSimGCL,campus_34,loss5,Top 20,Recall,0.72784,0.72276,-0.0050800000000000844,-0.6979555946361954
XSimGCL,campus_34,loss5,Top 20,NDCG,0.5013,0.49829,-0.003009999999999957,-0.6004388589666781
