Model,Campus,Loss,TopK,Metric,Baseline(loss0),Value,AbsDiff,RelDiff(%)
NCL,campus_10,loss1,Top 3,Hit Ratio,0.21944,0.21145,-0.007989999999999997,-3.641086401749907
NCL,campus_10,loss1,Top 3,Precision,0.27139,0.26152,-0.009870000000000045,-3.6368326025277438
NCL,campus_10,loss1,Top 3,Recall,0.29537,0.28423,-0.011140000000000039,-3.7715407793614917
NCL,campus_10,loss1,Top 3,NDCG,0.35446,0.33997,-0.014490000000000003,-4.087908367657846
NCL,campus_10,loss1,Top 5,Hit Ratio,0.3037,0.29318,-0.01052000000000003,-3.4639446822522317
NCL,campus_10,loss1,Top 5,Precision,0.22537,0.21756,-0.007809999999999984,-3.4654124328881326
NCL,campus_10,loss1,Top 5,Recall,0.38103,0.37129,-0.009739999999999971,-2.5562291683069502
NCL,campus_10,loss1,Top 5,NDCG,0.3745,0.36115,-0.013349999999999973,-3.5647530040053335
NCL,campus_10,loss1,Top 10,Hit Ratio,0.43708,0.43051,-0.00657000000000002,-1.5031573167383592
NCL,campus_10,loss1,Top 10,Precision,0.16217,0.15973,-0.0024399999999999977,-1.5045939446260082
NCL,campus_10,loss1,Top 10,Recall,0.49609,0.4914,-0.004689999999999972,-0.9453929730492395
NCL,campus_10,loss1,Top 10,NDCG,0.40876,0.3987,-0.010060000000000013,-2.4611018690674267
NCL,campus_10,loss1,Top 20,Hit Ratio,0.5768,0.56867,-0.00812999999999997,-1.409500693481271
NCL,campus_10,loss1,Top 20,Precision,0.10701,0.1055,-0.0015099999999999975,-1.4110830763480025
NCL,campus_10,loss1,Top 20,Recall,0.60226,0.59346,-0.00880000000000003,-1.4611629528774996
NCL,campus_10,loss1,Top 20,NDCG,0.44625,0.43514,-0.011109999999999953,-2.489635854341726
NCL,campus_10,loss2,Top 3,Hit Ratio,0.21944,0.21794,-0.0015000000000000013,-0.683558148013125
NCL,campus_10,loss2,Top 3,Precision,0.27139,0.26955,-0.0018400000000000083,-0.6779910829433686
NCL,campus_10,loss2,Top 3,Recall,0.29537,0.29326,-0.0021100000000000008,-0.7143582625181977
NCL,campus_10,loss2,Top 3,NDCG,0.35446,0.35303,-0.0014299999999999868,-0.40343057044518055
NCL,campus_10,loss2,Top 5,Hit Ratio,0.3037,0.29982,-0.00388000000000005,-1.2775765558116725
NCL,campus_10,loss2,Top 5,Precision,0.22537,0.22249,-0.0028799999999999937,-1.2778985668012575
NCL,campus_10,loss2,Top 5,Recall,0.38103,0.3763,-0.0047299999999999565,-1.2413720704406364
NCL,campus_10,loss2,Top 5,NDCG,0.3745,0.37148,-0.0030200000000000227,-0.8064085447263077
NCL,campus_10,loss2,Top 10,Hit Ratio,0.43708,0.43327,-0.0038100000000000356,-0.8716939690674558
NCL,campus_10,loss2,Top 10,Precision,0.16217,0.16076,-0.0014100000000000223,-0.8694579761978307
NCL,campus_10,loss2,Top 10,Recall,0.49609,0.49079,-0.005299999999999971,-1.068354532443704
NCL,campus_10,loss2,Top 10,NDCG,0.40876,0.40601,-0.00275000000000003,-0.6727664155005456
NCL,campus_10,loss2,Top 20,Hit Ratio,0.5768,0.5721,-0.0046999999999999265,-0.814840499306506
NCL,campus_10,loss2,Top 20,Precision,0.10701,0.10613,-0.0008799999999999919,-0.8223530511167105
NCL,campus_10,loss2,Top 20,Recall,0.60226,0.59348,-0.00878000000000001,-1.457842127984593
NCL,campus_10,loss2,Top 20,NDCG,0.44625,0.44262,-0.0036299999999999666,-0.813445378151253
NCL,campus_10,loss3,Top 3,Hit Ratio,0.21944,0.22093,0.0014899999999999913,0.6790010936930329
NCL,campus_10,loss3,Top 3,Precision,0.27139,0.27324,0.0018499999999999628,0.6816758170897832
NCL,campus_10,loss3,Top 3,Recall,0.29537,0.29786,0.0024899999999999922,0.8430104614551215
NCL,campus_10,loss3,Top 3,NDCG,0.35446,0.35833,0.0038699999999999846,1.0918016137222775
NCL,campus_10,loss3,Top 5,Hit Ratio,0.3037,0.30378,7.999999999996898e-05,0.02634178465590022
NCL,campus_10,loss3,Top 5,Precision,0.22537,0.22542,5.000000000002225e-05,0.022185739006976193
NCL,campus_10,loss3,Top 5,Recall,0.38103,0.38262,0.0015900000000000358,0.41728997716716165
NCL,campus_10,loss3,Top 5,NDCG,0.3745,0.37734,0.002840000000000009,0.7583444592790411
NCL,campus_10,loss3,Top 10,Hit Ratio,0.43708,0.43954,0.0024599999999999622,0.5628260272718866
NCL,campus_10,loss3,Top 10,Precision,0.16217,0.16309,0.0009200000000000041,0.5673059135475145
NCL,campus_10,loss3,Top 10,Recall,0.49609,0.49766,0.0015700000000000158,0.3164748331955927
NCL,campus_10,loss3,Top 10,NDCG,0.40876,0.41194,0.0031799999999999606,0.7779626186515218
NCL,campus_10,loss3,Top 20,Hit Ratio,0.5768,0.57747,0.0006700000000000594,0.11615811373093957
NCL,campus_10,loss3,Top 20,Precision,0.10701,0.10713,0.00012000000000000899,0.11213905242501543
NCL,campus_10,loss3,Top 20,Recall,0.60226,0.59837,-0.00389000000000006,-0.6459004416697207
NCL,campus_10,loss3,Top 20,NDCG,0.44625,0.44783,0.0015800000000000258,0.35406162464986574
NCL,campus_10,loss4,Top 3,Hit Ratio,0.21944,0.2057,-0.013740000000000002,-6.261392635800219
NCL,campus_10,loss4,Top 3,Precision,0.27139,0.25441,-0.016979999999999995,-6.256678580640404
NCL,campus_10,loss4,Top 3,Recall,0.29537,0.28111,-0.014259999999999995,-4.827843044317294
NCL,campus_10,loss4,Top 3,NDCG,0.35446,0.33317,-0.021289999999999976,-6.0063194718727
NCL,campus_10,loss4,Top 5,Hit Ratio,0.3037,0.28736,-0.01634000000000002,-5.380309515969714
NCL,campus_10,loss4,Top 5,Precision,0.22537,0.21324,-0.012129999999999974,-5.382260283090019
NCL,campus_10,loss4,Top 5,Recall,0.38103,0.36352,-0.01750999999999997,-4.595438679369071
NCL,campus_10,loss4,Top 5,NDCG,0.3745,0.3542,-0.020299999999999985,-5.420560747663547
NCL,campus_10,loss4,Top 10,Hit Ratio,0.43708,0.42118,-0.015900000000000025,-3.6377779811476216
NCL,campus_10,loss4,Top 10,Precision,0.16217,0.15627,-0.005900000000000016,-3.6381574890547053
NCL,campus_10,loss4,Top 10,Recall,0.49609,0.48367,-0.012419999999999987,-2.5035779798020497
NCL,campus_10,loss4,Top 10,NDCG,0.40876,0.39149,-0.017270000000000008,-4.224973089343382
NCL,campus_10,loss4,Top 20,Hit Ratio,0.5768,0.55941,-0.017390000000000017,-3.0149098474341223
NCL,campus_10,loss4,Top 20,Precision,0.10701,0.10378,-0.0032299999999999968,-3.018409494439769
NCL,campus_10,loss4,Top 20,Recall,0.60226,0.58511,-0.01715,-2.8476073456646627
NCL,campus_10,loss4,Top 20,NDCG,0.44625,0.42799,-0.01826,-4.091876750700281
NCL,campus_10,loss5,Top 3,Hit Ratio,0.21944,0.21861,-0.0008299999999999974,-0.37823550856726096
NCL,campus_10,loss5,Top 3,Precision,0.27139,0.27038,-0.0010100000000000109,-0.3721581487895688
NCL,campus_10,loss5,Top 3,Recall,0.29537,0.29393,-0.0014399999999999968,-0.4875241222872996
NCL,campus_10,loss5,Top 3,NDCG,0.35446,0.35502,0.0005600000000000049,0.15798679681769592
NCL,campus_10,loss5,Top 5,Hit Ratio,0.3037,0.30221,-0.0014900000000000468,-0.4906157392163473
NCL,campus_10,loss5,Top 5,Precision,0.22537,0.22426,-0.0011099999999999999,-0.4925234059546524
NCL,campus_10,loss5,Top 5,Recall,0.38103,0.38102,-9.99999999995449e-06,-0.002624465265190271
NCL,campus_10,loss5,Top 5,NDCG,0.3745,0.37527,0.0007699999999999929,0.20560747663551215
NCL,campus_10,loss5,Top 10,Hit Ratio,0.43708,0.43924,0.0021599999999999953,0.4941887068728825
NCL,campus_10,loss5,Top 10,Precision,0.16217,0.16297,0.0007999999999999952,0.49330949004131164
NCL,campus_10,loss5,Top 10,Recall,0.49609,0.4963,0.00021000000000004349,0.042331028644004814
NCL,campus_10,loss5,Top 10,NDCG,0.40876,0.41037,0.0016100000000000003,0.3938741559839515
NCL,campus_10,loss5,Top 20,Hit Ratio,0.5768,0.58024,0.0034399999999999986,0.596393897364771
NCL,campus_10,loss5,Top 20,Precision,0.10701,0.10764,0.0006300000000000056,0.588730025231292
NCL,campus_10,loss5,Top 20,Recall,0.60226,0.60633,0.004070000000000018,0.6757878657058444
NCL,campus_10,loss5,Top 20,NDCG,0.44625,0.4487,0.0024500000000000077,0.549019607843139
NCL,campus_102,loss1,Top 3,Hit Ratio,0.21567,0.20448,-0.011190000000000005,-5.188482403672279
NCL,campus_102,loss1,Top 3,Precision,0.23716,0.22485,-0.012310000000000015,-5.1905886321470796
NCL,campus_102,loss1,Top 3,Recall,0.28352,0.27138,-0.012139999999999984,-4.281884875846496
NCL,campus_102,loss1,Top 3,NDCG,0.32202,0.30537,-0.016649999999999998,-5.170486305198434
NCL,campus_102,loss1,Top 5,Hit Ratio,0.30016,0.28504,-0.015119999999999967,-5.037313432835811
NCL,campus_102,loss1,Top 5,Precision,0.19804,0.18807,-0.009970000000000007,-5.0343364976772405
NCL,campus_102,loss1,Top 5,Recall,0.37052,0.35676,-0.013759999999999994,-3.713699665335203
NCL,campus_102,loss1,Top 5,NDCG,0.34535,0.32903,-0.01632,-4.725640654408571
NCL,campus_102,loss1,Top 10,Hit Ratio,0.43202,0.41489,-0.017130000000000034,-3.9650942086014616
NCL,campus_102,loss1,Top 10,Precision,0.14252,0.13687,-0.005650000000000016,-3.9643558798765195
NCL,campus_102,loss1,Top 10,Recall,0.48861,0.4784,-0.010209999999999997,-2.0896011133623946
NCL,campus_102,loss1,Top 10,NDCG,0.3868,0.37243,-0.014369999999999994,-3.715098241985521
NCL,campus_102,loss1,Top 20,Hit Ratio,0.55669,0.5477,-0.008990000000000054,-1.6149023693617728
NCL,campus_102,loss1,Top 20,Precision,0.09182,0.09034,-0.0014799999999999952,-1.6118492703114737
NCL,campus_102,loss1,Top 20,Recall,0.58771,0.58701,-0.0006999999999999229,-0.11910636198123614
NCL,campus_102,loss1,Top 20,NDCG,0.42313,0.41201,-0.011120000000000019,-2.628033937560565
NCL,campus_102,loss2,Top 3,Hit Ratio,0.21567,0.21749,0.0018199999999999883,0.843881856540079
NCL,campus_102,loss2,Top 3,Precision,0.23716,0.23916,0.0020000000000000018,0.8433125316242206
NCL,campus_102,loss2,Top 3,Recall,0.28352,0.28439,0.0008699999999999819,0.3068566591422058
NCL,campus_102,loss2,Top 3,NDCG,0.32202,0.32447,0.0024500000000000077,0.7608223091733457
NCL,campus_102,loss2,Top 5,Hit Ratio,0.30016,0.30007,-8.999999999997899e-05,-0.029984008528777646
NCL,campus_102,loss2,Top 5,Precision,0.19804,0.19798,-6.0000000000004494e-05,-0.030296909715211318
NCL,campus_102,loss2,Top 5,Recall,0.37052,0.37343,0.002909999999999968,0.785382705387015
NCL,campus_102,loss2,Top 5,NDCG,0.34535,0.34707,0.0017199999999999993,0.4980454611263933
NCL,campus_102,loss2,Top 10,Hit Ratio,0.43202,0.42656,-0.00546000000000002,-1.263830378223235
NCL,campus_102,loss2,Top 10,Precision,0.14252,0.14072,-0.001799999999999996,-1.2629806342969379
NCL,campus_102,loss2,Top 10,Recall,0.48861,0.48829,-0.00031999999999998696,-0.06549190560978838
NCL,campus_102,loss2,Top 10,NDCG,0.3868,0.38665,-0.00014999999999998348,-0.03877973112719325
NCL,campus_102,loss2,Top 20,Hit Ratio,0.55669,0.55746,0.0007699999999999374,0.13831755555155245
NCL,campus_102,loss2,Top 20,Precision,0.09182,0.09195,0.0001300000000000051,0.1415813548246625
NCL,campus_102,loss2,Top 20,Recall,0.58771,0.59425,0.00653999999999999,1.1127937247962416
NCL,campus_102,loss2,Top 20,NDCG,0.42313,0.42544,0.0023099999999999787,0.5459315104105071
NCL,campus_102,loss3,Top 3,Hit Ratio,0.21567,0.21931,0.0036400000000000043,1.6877637130801708
NCL,campus_102,loss3,Top 3,Precision,0.23716,0.24116,0.0040000000000000036,1.6866250632484412
NCL,campus_102,loss3,Top 3,Recall,0.28352,0.28514,0.0016200000000000103,0.5713882618510194
NCL,campus_102,loss3,Top 3,NDCG,0.32202,0.32396,0.0019400000000000528,0.6024470529780923
NCL,campus_102,loss3,Top 5,Hit Ratio,0.30016,0.2994,-0.0007599999999999829,-0.25319829424306467
NCL,campus_102,loss3,Top 5,Precision,0.19804,0.19754,-0.0005000000000000004,-0.2524742476267423
NCL,campus_102,loss3,Top 5,Recall,0.37052,0.37026,-0.000260000000000038,-0.07017165065314639
NCL,campus_102,loss3,Top 5,NDCG,0.34535,0.34492,-0.00042999999999998595,-0.12451136528159432
NCL,campus_102,loss3,Top 10,Hit Ratio,0.43202,0.43316,0.0011399999999999744,0.26387667237627294
NCL,campus_102,loss3,Top 10,Precision,0.14252,0.1429,0.00037999999999999146,0.26662924501823704
NCL,campus_102,loss3,Top 10,Recall,0.48861,0.49196,0.0033500000000000196,0.685618386852504
NCL,campus_102,loss3,Top 10,NDCG,0.3868,0.38779,0.0009900000000000464,0.2559462254395156
NCL,campus_102,loss3,Top 20,Hit Ratio,0.55669,0.56052,0.00383,0.6879951139772584
NCL,campus_102,loss3,Top 20,Precision,0.09182,0.09246,0.0006400000000000017,0.697015900675236
NCL,campus_102,loss3,Top 20,Recall,0.58771,0.59595,0.008240000000000025,1.4020520324649957
NCL,campus_102,loss3,Top 20,NDCG,0.42313,0.42559,0.0024600000000000177,0.581381608489121
NCL,campus_102,loss4,Top 3,Hit Ratio,0.21567,0.20486,-0.010810000000000014,-5.0122872907683105
NCL,campus_102,loss4,Top 3,Precision,0.23716,0.22527,-0.011890000000000012,-5.013493000505992
NCL,campus_102,loss4,Top 3,Recall,0.28352,0.27239,-0.011129999999999973,-3.925648984198636
NCL,campus_102,loss4,Top 3,NDCG,0.32202,0.30606,-0.015959999999999974,-4.956213899757771
NCL,campus_102,loss4,Top 5,Hit Ratio,0.30016,0.28437,-0.01578999999999997,-5.260527718550097
NCL,campus_102,loss4,Top 5,Precision,0.19804,0.18763,-0.010410000000000003,-5.2565138355887715
NCL,campus_102,loss4,Top 5,Recall,0.37052,0.35392,-0.016600000000000004,-4.480190003238692
NCL,campus_102,loss4,Top 5,NDCG,0.34535,0.32783,-0.01751999999999998,-5.073114231938607
NCL,campus_102,loss4,Top 10,Hit Ratio,0.43202,0.41527,-0.016750000000000043,-3.87713531780937
NCL,campus_102,loss4,Top 10,Precision,0.14252,0.13699,-0.005530000000000007,-3.880157170923384
NCL,campus_102,loss4,Top 10,Recall,0.48861,0.47997,-0.008639999999999981,-1.7682814514643541
NCL,campus_102,loss4,Top 10,NDCG,0.3868,0.37253,-0.014270000000000005,-3.6892450879007255
NCL,campus_102,loss4,Top 20,Hit Ratio,0.55669,0.54579,-0.01090000000000002,-1.9580017604052564
NCL,campus_102,loss4,Top 20,Precision,0.09182,0.09003,-0.00179,-1.9494663472010454
NCL,campus_102,loss4,Top 20,Recall,0.58771,0.58697,-0.0007399999999999629,-0.1259124398087429
NCL,campus_102,loss4,Top 20,NDCG,0.42313,0.41153,-0.0116,-2.7414742514120953
NCL,campus_102,loss5,Top 3,Hit Ratio,0.21567,0.21586,0.00018999999999999573,0.08809755645198485
NCL,campus_102,loss5,Top 3,Precision,0.23716,0.23737,0.00020999999999998797,0.08854781582053801
NCL,campus_102,loss5,Top 3,Recall,0.28352,0.28366,0.000140000000000029,0.04937923250565357
NCL,campus_102,loss5,Top 3,NDCG,0.32202,0.32178,-0.00023999999999996247,-0.074529532327173
NCL,campus_102,loss5,Top 5,Hit Ratio,0.30016,0.29767,-0.0024899999999999922,-0.8295575692963728
NCL,campus_102,loss5,Top 5,Precision,0.19804,0.1964,-0.0016400000000000026,-0.8281155322157153
NCL,campus_102,loss5,Top 5,Recall,0.37052,0.36746,-0.003060000000000007,-0.8258663499946041
NCL,campus_102,loss5,Top 5,NDCG,0.34535,0.3431,-0.0022499999999999742,-0.6515129578688212
NCL,campus_102,loss5,Top 10,Hit Ratio,0.43202,0.43288,0.0008599999999999719,0.19906485810841443
NCL,campus_102,loss5,Top 10,Precision,0.14252,0.1428,0.00028000000000000247,0.19646365422397027
NCL,campus_102,loss5,Top 10,Recall,0.48861,0.49205,0.0034399999999999986,0.7040379853052534
NCL,campus_102,loss5,Top 10,NDCG,0.3868,0.38696,0.000160000000000049,0.04136504653569002
NCL,campus_102,loss5,Top 20,Hit Ratio,0.55669,0.56062,0.003929999999999989,0.7059584328800569
NCL,campus_102,loss5,Top 20,Precision,0.09182,0.09247,0.0006499999999999978,0.7079067741232823
NCL,campus_102,loss5,Top 20,Recall,0.58771,0.59656,0.008850000000000025,1.50584471933437
NCL,campus_102,loss5,Top 20,NDCG,0.42313,0.42484,0.0017099999999999893,0.4041311180960908
NCL,campus_143,loss1,Top 3,Hit Ratio,0.4991,0.48721,-0.011890000000000012,-2.3822881186135065
NCL,campus_143,loss1,Top 3,Precision,0.2847,0.27793,-0.006769999999999998,-2.3779416930101855
NCL,campus_143,loss1,Top 3,Recall,0.56615,0.55574,-0.01041000000000003,-1.8387353174953684
NCL,campus_143,loss1,Top 3,NDCG,0.52615,0.51314,-0.013009999999999966,-2.4726788938515565
NCL,campus_143,loss1,Top 5,Hit Ratio,0.59649,0.58538,-0.011109999999999953,-1.8625626582172299
NCL,campus_143,loss1,Top 5,Precision,0.20416,0.20035,-0.003810000000000008,-1.866183385579941
NCL,campus_143,loss1,Top 5,Recall,0.64844,0.63844,-0.010000000000000009,-1.5421627290111666
NCL,campus_143,loss1,Top 5,NDCG,0.55851,0.54628,-0.012229999999999963,-2.1897548835293845
NCL,campus_143,loss1,Top 10,Hit Ratio,0.70214,0.69646,-0.005680000000000018,-0.8089554789643117
NCL,campus_143,loss1,Top 10,Precision,0.12016,0.11919,-0.0009699999999999986,-0.8072569906790934
NCL,campus_143,loss1,Top 10,Recall,0.72647,0.72051,-0.005959999999999965,-0.8204055225955601
NCL,campus_143,loss1,Top 10,NDCG,0.58895,0.5785,-0.01044999999999996,-1.7743441718312183
NCL,campus_143,loss1,Top 20,Hit Ratio,0.77474,0.76027,-0.014469999999999983,-1.86772336525802
NCL,campus_143,loss1,Top 20,Precision,0.06629,0.06505,-0.001240000000000005,-1.8705687132297557
NCL,campus_143,loss1,Top 20,Recall,0.78431,0.76861,-0.015699999999999936,-2.0017595083576567
NCL,campus_143,loss1,Top 20,NDCG,0.60629,0.59355,-0.012739999999999974,-2.1013046561876285
NCL,campus_143,loss2,Top 3,Hit Ratio,0.4991,0.48411,-0.014990000000000003,-3.0034061310358653
NCL,campus_143,loss2,Top 3,Precision,0.2847,0.27616,-0.008539999999999992,-2.9996487530734077
NCL,campus_143,loss2,Top 3,Recall,0.56615,0.5537,-0.012450000000000072,-2.199063852335966
NCL,campus_143,loss2,Top 3,NDCG,0.52615,0.51001,-0.016140000000000043,-3.0675662833792727
NCL,campus_143,loss2,Top 5,Hit Ratio,0.59649,0.58693,-0.009560000000000013,-1.6027091820483181
NCL,campus_143,loss2,Top 5,Precision,0.20416,0.20088,-0.003280000000000005,-1.606583072100316
NCL,campus_143,loss2,Top 5,Recall,0.64844,0.63841,-0.010029999999999983,-1.5467892171981963
NCL,campus_143,loss2,Top 5,NDCG,0.55851,0.5444,-0.014109999999999956,-2.5263647920359453
NCL,campus_143,loss2,Top 10,Hit Ratio,0.70214,0.70938,0.007240000000000024,1.031133392200989
NCL,campus_143,loss2,Top 10,Precision,0.12016,0.1214,0.0012399999999999911,1.031957390146464
NCL,campus_143,loss2,Top 10,Recall,0.72647,0.73579,0.009320000000000106,1.2829160185554953
NCL,campus_143,loss2,Top 10,NDCG,0.58895,0.58181,-0.007139999999999924,-1.2123270226674463
NCL,campus_143,loss2,Top 20,Hit Ratio,0.77474,0.77319,-0.0015499999999999403,-0.20006711929162563
NCL,campus_143,loss2,Top 20,Precision,0.06629,0.06616,-0.0001300000000000051,-0.19610801025796518
NCL,campus_143,loss2,Top 20,Recall,0.78431,0.7812,-0.003109999999999946,-0.3965268835026898
NCL,campus_143,loss2,Top 20,NDCG,0.60629,0.59633,-0.009959999999999969,-1.6427782084480973
NCL,campus_143,loss3,Top 3,Hit Ratio,0.4991,0.50039,0.0012900000000000134,0.25846523742737193
NCL,campus_143,loss3,Top 3,Precision,0.2847,0.28544,0.0007400000000000184,0.2599227256761568
NCL,campus_143,loss3,Top 3,Recall,0.56615,0.56826,0.0021099999999999453,0.3726927492713848
NCL,campus_143,loss3,Top 3,NDCG,0.52615,0.52764,0.0014899999999999913,0.2831892045994472
NCL,campus_143,loss3,Top 5,Hit Ratio,0.59649,0.59804,0.0015500000000000513,0.2598534761689302
NCL,campus_143,loss3,Top 5,Precision,0.20416,0.20469,0.0005300000000000027,0.25960031347962514
NCL,campus_143,loss3,Top 5,Recall,0.64844,0.64761,-0.0008299999999999974,-0.1279995065079263
NCL,campus_143,loss3,Top 5,NDCG,0.55851,0.55898,0.00047000000000008146,0.08415247712665512
NCL,campus_143,loss3,Top 10,Hit Ratio,0.70214,0.70964,0.007500000000000062,1.0681630444071073
NCL,campus_143,loss3,Top 10,Precision,0.12016,0.12144,0.0012800000000000034,1.0652463382157151
NCL,campus_143,loss3,Top 10,Recall,0.72647,0.73186,0.005390000000000006,0.7419439206023657
NCL,campus_143,loss3,Top 10,NDCG,0.58895,0.59152,0.0025700000000000722,0.43636981068003605
NCL,campus_143,loss3,Top 20,Hit Ratio,0.77474,0.77215,-0.002589999999999981,-0.3343057025582752
NCL,campus_143,loss3,Top 20,Precision,0.06629,0.06607,-0.00021999999999999797,-0.3318750942826942
NCL,campus_143,loss3,Top 20,Recall,0.78431,0.78245,-0.0018599999999999728,-0.23715112646784725
NCL,campus_143,loss3,Top 20,NDCG,0.60629,0.60667,0.00038000000000004697,0.06267627702915222
NCL,campus_143,loss4,Top 3,Hit Ratio,0.4991,0.47559,-0.023509999999999975,-4.710478861951508
NCL,campus_143,loss4,Top 3,Precision,0.2847,0.27129,-0.013410000000000033,-4.710221285563763
NCL,campus_143,loss4,Top 3,Recall,0.56615,0.54513,-0.02102000000000004,-3.7127969619358896
NCL,campus_143,loss4,Top 3,NDCG,0.52615,0.50075,-0.025399999999999978,-4.827520669010734
NCL,campus_143,loss4,Top 5,Hit Ratio,0.59649,0.57866,-0.017830000000000013,-2.9891532129624996
NCL,campus_143,loss4,Top 5,Precision,0.20416,0.19805,-0.006110000000000004,-2.9927507836990617
NCL,campus_143,loss4,Top 5,Recall,0.64844,0.63484,-0.013600000000000056,-2.0973413114551933
NCL,campus_143,loss4,Top 5,NDCG,0.55851,0.53745,-0.021059999999999968,-3.770747166568185
NCL,campus_143,loss4,Top 10,Hit Ratio,0.70214,0.70137,-0.0007699999999999374,-0.10966473922578651
NCL,campus_143,loss4,Top 10,Precision,0.12016,0.12003,-0.0001300000000000051,-0.10818908122503754
NCL,campus_143,loss4,Top 10,Recall,0.72647,0.72922,0.00275000000000003,0.3785428166338638
NCL,campus_143,loss4,Top 10,NDCG,0.58895,0.57408,-0.014869999999999939,-2.5248323287205943
NCL,campus_143,loss4,Top 20,Hit Ratio,0.77474,0.77577,0.0010299999999999754,0.132947827658308
NCL,campus_143,loss4,Top 20,Precision,0.06629,0.06638,8.999999999999286e-05,0.13576708402472903
NCL,campus_143,loss4,Top 20,Recall,0.78431,0.78701,0.0027000000000000357,0.34425163519527174
NCL,campus_143,loss4,Top 20,NDCG,0.60629,0.59173,-0.014560000000000017,-2.4014910356430117
NCL,campus_143,loss5,Top 3,Hit Ratio,0.4991,0.50349,0.004390000000000005,0.8795832498497306
NCL,campus_143,loss5,Top 3,Precision,0.2847,0.28721,0.0025100000000000122,0.881629785739379
NCL,campus_143,loss5,Top 3,Recall,0.56615,0.56961,0.0034599999999999076,0.6111454561511803
NCL,campus_143,loss5,Top 3,NDCG,0.52615,0.52921,0.0030599999999999516,0.5815831987075837
NCL,campus_143,loss5,Top 5,Hit Ratio,0.59649,0.59726,0.0007700000000000484,0.12908850106456915
NCL,campus_143,loss5,Top 5,Precision,0.20416,0.20442,0.00025999999999998247,0.1273510971786748
NCL,campus_143,loss5,Top 5,Recall,0.64844,0.6462,-0.0022400000000000198,-0.34544445129850404
NCL,campus_143,loss5,Top 5,NDCG,0.55851,0.55873,0.00021999999999999797,0.03939052120821436
NCL,campus_143,loss5,Top 10,Hit Ratio,0.70214,0.71196,0.009820000000000051,1.3985814794770346
NCL,campus_143,loss5,Top 10,Precision,0.12016,0.12184,0.001680000000000001,1.3981358189081232
NCL,campus_143,loss5,Top 10,Recall,0.72647,0.7364,0.009930000000000105,1.3668836978815513
NCL,campus_143,loss5,Top 10,NDCG,0.58895,0.59305,0.0040999999999999925,0.6961541726801923
NCL,campus_143,loss5,Top 20,Hit Ratio,0.77474,0.77241,-0.0023299999999999432,-0.30074605674160926
NCL,campus_143,loss5,Top 20,Precision,0.06629,0.06609,-0.00020000000000000573,-0.301704631166097
NCL,campus_143,loss5,Top 20,Recall,0.78431,0.78218,-0.0021299999999999653,-0.27157628998737304
NCL,campus_143,loss5,Top 20,NDCG,0.60629,0.60729,0.0010000000000000009,0.1649375711293277
NCL,campus_15,loss1,Top 3,Hit Ratio,0.14967,0.14229,-0.007379999999999998,-4.930847865303667
NCL,campus_15,loss1,Top 3,Precision,0.24173,0.22981,-0.011920000000000014,-4.9311214991933205
NCL,campus_15,loss1,Top 3,Recall,0.24962,0.24251,-0.007110000000000005,-2.848329460780388
NCL,campus_15,loss1,Top 3,NDCG,0.32576,0.30797,-0.017789999999999973,-5.461075638506868
NCL,campus_15,loss1,Top 5,Hit Ratio,0.21565,0.20778,-0.007870000000000016,-3.6494319499188568
NCL,campus_15,loss1,Top 5,Precision,0.20898,0.20135,-0.007629999999999998,-3.6510670877595937
NCL,campus_15,loss1,Top 5,Recall,0.31966,0.31338,-0.006280000000000008,-1.9645873740849678
NCL,campus_15,loss1,Top 5,NDCG,0.34395,0.32868,-0.01526999999999995,-4.439598778892266
NCL,campus_15,loss1,Top 10,Hit Ratio,0.34617,0.33482,-0.011349999999999971,-3.2787358812144243
NCL,campus_15,loss1,Top 10,Precision,0.16773,0.16223,-0.005499999999999977,-3.279079472962486
NCL,campus_15,loss1,Top 10,Recall,0.43387,0.42517,-0.008699999999999986,-2.0052089335515215
NCL,campus_15,loss1,Top 10,NDCG,0.37066,0.35593,-0.014729999999999965,-3.973992337991681
NCL,campus_15,loss1,Top 20,Hit Ratio,0.51441,0.50539,-0.009020000000000028,-1.7534651348146473
NCL,campus_15,loss1,Top 20,Precision,0.12462,0.12244,-0.0021800000000000014,-1.7493179264965506
NCL,campus_15,loss1,Top 20,Recall,0.54993,0.54472,-0.005210000000000048,-0.9473933046024126
NCL,campus_15,loss1,Top 20,NDCG,0.40591,0.39326,-0.012649999999999995,-3.116454386440343
NCL,campus_15,loss2,Top 3,Hit Ratio,0.14967,0.14786,-0.001810000000000006,-1.20932718647692
NCL,campus_15,loss2,Top 3,Precision,0.24173,0.23881,-0.002920000000000006,-1.2079592934265528
NCL,campus_15,loss2,Top 3,Recall,0.24962,0.24555,-0.004070000000000018,-1.630478327057134
NCL,campus_15,loss2,Top 3,NDCG,0.32576,0.32129,-0.004469999999999974,-1.3721758349705226
NCL,campus_15,loss2,Top 5,Hit Ratio,0.21565,0.21491,-0.0007400000000000184,-0.3431486204498115
NCL,campus_15,loss2,Top 5,Precision,0.20898,0.20826,-0.0007199999999999984,-0.3445305770887159
NCL,campus_15,loss2,Top 5,Recall,0.31966,0.31984,0.00018000000000001348,0.056309829193522336
NCL,campus_15,loss2,Top 5,NDCG,0.34395,0.34148,-0.0024699999999999722,-0.718127634830636
NCL,campus_15,loss2,Top 10,Hit Ratio,0.34617,0.34663,0.00046000000000001595,0.13288268769680098
NCL,campus_15,loss2,Top 10,Precision,0.16773,0.16795,0.00021999999999999797,0.13116317891849877
NCL,campus_15,loss2,Top 10,Recall,0.43387,0.4348,0.0009300000000000419,0.21434992048310367
NCL,campus_15,loss2,Top 10,NDCG,0.37066,0.36883,-0.0018299999999999983,-0.4937139157179081
NCL,campus_15,loss2,Top 20,Hit Ratio,0.51441,0.51547,0.0010599999999999499,0.20606131296046923
NCL,campus_15,loss2,Top 20,Precision,0.12462,0.12488,0.0002600000000000102,0.2086342481142756
NCL,campus_15,loss2,Top 20,Recall,0.54993,0.55012,0.00019000000000002348,0.03454985179932418
NCL,campus_15,loss2,Top 20,NDCG,0.40591,0.40396,-0.0019500000000000073,-0.4804020595698572
NCL,campus_15,loss3,Top 3,Hit Ratio,0.14967,0.14975,7.999999999999674e-05,0.053450925369143275
NCL,campus_15,loss3,Top 3,Precision,0.24173,0.24186,0.00012999999999999123,0.053779009638849636
NCL,campus_15,loss3,Top 3,Recall,0.24962,0.24769,-0.001930000000000015,-0.773175226344049
NCL,campus_15,loss3,Top 3,NDCG,0.32576,0.3229,-0.0028599999999999737,-0.8779469548133514
NCL,campus_15,loss3,Top 5,Hit Ratio,0.21565,0.21597,0.00031999999999998696,0.14838859262693577
NCL,campus_15,loss3,Top 5,Precision,0.20898,0.20929,0.0003100000000000047,0.14833955402431082
NCL,campus_15,loss3,Top 5,Recall,0.31966,0.32093,0.0012699999999999934,0.39729712819870905
NCL,campus_15,loss3,Top 5,NDCG,0.34395,0.34204,-0.0019099999999999673,-0.5553132722779378
NCL,campus_15,loss3,Top 10,Hit Ratio,0.34617,0.34663,0.00046000000000001595,0.13288268769680098
NCL,campus_15,loss3,Top 10,Precision,0.16773,0.16795,0.00021999999999999797,0.13116317891849877
NCL,campus_15,loss3,Top 10,Recall,0.43387,0.4331,-0.0007699999999999929,-0.1774725148085816
NCL,campus_15,loss3,Top 10,NDCG,0.37066,0.36809,-0.0025700000000000167,-0.6933577942049363
NCL,campus_15,loss3,Top 20,Hit Ratio,0.51441,0.51658,0.0021700000000000053,0.4218424991738118
NCL,campus_15,loss3,Top 20,Precision,0.12462,0.12515,0.0005300000000000166,0.4252928903867891
NCL,campus_15,loss3,Top 20,Recall,0.54993,0.55157,0.0016399999999999748,0.2982197734257041
NCL,campus_15,loss3,Top 20,NDCG,0.40591,0.40408,-0.0018299999999999983,-0.45083885590401773
NCL,campus_15,loss4,Top 3,Hit Ratio,0.14967,0.14188,-0.007789999999999991,-5.204783857820533
NCL,campus_15,loss4,Top 3,Precision,0.24173,0.22915,-0.012580000000000008,-5.204153394282881
NCL,campus_15,loss4,Top 3,Recall,0.24962,0.23935,-0.010270000000000001,-4.1142536655716695
NCL,campus_15,loss4,Top 3,NDCG,0.32576,0.30898,-0.016780000000000017,-5.151031434184681
NCL,campus_15,loss4,Top 5,Hit Ratio,0.21565,0.20798,-0.00767000000000001,-3.556689079527016
NCL,campus_15,loss4,Top 5,Precision,0.20898,0.20155,-0.007429999999999992,-3.5553641496793915
NCL,campus_15,loss4,Top 5,Recall,0.31966,0.31285,-0.006809999999999983,-2.13038853782143
NCL,campus_15,loss4,Top 5,NDCG,0.34395,0.33012,-0.013829999999999953,-4.0209332751853335
NCL,campus_15,loss4,Top 10,Hit Ratio,0.34617,0.33486,-0.011309999999999987,-3.2671808648929677
NCL,campus_15,loss4,Top 10,Precision,0.16773,0.16225,-0.005479999999999985,-3.2671555476062633
NCL,campus_15,loss4,Top 10,Recall,0.43387,0.42467,-0.009199999999999986,-2.120450826284368
NCL,campus_15,loss4,Top 10,NDCG,0.37066,0.35722,-0.013440000000000007,-3.6259644957643147
NCL,campus_15,loss4,Top 20,Hit Ratio,0.51441,0.50535,-0.009060000000000068,-1.7612410334169375
NCL,campus_15,loss4,Top 20,Precision,0.12462,0.12243,-0.0021899999999999975,-1.7573423206547887
NCL,campus_15,loss4,Top 20,Recall,0.54993,0.54168,-0.00824999999999998,-1.5001909333915189
NCL,campus_15,loss4,Top 20,NDCG,0.40591,0.39384,-0.01206999999999997,-2.973565568722123
NCL,campus_15,loss5,Top 3,Hit Ratio,0.14967,0.15073,0.0010600000000000054,0.7082247611411809
NCL,campus_15,loss5,Top 3,Precision,0.24173,0.24345,0.0017199999999999993,0.7115376659909813
NCL,campus_15,loss5,Top 3,Recall,0.24962,0.25142,0.0017999999999999683,0.7210960660203383
NCL,campus_15,loss5,Top 3,NDCG,0.32576,0.32592,0.00015999999999999348,0.04911591355599014
NCL,campus_15,loss5,Top 5,Hit Ratio,0.21565,0.21798,0.0023299999999999987,1.0804544400649194
NCL,campus_15,loss5,Top 5,Precision,0.20898,0.21124,0.002260000000000012,1.081443200306255
NCL,campus_15,loss5,Top 5,Recall,0.31966,0.32428,0.004620000000000013,1.445285615966969
NCL,campus_15,loss5,Top 5,NDCG,0.34395,0.34531,0.0013600000000000279,0.39540630905655705
NCL,campus_15,loss5,Top 10,Hit Ratio,0.34617,0.34552,-0.0006499999999999839,-0.18776901522372938
NCL,campus_15,loss5,Top 10,Precision,0.16773,0.16741,-0.00031999999999998696,-0.19078280569962855
NCL,campus_15,loss5,Top 10,Recall,0.43387,0.4334,-0.00046999999999997044,-0.10832737916886867
NCL,campus_15,loss5,Top 10,NDCG,0.37066,0.36944,-0.0012199999999999989,-0.32914261047860544
NCL,campus_15,loss5,Top 20,Hit Ratio,0.51441,0.51752,0.003109999999999946,0.6045761163274326
NCL,campus_15,loss5,Top 20,Precision,0.12462,0.12538,0.0007599999999999968,0.6098539560263174
NCL,campus_15,loss5,Top 20,Recall,0.54993,0.55505,0.005120000000000013,0.9310275853290443
NCL,campus_15,loss5,Top 20,NDCG,0.40591,0.40645,0.0005399999999999849,0.13303441649626394
NCL,campus_34,loss1,Top 3,Hit Ratio,0.37158,0.36038,-0.011200000000000043,-3.014155767264127
NCL,campus_34,loss1,Top 3,Precision,0.22998,0.22304,-0.006940000000000002,-3.0176537090181763
NCL,campus_34,loss1,Top 3,Recall,0.43376,0.42338,-0.01038,-2.393028402803394
NCL,campus_34,loss1,Top 3,NDCG,0.39761,0.383,-0.014610000000000012,-3.6744548678353186
NCL,campus_34,loss1,Top 5,Hit Ratio,0.47163,0.45869,-0.012940000000000007,-2.7436761868413813
NCL,campus_34,loss1,Top 5,Precision,0.17514,0.17033,-0.004809999999999981,-2.7463743291081313
NCL,campus_34,loss1,Top 5,Recall,0.52427,0.5114,-0.012870000000000048,-2.4548419707402767
NCL,campus_34,loss1,Top 5,NDCG,0.43433,0.41915,-0.015179999999999971,-3.4950383349066314
NCL,campus_34,loss1,Top 10,Hit Ratio,0.59084,0.57914,-0.011700000000000044,-1.980231534764072
NCL,campus_34,loss1,Top 10,Precision,0.1097,0.10753,-0.0021700000000000053,-1.9781221513217915
NCL,campus_34,loss1,Top 10,Recall,0.62553,0.61347,-0.01206000000000007,-1.9279650856074162
NCL,campus_34,loss1,Top 10,NDCG,0.47167,0.4574,-0.014270000000000005,-3.0254203150507784
NCL,campus_34,loss1,Top 20,Hit Ratio,0.66949,0.6558,-0.01368999999999998,-2.0448401021673184
NCL,campus_34,loss1,Top 20,Precision,0.06215,0.06088,-0.0012700000000000003,-2.043443282381336
NCL,campus_34,loss1,Top 20,Recall,0.68837,0.67646,-0.011910000000000087,-1.7301741795836667
NCL,campus_34,loss1,Top 20,NDCG,0.49133,0.47718,-0.014149999999999996,-2.879938127124335
NCL,campus_34,loss2,Top 3,Hit Ratio,0.37158,0.35889,-0.012690000000000035,-3.4151461327305115
NCL,campus_34,loss2,Top 3,Precision,0.22998,0.22212,-0.007859999999999978,-3.417688494651699
NCL,campus_34,loss2,Top 3,Recall,0.43376,0.42289,-0.01086999999999999,-2.5059940981187734
NCL,campus_34,loss2,Top 3,NDCG,0.39761,0.38433,-0.013280000000000014,-3.3399562385251915
NCL,campus_34,loss2,Top 5,Hit Ratio,0.47163,0.46416,-0.007469999999999977,-1.583868710641812
NCL,campus_34,loss2,Top 5,Precision,0.17514,0.17237,-0.0027699999999999947,-1.5815918693616506
NCL,campus_34,loss2,Top 5,Recall,0.52427,0.51698,-0.007290000000000019,-1.390504892517218
NCL,campus_34,loss2,Top 5,NDCG,0.43433,0.42352,-0.010809999999999986,-2.4888909354638145
NCL,campus_34,loss2,Top 10,Hit Ratio,0.59084,0.58487,-0.005970000000000031,-1.0104258344052586
NCL,campus_34,loss2,Top 10,Precision,0.1097,0.1086,-0.0011000000000000038,-1.00273473108478
NCL,campus_34,loss2,Top 10,Recall,0.62553,0.61757,-0.007960000000000078,-1.2725209022748833
NCL,campus_34,loss2,Top 10,NDCG,0.47167,0.46129,-0.01038,-2.200691161193207
NCL,campus_34,loss2,Top 20,Hit Ratio,0.66949,0.66426,-0.005230000000000068,-0.781191653348081
NCL,campus_34,loss2,Top 20,Precision,0.06215,0.06167,-0.0004799999999999943,-0.7723250201126216
NCL,campus_34,loss2,Top 20,Recall,0.68837,0.68257,-0.005800000000000027,-0.8425701294362082
NCL,campus_34,loss2,Top 20,NDCG,0.49133,0.48148,-0.00984999999999997,-2.004762583192553
NCL,campus_34,loss3,Top 3,Hit Ratio,0.37158,0.3666,-0.00498000000000004,-1.3402228322299476
NCL,campus_34,loss3,Top 3,Precision,0.22998,0.22689,-0.0030899999999999817,-1.343595095225664
NCL,campus_34,loss3,Top 3,Recall,0.43376,0.42721,-0.00655,-1.5100516414607157
NCL,campus_34,loss3,Top 3,NDCG,0.39761,0.39334,-0.004269999999999996,-1.073916651995673
NCL,campus_34,loss3,Top 5,Hit Ratio,0.47163,0.46889,-0.00274000000000002,-0.5809638911858915
NCL,campus_34,loss3,Top 5,Precision,0.17514,0.17412,-0.0010199999999999931,-0.5823912298732404
NCL,campus_34,loss3,Top 5,Recall,0.52427,0.52425,-2.0000000000020002e-05,-0.003814828237362428
NCL,campus_34,loss3,Top 5,NDCG,0.43433,0.43258,-0.0017499999999999738,-0.4029194391361347
NCL,campus_34,loss3,Top 10,Hit Ratio,0.59084,0.59184,0.0010000000000000009,0.1692505585268433
NCL,campus_34,loss3,Top 10,Precision,0.1097,0.10989,0.00018999999999999573,0.17319963536918478
NCL,campus_34,loss3,Top 10,Recall,0.62553,0.62838,0.002850000000000019,0.45561363963359375
NCL,campus_34,loss3,Top 10,NDCG,0.47167,0.47173,6.0000000000004494e-05,0.01272075815718712
NCL,campus_34,loss3,Top 20,Hit Ratio,0.66949,0.66252,-0.006970000000000032,-1.041090979700971
NCL,campus_34,loss3,Top 20,Precision,0.06215,0.06151,-0.0006399999999999947,-1.0297666934834993
NCL,campus_34,loss3,Top 20,Recall,0.68837,0.68225,-0.006120000000000014,-0.8890567572671694
NCL,campus_34,loss3,Top 20,NDCG,0.49133,0.48874,-0.002589999999999981,-0.5271406183216945
NCL,campus_34,loss4,Top 3,Hit Ratio,0.37158,0.34993,-0.021650000000000003,-5.826470746541794
NCL,campus_34,loss4,Top 3,Precision,0.22998,0.21657,-0.013409999999999977,-5.830941821027906
NCL,campus_34,loss4,Top 3,Recall,0.43376,0.41099,-0.022769999999999957,-5.249446698635181
NCL,campus_34,loss4,Top 3,NDCG,0.39761,0.37427,-0.023340000000000027,-5.870073690299547
NCL,campus_34,loss4,Top 5,Hit Ratio,0.47163,0.45719,-0.014440000000000008,-3.061722112673072
NCL,campus_34,loss4,Top 5,Precision,0.17514,0.16978,-0.005360000000000004,-3.0604088158045015
NCL,campus_34,loss4,Top 5,Recall,0.52427,0.51101,-0.01326000000000005,-2.52923112136877
NCL,campus_34,loss4,Top 5,NDCG,0.43433,0.41598,-0.018349999999999977,-4.224898118941813
NCL,campus_34,loss4,Top 10,Hit Ratio,0.59084,0.57989,-0.010950000000000015,-1.853293615868935
NCL,campus_34,loss4,Top 10,Precision,0.1097,0.10767,-0.002030000000000004,-1.850501367365546
NCL,campus_34,loss4,Top 10,Recall,0.62553,0.61646,-0.009070000000000022,-1.449970425079536
NCL,campus_34,loss4,Top 10,NDCG,0.47167,0.45537,-0.01629999999999998,-3.4558059660355718
NCL,campus_34,loss4,Top 20,Hit Ratio,0.66949,0.65455,-0.014940000000000064,-2.231549388340388
NCL,campus_34,loss4,Top 20,Precision,0.06215,0.06077,-0.0013799999999999993,-2.2204344328238124
NCL,campus_34,loss4,Top 20,Recall,0.68837,0.67255,-0.015820000000000056,-2.2981826633932414
NCL,campus_34,loss4,Top 20,NDCG,0.49133,0.47334,-0.017990000000000006,-3.661490240775041
NCL,campus_34,loss5,Top 3,Hit Ratio,0.37158,0.36959,-0.0019900000000000473,-0.5355508907906903
NCL,campus_34,loss5,Top 3,Precision,0.22998,0.22874,-0.0012399999999999911,-0.5391773197669324
NCL,campus_34,loss5,Top 3,Recall,0.43376,0.43048,-0.003280000000000005,-0.7561785319070466
NCL,campus_34,loss5,Top 3,NDCG,0.39761,0.39512,-0.0024899999999999922,-0.6262417947234707
NCL,campus_34,loss5,Top 5,Hit Ratio,0.47163,0.47362,0.0019899999999999918,0.4219409282700404
NCL,campus_34,loss5,Top 5,Precision,0.17514,0.17588,0.0007400000000000184,0.4225191275551093
NCL,campus_34,loss5,Top 5,Recall,0.52427,0.52621,0.0019399999999999418,0.37003833902377437
NCL,campus_34,loss5,Top 5,NDCG,0.43433,0.43404,-0.00029000000000001247,-0.06676950705684905
NCL,campus_34,loss5,Top 10,Hit Ratio,0.59084,0.58512,-0.005720000000000058,-0.9681131947735526
NCL,campus_34,loss5,Top 10,Precision,0.1097,0.10864,-0.0010600000000000054,-0.966271649954426
NCL,campus_34,loss5,Top 10,Recall,0.62553,0.61961,-0.005920000000000036,-0.9463974549582012
NCL,campus_34,loss5,Top 10,NDCG,0.47167,0.4687,-0.0029699999999999727,-0.6296775287807096
NCL,campus_34,loss5,Top 20,Hit Ratio,0.66949,0.66401,-0.00548000000000004,-0.8185335105826884
NCL,campus_34,loss5,Top 20,Precision,0.06215,0.06165,-0.0004999999999999935,-0.8045052292839799
NCL,campus_34,loss5,Top 20,Recall,0.68837,0.68327,-0.005099999999999993,-0.7408806310559718
NCL,campus_34,loss5,Top 20,NDCG,0.49133,0.48858,-0.0027499999999999747,-0.5597052897238057
SGL,campus_10,loss1,Top 3,Hit Ratio,0.22011,0.21578,-0.0043300000000000005,-1.9671982190722823
SGL,campus_10,loss1,Top 3,Precision,0.27222,0.26687,-0.005350000000000021,-1.9653221658952396
SGL,campus_10,loss1,Top 3,Recall,0.29782,0.29081,-0.007009999999999961,-2.3537707340003897
SGL,campus_10,loss1,Top 3,NDCG,0.35869,0.34885,-0.009840000000000015,-2.743315955281724
SGL,campus_10,loss1,Top 5,Hit Ratio,0.30579,0.29833,-0.007460000000000022,-2.4395827201674423
SGL,campus_10,loss1,Top 5,Precision,0.22692,0.22138,-0.005540000000000017,-2.4413890357835437
SGL,campus_10,loss1,Top 5,Recall,0.38409,0.3761,-0.007989999999999997,-2.080241610039313
SGL,campus_10,loss1,Top 5,NDCG,0.37985,0.3688,-0.011050000000000004,-2.9090430433065695
SGL,campus_10,loss1,Top 10,Hit Ratio,0.44245,0.43283,-0.009620000000000017,-2.17425697818963
SGL,campus_10,loss1,Top 10,Precision,0.16417,0.16059,-0.00358,-2.1806663824084787
SGL,campus_10,loss1,Top 10,Recall,0.50117,0.49215,-0.009020000000000028,-1.7997884949218883
SGL,campus_10,loss1,Top 10,NDCG,0.41504,0.40421,-0.010830000000000006,-2.6093870470316127
SGL,campus_10,loss1,Top 20,Hit Ratio,0.58106,0.57158,-0.009480000000000044,-1.6315010498055351
SGL,campus_10,loss1,Top 20,Precision,0.1078,0.10604,-0.0017600000000000116,-1.6326530612245003
SGL,campus_10,loss1,Top 20,Recall,0.60444,0.59463,-0.009809999999999985,-1.6229898749255487
SGL,campus_10,loss1,Top 20,NDCG,0.45145,0.44071,-0.010740000000000027,-2.3790009967881334
SGL,campus_10,loss2,Top 3,Hit Ratio,0.22011,0.221,0.0008900000000000019,0.4043432829040034
SGL,campus_10,loss2,Top 3,Precision,0.27222,0.27333,0.0011099999999999999,0.40775843068106665
SGL,campus_10,loss2,Top 3,Recall,0.29782,0.29576,-0.0020599999999999508,-0.6916929689073772
SGL,campus_10,loss2,Top 3,NDCG,0.35869,0.3543,-0.004390000000000005,-1.2238980735454028
SGL,campus_10,loss2,Top 5,Hit Ratio,0.30579,0.30251,-0.003280000000000005,-1.0726315445240215
SGL,campus_10,loss2,Top 5,Precision,0.22692,0.22448,-0.0024399999999999977,-1.0752688172043
SGL,campus_10,loss2,Top 5,Recall,0.38409,0.38042,-0.0036700000000000066,-0.9555052201307002
SGL,campus_10,loss2,Top 5,NDCG,0.37985,0.37314,-0.006709999999999994,-1.766486771093851
SGL,campus_10,loss2,Top 10,Hit Ratio,0.44245,0.4388,-0.0036499999999999866,-0.8249519719742313
SGL,campus_10,loss2,Top 10,Precision,0.16417,0.16281,-0.00136,-0.8284095754400925
SGL,campus_10,loss2,Top 10,Recall,0.50117,0.49655,-0.004620000000000013,-0.9218428876429182
SGL,campus_10,loss2,Top 10,NDCG,0.41504,0.40842,-0.006620000000000015,-1.5950269853508132
SGL,campus_10,loss2,Top 20,Hit Ratio,0.58106,0.57285,-0.00821000000000005,-1.41293498089699
SGL,campus_10,loss2,Top 20,Precision,0.1078,0.10627,-0.0015300000000000036,-1.4192949907235655
SGL,campus_10,loss2,Top 20,Recall,0.60444,0.59402,-0.010419999999999985,-1.723909734630399
SGL,campus_10,loss2,Top 20,NDCG,0.45145,0.44298,-0.008470000000000033,-1.8761767637612212
SGL,campus_10,loss3,Top 3,Hit Ratio,0.22011,0.22526,0.005149999999999988,2.3397392212984363
SGL,campus_10,loss3,Top 3,Precision,0.27222,0.27859,0.006369999999999987,2.340019102196748
SGL,campus_10,loss3,Top 3,Recall,0.29782,0.30124,0.003420000000000034,1.148344637700636
SGL,campus_10,loss3,Top 3,NDCG,0.35869,0.36317,0.004479999999999984,1.248989378014437
SGL,campus_10,loss3,Top 5,Hit Ratio,0.30579,0.30915,0.003359999999999974,1.098793289512402
SGL,campus_10,loss3,Top 5,Precision,0.22692,0.22941,0.0024899999999999922,1.0973030142781564
SGL,campus_10,loss3,Top 5,Recall,0.38409,0.38678,0.0026900000000000257,0.7003566872347694
SGL,campus_10,loss3,Top 5,NDCG,0.37985,0.38199,0.0021399999999999753,0.5633802816901343
SGL,campus_10,loss3,Top 10,Hit Ratio,0.44245,0.44439,0.0019399999999999973,0.43846762346027734
SGL,campus_10,loss3,Top 10,Precision,0.16417,0.16489,0.0007199999999999984,0.4385697752329892
SGL,campus_10,loss3,Top 10,Recall,0.50117,0.503,0.0018299999999999983,0.36514555939102467
SGL,campus_10,loss3,Top 10,NDCG,0.41504,0.41614,0.0010999999999999899,0.2650346954510384
SGL,campus_10,loss3,Top 20,Hit Ratio,0.58106,0.58113,7.00000000000145e-05,0.012046948680001118
SGL,campus_10,loss3,Top 20,Precision,0.1078,0.10781,9.999999999996123e-06,0.009276437847862822
SGL,campus_10,loss3,Top 20,Recall,0.60444,0.6069,0.0024600000000000177,0.40698828667858145
SGL,campus_10,loss3,Top 20,NDCG,0.45145,0.45239,0.0009399999999999964,0.2082179643371351
SGL,campus_10,loss4,Top 3,Hit Ratio,0.22011,0.21026,-0.009849999999999998,-4.475035209667892
SGL,campus_10,loss4,Top 3,Precision,0.27222,0.26004,-0.012180000000000024,-4.474322239365228
SGL,campus_10,loss4,Top 3,Recall,0.29782,0.28601,-0.011809999999999987,-3.9654825062118015
SGL,campus_10,loss4,Top 3,NDCG,0.35869,0.34072,-0.017969999999999986,-5.009897125651673
SGL,campus_10,loss4,Top 5,Hit Ratio,0.30579,0.28915,-0.016639999999999988,-5.441642957585267
SGL,campus_10,loss4,Top 5,Precision,0.22692,0.21457,-0.01235,-5.4424466772430815
SGL,campus_10,loss4,Top 5,Recall,0.38409,0.36505,-0.01904,-4.957171496263897
SGL,campus_10,loss4,Top 5,NDCG,0.37985,0.35901,-0.020840000000000025,-5.486376201132033
SGL,campus_10,loss4,Top 10,Hit Ratio,0.44245,0.42327,-0.01918000000000003,-4.334953102045436
SGL,campus_10,loss4,Top 10,Precision,0.16417,0.15705,-0.007120000000000015,-4.336967777304023
SGL,campus_10,loss4,Top 10,Recall,0.50117,0.48355,-0.017620000000000025,-3.515773090967142
SGL,campus_10,loss4,Top 10,NDCG,0.41504,0.3957,-0.019340000000000024,-4.659791827293761
SGL,campus_10,loss4,Top 20,Hit Ratio,0.58106,0.56113,-0.019930000000000003,-3.4299383884624652
SGL,campus_10,loss4,Top 20,Precision,0.1078,0.1041,-0.003700000000000009,-3.432282003710583
SGL,campus_10,loss4,Top 20,Recall,0.60444,0.58877,-0.015669999999999962,-2.592482297663947
SGL,campus_10,loss4,Top 20,NDCG,0.45145,0.43306,-0.018390000000000017,-4.073540812936098
SGL,campus_10,loss5,Top 3,Hit Ratio,0.22011,0.22287,0.0027600000000000124,1.2539184952978113
SGL,campus_10,loss5,Top 3,Precision,0.27222,0.27564,0.0034199999999999786,1.2563367864227384
SGL,campus_10,loss5,Top 3,Recall,0.29782,0.29807,0.000250000000000028,0.08394332146935331
SGL,campus_10,loss5,Top 3,NDCG,0.35869,0.36183,0.003139999999999976,0.8754077336976153
SGL,campus_10,loss5,Top 5,Hit Ratio,0.30579,0.30594,0.00014999999999998348,0.049053271853227214
SGL,campus_10,loss5,Top 5,Precision,0.22692,0.22703,0.00010999999999999899,0.048475233562488534
SGL,campus_10,loss5,Top 5,Recall,0.38409,0.38485,0.0007600000000000384,0.1978702908172664
SGL,campus_10,loss5,Top 5,NDCG,0.37985,0.38086,0.0010099999999999554,0.2658944320126248
SGL,campus_10,loss5,Top 10,Hit Ratio,0.44245,0.4426,0.00014999999999998348,0.03390213583455384
SGL,campus_10,loss5,Top 10,Precision,0.16417,0.16422,4.999999999999449e-05,0.03045623439117652
SGL,campus_10,loss5,Top 10,Recall,0.50117,0.49942,-0.0017500000000000293,-0.34918291198595874
SGL,campus_10,loss5,Top 10,NDCG,0.41504,0.41548,0.00043999999999999595,0.10601387818041537
SGL,campus_10,loss5,Top 20,Hit Ratio,0.58106,0.57703,-0.004029999999999978,-0.6935600454342027
SGL,campus_10,loss5,Top 20,Precision,0.1078,0.10705,-0.0007500000000000007,-0.695732838589982
SGL,campus_10,loss5,Top 20,Recall,0.60444,0.59695,-0.007489999999999997,-1.2391635232612
SGL,campus_10,loss5,Top 20,NDCG,0.45145,0.45009,-0.0013600000000000279,-0.30125152287075596
SGL,campus_102,loss1,Top 3,Hit Ratio,0.22122,0.21204,-0.009179999999999994,-4.149715215622455
SGL,campus_102,loss1,Top 3,Precision,0.24327,0.23316,-0.01010999999999998,-4.155876186952761
SGL,campus_102,loss1,Top 3,Recall,0.29022,0.28119,-0.009029999999999982,-3.1114327062228595
SGL,campus_102,loss1,Top 3,NDCG,0.33024,0.31713,-0.013109999999999955,-3.9698401162790566
SGL,campus_102,loss1,Top 5,Hit Ratio,0.30217,0.29012,-0.012050000000000005,-3.9878214250256496
SGL,campus_102,loss1,Top 5,Precision,0.19937,0.19141,-0.007959999999999995,-3.9925766163414735
SGL,campus_102,loss1,Top 5,Recall,0.37411,0.36372,-0.01039000000000001,-2.7772580257143646
SGL,campus_102,loss1,Top 5,NDCG,0.35072,0.33784,-0.012880000000000003,-3.6724452554744533
SGL,campus_102,loss1,Top 10,Hit Ratio,0.43221,0.42015,-0.01205999999999996,-2.790310265842984
SGL,campus_102,loss1,Top 10,Precision,0.14258,0.1386,-0.003980000000000011,-2.7914153457708033
SGL,campus_102,loss1,Top 10,Recall,0.49189,0.48303,-0.008859999999999979,-1.8012157189615523
SGL,campus_102,loss1,Top 10,NDCG,0.39198,0.38055,-0.011429999999999996,-2.9159651002602165
SGL,campus_102,loss1,Top 20,Hit Ratio,0.55794,0.54799,-0.009950000000000014,-1.7833458794852521
SGL,campus_102,loss1,Top 20,Precision,0.09203,0.09039,-0.0016400000000000026,-1.7820275996957542
SGL,campus_102,loss1,Top 20,Recall,0.58984,0.58874,-0.0010999999999999899,-0.18649125186491078
SGL,campus_102,loss1,Top 20,NDCG,0.42831,0.41871,-0.009599999999999997,-2.241367234012747
SGL,campus_102,loss2,Top 3,Hit Ratio,0.22122,0.22084,-0.00037999999999999146,-0.17177470391465124
SGL,campus_102,loss2,Top 3,Precision,0.24327,0.24285,-0.00041999999999997595,-0.17264767542236034
SGL,campus_102,loss2,Top 3,Recall,0.29022,0.28871,-0.0015099999999999558,-0.5202949486596223
SGL,campus_102,loss2,Top 3,NDCG,0.33024,0.33048,0.00024000000000001798,0.07267441860465662
SGL,campus_102,loss2,Top 5,Hit Ratio,0.30217,0.30227,9.999999999998899e-05,0.03309395373464904
SGL,campus_102,loss2,Top 5,Precision,0.19937,0.19943,6.0000000000004494e-05,0.03009479861564152
SGL,campus_102,loss2,Top 5,Recall,0.37411,0.37401,-9.999999999998899e-05,-0.026730106118518344
SGL,campus_102,loss2,Top 5,NDCG,0.35072,0.3514,0.0006800000000000139,0.19388686131387262
SGL,campus_102,loss2,Top 10,Hit Ratio,0.43221,0.42848,-0.0037299999999999556,-0.8630064089215788
SGL,campus_102,loss2,Top 10,Precision,0.14258,0.14135,-0.0012300000000000089,-0.8626735867583172
SGL,campus_102,loss2,Top 10,Recall,0.49189,0.49022,-0.0016700000000000048,-0.33950680030088126
SGL,campus_102,loss2,Top 10,NDCG,0.39198,0.3913,-0.0006800000000000139,-0.1734782386856508
SGL,campus_102,loss2,Top 20,Hit Ratio,0.55794,0.5609,0.0029599999999999627,0.5305229953041479
SGL,campus_102,loss2,Top 20,Precision,0.09203,0.09252,0.0004900000000000043,0.5324350755188573
SGL,campus_102,loss2,Top 20,Recall,0.58984,0.6008,0.01095999999999997,1.858131018581305
SGL,campus_102,loss2,Top 20,NDCG,0.42831,0.43098,0.00266999999999995,0.6233802619597838
SGL,campus_102,loss3,Top 3,Hit Ratio,0.22122,0.22189,0.0006700000000000039,0.30286592532320944
SGL,campus_102,loss3,Top 3,Precision,0.24327,0.244,0.0007300000000000084,0.3000781025198374
SGL,campus_102,loss3,Top 3,Recall,0.29022,0.29073,0.0005100000000000104,0.17572875749431827
SGL,campus_102,loss3,Top 3,NDCG,0.33024,0.33065,0.00041000000000002146,0.12415213178295224
SGL,campus_102,loss3,Top 5,Hit Ratio,0.30217,0.30188,-0.00029000000000001247,-0.09597246583049689
SGL,campus_102,loss3,Top 5,Precision,0.19937,0.19918,-0.00018999999999999573,-0.09530019561618885
SGL,campus_102,loss3,Top 5,Recall,0.37411,0.37285,-0.0012599999999999834,-0.3367993370933638
SGL,campus_102,loss3,Top 5,NDCG,0.35072,0.35033,-0.00039000000000000146,-0.1111998175182486
SGL,campus_102,loss3,Top 10,Hit Ratio,0.43221,0.43584,0.003630000000000022,0.83986950787812
SGL,campus_102,loss3,Top 10,Precision,0.14258,0.14378,0.0011999999999999789,0.841632767569069
SGL,campus_102,loss3,Top 10,Recall,0.49189,0.49505,0.003159999999999996,0.6424200532639404
SGL,campus_102,loss3,Top 10,NDCG,0.39198,0.3934,0.0014200000000000323,0.3622633807847422
SGL,campus_102,loss3,Top 20,Hit Ratio,0.55794,0.56416,0.006220000000000003,1.1148152131053524
SGL,campus_102,loss3,Top 20,Precision,0.09203,0.09306,0.0010300000000000031,1.1192002607845302
SGL,campus_102,loss3,Top 20,Recall,0.58984,0.60395,0.014109999999999956,2.392174148921734
SGL,campus_102,loss3,Top 20,NDCG,0.42831,0.43212,0.00380999999999998,0.8895426209988045
SGL,campus_102,loss4,Top 3,Hit Ratio,0.22122,0.20917,-0.012050000000000005,-5.447066268872618
SGL,campus_102,loss4,Top 3,Precision,0.24327,0.23001,-0.013259999999999994,-5.450733752620543
SGL,campus_102,loss4,Top 3,Recall,0.29022,0.27516,-0.015059999999999962,-5.18916683894975
SGL,campus_102,loss4,Top 3,NDCG,0.33024,0.3129,-0.017339999999999967,-5.250726744186037
SGL,campus_102,loss4,Top 5,Hit Ratio,0.30217,0.28935,-0.012819999999999998,-4.242644868782473
SGL,campus_102,loss4,Top 5,Precision,0.19937,0.19091,-0.008459999999999995,-4.243366604805134
SGL,campus_102,loss4,Top 5,Recall,0.37411,0.36295,-0.011160000000000003,-2.9830798428269767
SGL,campus_102,loss4,Top 5,NDCG,0.35072,0.33612,-0.014600000000000002,-4.162864963503651
SGL,campus_102,loss4,Top 10,Hit Ratio,0.43221,0.41948,-0.012729999999999964,-2.945327502834262
SGL,campus_102,loss4,Top 10,Precision,0.14258,0.13838,-0.004200000000000009,-2.9457146864918
SGL,campus_102,loss4,Top 10,Recall,0.49189,0.4841,-0.007790000000000019,-1.5836874097867448
SGL,campus_102,loss4,Top 10,NDCG,0.39198,0.37902,-0.012959999999999972,-3.3062911373029165
SGL,campus_102,loss4,Top 20,Hit Ratio,0.55794,0.54703,-0.010909999999999975,-1.9554073914757817
SGL,campus_102,loss4,Top 20,Precision,0.09203,0.09023,-0.001799999999999996,-1.9558839508855765
SGL,campus_102,loss4,Top 20,Recall,0.58984,0.58719,-0.002650000000000041,-0.4492743794927508
SGL,campus_102,loss4,Top 20,NDCG,0.42831,0.41676,-0.011550000000000005,-2.696644953421588
SGL,campus_102,loss5,Top 3,Hit Ratio,0.22122,0.22141,0.00018999999999999573,0.08588735195732562
SGL,campus_102,loss5,Top 3,Precision,0.24327,0.24348,0.00021000000000001573,0.08632383771119156
SGL,campus_102,loss5,Top 3,Recall,0.29022,0.29065,0.00043000000000004146,0.14816346220110313
SGL,campus_102,loss5,Top 3,NDCG,0.33024,0.33145,0.0012100000000000444,0.36640019379846306
SGL,campus_102,loss5,Top 5,Hit Ratio,0.30217,0.30265,0.00047999999999998044,0.15885097792632638
SGL,campus_102,loss5,Top 5,Precision,0.19937,0.19968,0.0003100000000000047,0.15548979284747189
SGL,campus_102,loss5,Top 5,Recall,0.37411,0.37172,-0.0023900000000000032,-0.6388495362326597
SGL,campus_102,loss5,Top 5,NDCG,0.35072,0.35088,0.000160000000000049,0.045620437956218354
SGL,campus_102,loss5,Top 10,Hit Ratio,0.43221,0.43441,0.0022000000000000353,0.5090118229564413
SGL,campus_102,loss5,Top 10,Precision,0.14258,0.14331,0.0007299999999999807,0.5119932669378459
SGL,campus_102,loss5,Top 10,Recall,0.49189,0.49283,0.0009399999999999964,0.19109963609750075
SGL,campus_102,loss5,Top 10,NDCG,0.39198,0.39301,0.0010300000000000309,0.26276850859738526
SGL,campus_102,loss5,Top 20,Hit Ratio,0.55794,0.561,0.0030600000000000627,0.5484460694698468
SGL,campus_102,loss5,Top 20,Precision,0.09203,0.09253,0.0005000000000000004,0.5433010974682174
SGL,campus_102,loss5,Top 20,Recall,0.58984,0.59953,0.009689999999999976,1.6428183914281798
SGL,campus_102,loss5,Top 20,NDCG,0.42831,0.43114,0.002829999999999999,0.6607363825266743
SGL,campus_143,loss1,Top 3,Hit Ratio,0.50736,0.49755,-0.009810000000000041,-1.933538315988655
SGL,campus_143,loss1,Top 3,Precision,0.28942,0.28382,-0.005599999999999994,-1.9349042913413013
SGL,campus_143,loss1,Top 3,Recall,0.57212,0.56413,-0.007989999999999942,-1.3965601622037234
SGL,campus_143,loss1,Top 3,NDCG,0.53445,0.52088,-0.013569999999999971,-2.5390588455421406
SGL,campus_143,loss1,Top 5,Hit Ratio,0.60269,0.59804,-0.004649999999999932,-0.771540924853562
SGL,campus_143,loss1,Top 5,Precision,0.20628,0.20469,-0.0015899999999999803,-0.7707969749854471
SGL,campus_143,loss1,Top 5,Recall,0.6525,0.647,-0.005499999999999949,-0.8429118773946284
SGL,campus_143,loss1,Top 5,NDCG,0.56529,0.55379,-0.011499999999999955,-2.0343540483645484
SGL,campus_143,loss1,Top 10,Hit Ratio,0.70318,0.70576,0.0025800000000000267,0.36690463323758166
SGL,campus_143,loss1,Top 10,Precision,0.12034,0.12078,0.00043999999999999595,0.3656307129798869
SGL,campus_143,loss1,Top 10,Recall,0.72602,0.73065,0.004630000000000023,0.6377234786920503
SGL,campus_143,loss1,Top 10,NDCG,0.59401,0.58555,-0.008460000000000023,-1.4242184475008877
SGL,campus_143,loss1,Top 20,Hit Ratio,0.77422,0.76957,-0.004650000000000043,-0.6006044793469612
SGL,campus_143,loss1,Top 20,Precision,0.06625,0.06585,-0.0003999999999999976,-0.6037735849056567
SGL,campus_143,loss1,Top 20,Recall,0.78312,0.77682,-0.006300000000000083,-0.80447441005211
SGL,campus_143,loss1,Top 20,NDCG,0.61107,0.60017,-0.01090000000000002,-1.783756361791615
SGL,campus_143,loss2,Top 3,Hit Ratio,0.50736,0.49186,-0.015500000000000014,-3.0550299590034715
SGL,campus_143,loss2,Top 3,Precision,0.28942,0.28058,-0.008840000000000015,-3.054384631331634
SGL,campus_143,loss2,Top 3,Recall,0.57212,0.56026,-0.011859999999999982,-2.072991680067116
SGL,campus_143,loss2,Top 3,NDCG,0.53445,0.51681,-0.01763999999999999,-3.3005893909626702
SGL,campus_143,loss2,Top 5,Hit Ratio,0.60269,0.5952,-0.007489999999999997,-1.2427616187426367
SGL,campus_143,loss2,Top 5,Precision,0.20628,0.20371,-0.002569999999999989,-1.2458793872406384
SGL,campus_143,loss2,Top 5,Recall,0.6525,0.64421,-0.00829000000000002,-1.2704980842911908
SGL,campus_143,loss2,Top 5,NDCG,0.56529,0.55099,-0.01429999999999998,-2.5296750340533145
SGL,campus_143,loss2,Top 10,Hit Ratio,0.70318,0.71119,0.008009999999999962,1.139110896214335
SGL,campus_143,loss2,Top 10,Precision,0.12034,0.12171,0.0013699999999999962,1.1384410835964733
SGL,campus_143,loss2,Top 10,Recall,0.72602,0.7351,0.009079999999999977,1.250654251948979
SGL,campus_143,loss2,Top 10,NDCG,0.59401,0.5859,-0.008110000000000062,-1.3652968805239072
SGL,campus_143,loss2,Top 20,Hit Ratio,0.77422,0.77215,-0.0020700000000000163,-0.2673658649996146
SGL,campus_143,loss2,Top 20,Precision,0.06625,0.06607,-0.0001799999999999996,-0.27169811320754655
SGL,campus_143,loss2,Top 20,Recall,0.78312,0.78111,-0.0020100000000000673,-0.25666564511186885
SGL,campus_143,loss2,Top 20,NDCG,0.61107,0.6003,-0.010770000000000057,-1.7624822033482348
SGL,campus_143,loss3,Top 3,Hit Ratio,0.50736,0.50969,0.0023299999999999432,0.4592399873856715
SGL,campus_143,loss3,Top 3,Precision,0.28942,0.29075,0.0013299999999999979,0.4595397691935588
SGL,campus_143,loss3,Top 3,Recall,0.57212,0.57726,0.005140000000000033,0.8984129203663627
SGL,campus_143,loss3,Top 3,NDCG,0.53445,0.53456,0.0001100000000000545,0.02058190663299738
SGL,campus_143,loss3,Top 5,Hit Ratio,0.60269,0.60449,0.0018000000000000238,0.298661003169129
SGL,campus_143,loss3,Top 5,Precision,0.20628,0.2069,0.0006200000000000094,0.3005623424471638
SGL,campus_143,loss3,Top 5,Recall,0.6525,0.65379,0.0012900000000000134,0.1977011494252894
SGL,campus_143,loss3,Top 5,NDCG,0.56529,0.5645,-0.0007899999999999574,-0.1397512781050359
SGL,campus_143,loss3,Top 10,Hit Ratio,0.70318,0.70989,0.006709999999999994,0.9542364686140097
SGL,campus_143,loss3,Top 10,Precision,0.12034,0.12149,0.0011499999999999982,0.95562572710653
SGL,campus_143,loss3,Top 10,Recall,0.72602,0.7333,0.007279999999999953,1.002727197597856
SGL,campus_143,loss3,Top 10,NDCG,0.59401,0.59528,0.0012699999999999934,0.21380111445935143
SGL,campus_143,loss3,Top 20,Hit Ratio,0.77422,0.77189,-0.0023300000000000542,-0.3009480509415998
SGL,campus_143,loss3,Top 20,Precision,0.06625,0.06605,-0.00020000000000000573,-0.3018867924528388
SGL,campus_143,loss3,Top 20,Recall,0.78312,0.78181,-0.0013100000000000334,-0.16727959955052013
SGL,campus_143,loss3,Top 20,NDCG,0.61107,0.61018,-0.0008900000000000574,-0.1456461616508841
SGL,campus_143,loss4,Top 3,Hit Ratio,0.50736,0.48256,-0.024800000000000044,-4.8880479344055585
SGL,campus_143,loss4,Top 3,Precision,0.28942,0.27527,-0.014149999999999996,-4.889088521871328
SGL,campus_143,loss4,Top 3,Recall,0.57212,0.55007,-0.022050000000000014,-3.8540865552681285
SGL,campus_143,loss4,Top 3,NDCG,0.53445,0.50485,-0.02959999999999996,-5.538403966694726
SGL,campus_143,loss4,Top 5,Hit Ratio,0.60269,0.58667,-0.016019999999999923,-2.6580829282052005
SGL,campus_143,loss4,Top 5,Precision,0.20628,0.2008,-0.005479999999999985,-2.656583284855529
SGL,campus_143,loss4,Top 5,Recall,0.6525,0.64019,-0.012309999999999932,-1.8865900383141658
SGL,campus_143,loss4,Top 5,NDCG,0.56529,0.54131,-0.02398,-4.2420704417201796
SGL,campus_143,loss4,Top 10,Hit Ratio,0.70318,0.69775,-0.005430000000000046,-0.7722062629767692
SGL,campus_143,loss4,Top 10,Precision,0.12034,0.11941,-0.0009300000000000003,-0.7728103706165865
SGL,campus_143,loss4,Top 10,Recall,0.72602,0.72324,-0.0027800000000000047,-0.38290956172006346
SGL,campus_143,loss4,Top 10,NDCG,0.59401,0.57352,-0.020490000000000008,-3.449436878167035
SGL,campus_143,loss4,Top 20,Hit Ratio,0.77422,0.75743,-0.01678999999999997,-2.1686342383301866
SGL,campus_143,loss4,Top 20,Precision,0.06625,0.06481,-0.0014399999999999968,-2.1735849056603724
SGL,campus_143,loss4,Top 20,Recall,0.78312,0.76524,-0.017880000000000007,-2.2831749923383398
SGL,campus_143,loss4,Top 20,NDCG,0.61107,0.58706,-0.024009999999999976,-3.929173417120784
SGL,campus_143,loss5,Top 3,Hit Ratio,0.50736,0.50685,-0.0005100000000000104,-0.1005203405865678
SGL,campus_143,loss5,Top 3,Precision,0.28942,0.28912,-0.00030000000000002247,-0.10365558703614901
SGL,campus_143,loss5,Top 3,Recall,0.57212,0.5708,-0.0013199999999999878,-0.23072082779836187
SGL,campus_143,loss5,Top 3,NDCG,0.53445,0.53103,-0.0034199999999999786,-0.6399101880437794
SGL,campus_143,loss5,Top 5,Hit Ratio,0.60269,0.60734,0.004650000000000043,0.7715409248535804
SGL,campus_143,loss5,Top 5,Precision,0.20628,0.20787,0.001590000000000008,0.7707969749854606
SGL,campus_143,loss5,Top 5,Recall,0.6525,0.65463,0.0021300000000000763,0.3264367816092071
SGL,campus_143,loss5,Top 5,NDCG,0.56529,0.56366,-0.0016299999999999093,-0.2883475738116559
SGL,campus_143,loss5,Top 10,Hit Ratio,0.70318,0.70705,0.003869999999999929,0.5503569498563567
SGL,campus_143,loss5,Top 10,Precision,0.12034,0.121,0.0006599999999999939,0.5484460694698304
SGL,campus_143,loss5,Top 10,Recall,0.72602,0.72938,0.0033600000000000296,0.4627971681220944
SGL,campus_143,loss5,Top 10,NDCG,0.59401,0.59217,-0.0018400000000000638,-0.30975909496474197
SGL,campus_143,loss5,Top 20,Hit Ratio,0.77422,0.76931,-0.00490999999999997,-0.6341866652889321
SGL,campus_143,loss5,Top 20,Precision,0.06625,0.06583,-0.0004200000000000037,-0.6339622641509489
SGL,campus_143,loss5,Top 20,Recall,0.78312,0.77719,-0.005929999999999991,-0.7572275002553875
SGL,campus_143,loss5,Top 20,NDCG,0.61107,0.60698,-0.004090000000000038,-0.6693177541034641
SGL,campus_15,loss1,Top 3,Hit Ratio,0.14983,0.14368,-0.006149999999999989,-4.104651938864039
SGL,campus_15,loss1,Top 3,Precision,0.24199,0.23206,-0.009930000000000022,-4.1034753502210926
SGL,campus_15,loss1,Top 3,Recall,0.24453,0.2352,-0.009330000000000005,-3.8154827628511865
SGL,campus_15,loss1,Top 3,NDCG,0.32358,0.30901,-0.014569999999999972,-4.502750479016
SGL,campus_15,loss1,Top 5,Hit Ratio,0.21593,0.20729,-0.008640000000000009,-4.0012967165285085
SGL,campus_15,loss1,Top 5,Precision,0.20925,0.20087,-0.008379999999999999,-4.004778972520907
SGL,campus_15,loss1,Top 5,Recall,0.31277,0.30229,-0.01047999999999999,-3.35070499088787
SGL,campus_15,loss1,Top 5,NDCG,0.34063,0.32586,-0.014770000000000005,-4.336083140064001
SGL,campus_15,loss1,Top 10,Hit Ratio,0.3479,0.33523,-0.012670000000000015,-3.6418511066398436
SGL,campus_15,loss1,Top 10,Precision,0.16857,0.16243,-0.0061400000000000066,-3.642403749184319
SGL,campus_15,loss1,Top 10,Recall,0.42549,0.41259,-0.012899999999999967,-3.0317986321652604
SGL,campus_15,loss1,Top 10,NDCG,0.36612,0.35156,-0.014560000000000017,-3.976838195127285
SGL,campus_15,loss1,Top 20,Hit Ratio,0.51695,0.5067,-0.010249999999999981,-1.9827836347809227
SGL,campus_15,loss1,Top 20,Precision,0.12524,0.12276,-0.002479999999999996,-1.980198019801977
SGL,campus_15,loss1,Top 20,Recall,0.54394,0.53535,-0.008589999999999987,-1.5792182961356007
SGL,campus_15,loss1,Top 20,NDCG,0.40158,0.38921,-0.012369999999999992,-3.08033268589073
SGL,campus_15,loss2,Top 3,Hit Ratio,0.14983,0.14344,-0.006389999999999979,-4.264833477941654
SGL,campus_15,loss2,Top 3,Precision,0.24199,0.23167,-0.010320000000000024,-4.264639034670864
SGL,campus_15,loss2,Top 3,Recall,0.24453,0.22811,-0.01641999999999999,-6.714922504396184
SGL,campus_15,loss2,Top 3,NDCG,0.32358,0.30484,-0.01873999999999998,-5.791458062921064
SGL,campus_15,loss2,Top 5,Hit Ratio,0.21593,0.21196,-0.003970000000000001,-1.8385587922011768
SGL,campus_15,loss2,Top 5,Precision,0.20925,0.2054,-0.0038499999999999923,-1.8399044205495783
SGL,campus_15,loss2,Top 5,Recall,0.31277,0.3031,-0.009670000000000012,-3.091728746363146
SGL,campus_15,loss2,Top 5,NDCG,0.34063,0.32572,-0.014909999999999979,-4.377183454187823
SGL,campus_15,loss2,Top 10,Hit Ratio,0.3479,0.34314,-0.0047599999999999865,-1.3682092555331953
SGL,campus_15,loss2,Top 10,Precision,0.16857,0.16626,-0.0023100000000000065,-1.370350596191497
SGL,campus_15,loss2,Top 10,Recall,0.42549,0.41695,-0.008539999999999992,-2.0070976991233622
SGL,campus_15,loss2,Top 10,NDCG,0.36612,0.35173,-0.014390000000000014,-3.9304053315852765
SGL,campus_15,loss2,Top 20,Hit Ratio,0.51695,0.51428,-0.002670000000000061,-0.5164909565722141
SGL,campus_15,loss2,Top 20,Precision,0.12524,0.12459,-0.0006499999999999839,-0.5190035132545384
SGL,campus_15,loss2,Top 20,Recall,0.54394,0.54335,-0.0005899999999999794,-0.10846784571827398
SGL,campus_15,loss2,Top 20,NDCG,0.40158,0.38955,-0.012029999999999985,-2.9956671148961567
SGL,campus_15,loss3,Top 3,Hit Ratio,0.14983,0.15077,0.0009399999999999964,0.6273776947206811
SGL,campus_15,loss3,Top 3,Precision,0.24199,0.24351,0.0015199999999999936,0.628125129137565
SGL,campus_15,loss3,Top 3,Recall,0.24453,0.24429,-0.00023999999999999022,-0.0981474665685152
SGL,campus_15,loss3,Top 3,NDCG,0.32358,0.32442,0.0008400000000000074,0.25959577229742486
SGL,campus_15,loss3,Top 5,Hit Ratio,0.21593,0.21766,0.0017299999999999816,0.8011855693974813
SGL,campus_15,loss3,Top 5,Precision,0.20925,0.21092,0.0016700000000000048,0.7980884109916391
SGL,campus_15,loss3,Top 5,Recall,0.31277,0.31685,0.004080000000000028,1.3044729353838374
SGL,campus_15,loss3,Top 5,NDCG,0.34063,0.34241,0.0017800000000000038,0.5225611367172602
SGL,campus_15,loss3,Top 10,Hit Ratio,0.3479,0.34949,0.0015900000000000358,0.4570278815751756
SGL,campus_15,loss3,Top 10,Precision,0.16857,0.16934,0.0007699999999999929,0.4567835320638269
SGL,campus_15,loss3,Top 10,Recall,0.42549,0.42765,0.0021599999999999953,0.5076500035253462
SGL,campus_15,loss3,Top 10,NDCG,0.36612,0.36717,0.0010499999999999954,0.28679121599475454
SGL,campus_15,loss3,Top 20,Hit Ratio,0.51695,0.51625,-0.0007000000000000339,-0.13540961408260643
SGL,campus_15,loss3,Top 20,Precision,0.12524,0.12507,-0.00017000000000000348,-0.13573938038965466
SGL,campus_15,loss3,Top 20,Recall,0.54394,0.54454,0.0006000000000000449,0.11030628378130766
SGL,campus_15,loss3,Top 20,NDCG,0.40158,0.40187,0.00029000000000001247,0.07221475173066698
SGL,campus_15,loss4,Top 3,Hit Ratio,0.14983,0.14262,-0.007209999999999994,-4.8121204031235365
SGL,campus_15,loss4,Top 3,Precision,0.24199,0.23034,-0.011650000000000021,-4.814248522666235
SGL,campus_15,loss4,Top 3,Recall,0.24453,0.23076,-0.013770000000000004,-5.631210894368791
SGL,campus_15,loss4,Top 3,NDCG,0.32358,0.30242,-0.021159999999999957,-6.53934112120649
SGL,campus_15,loss4,Top 5,Hit Ratio,0.21593,0.20679,-0.00914000000000001,-4.2328532394757605
SGL,campus_15,loss4,Top 5,Precision,0.20925,0.2004,-0.008849999999999997,-4.229390681003583
SGL,campus_15,loss4,Top 5,Recall,0.31277,0.29833,-0.014440000000000008,-4.616811075231003
SGL,campus_15,loss4,Top 5,NDCG,0.34063,0.31979,-0.02083999999999997,-6.118075331004307
SGL,campus_15,loss4,Top 10,Hit Ratio,0.3479,0.33564,-0.012259999999999993,-3.5240011497556747
SGL,campus_15,loss4,Top 10,Precision,0.16857,0.16263,-0.005940000000000001,-3.5237586759209827
SGL,campus_15,loss4,Top 10,Recall,0.42549,0.41542,-0.010069999999999968,-2.3666831182871437
SGL,campus_15,loss4,Top 10,NDCG,0.36612,0.34724,-0.018880000000000008,-5.156779198077135
SGL,campus_15,loss4,Top 20,Hit Ratio,0.51695,0.50371,-0.01324000000000003,-2.561176129219466
SGL,campus_15,loss4,Top 20,Precision,0.12524,0.12203,-0.0032099999999999906,-2.5630788885340072
SGL,campus_15,loss4,Top 20,Recall,0.54394,0.53648,-0.007460000000000022,-1.37147479501416
SGL,campus_15,loss4,Top 20,NDCG,0.40158,0.38402,-0.01756000000000002,-4.372727725484342
SGL,campus_15,loss5,Top 3,Hit Ratio,0.14983,0.15012,0.00029000000000001247,0.19355269305213407
SGL,campus_15,loss5,Top 3,Precision,0.24199,0.24245,0.0004599999999999882,0.1900904996074169
SGL,campus_15,loss5,Top 3,Recall,0.24453,0.24445,-7.999999999999674e-05,-0.03271582218950506
SGL,campus_15,loss5,Top 3,NDCG,0.32358,0.32246,-0.0011199999999999544,-0.34612769639654933
SGL,campus_15,loss5,Top 5,Hit Ratio,0.21593,0.21766,0.0017299999999999816,0.8011855693974813
SGL,campus_15,loss5,Top 5,Precision,0.20925,0.21092,0.0016700000000000048,0.7980884109916391
SGL,campus_15,loss5,Top 5,Recall,0.31277,0.31597,0.0031999999999999806,1.0231160277520162
SGL,campus_15,loss5,Top 5,NDCG,0.34063,0.34114,0.0005100000000000104,0.14972257287966723
SGL,campus_15,loss5,Top 10,Hit Ratio,0.3479,0.34892,0.0010200000000000209,0.293187697614263
SGL,campus_15,loss5,Top 10,Precision,0.16857,0.16906,0.0004899999999999904,0.29068042949515954
SGL,campus_15,loss5,Top 10,Recall,0.42549,0.42627,0.0007800000000000029,0.1833180568285983
SGL,campus_15,loss5,Top 10,NDCG,0.36612,0.3655,-0.0006200000000000094,-0.1693433846826203
SGL,campus_15,loss5,Top 20,Hit Ratio,0.51695,0.51764,0.0006899999999999684,0.1334751910242709
SGL,campus_15,loss5,Top 20,Precision,0.12524,0.12541,0.00017000000000000348,0.13573938038965466
SGL,campus_15,loss5,Top 20,Recall,0.54394,0.54779,0.00385000000000002,0.7077986542633417
SGL,campus_15,loss5,Top 20,NDCG,0.40158,0.40157,-1.0000000000010001e-05,-0.0024901638527840037
SGL,campus_34,loss1,Top 3,Hit Ratio,0.3783,0.35814,-0.02016000000000001,-5.329103885804919
SGL,campus_34,loss1,Top 3,Precision,0.23413,0.22166,-0.012470000000000009,-5.326100884124208
SGL,campus_34,loss1,Top 3,Recall,0.44191,0.41996,-0.021950000000000025,-4.967074743726103
SGL,campus_34,loss1,Top 3,NDCG,0.40564,0.38436,-0.02128000000000002,-5.2460309634158415
SGL,campus_34,loss1,Top 5,Hit Ratio,0.47586,0.4659,-0.009960000000000024,-2.093052578489477
SGL,campus_34,loss1,Top 5,Precision,0.17671,0.17301,-0.003700000000000009,-2.093826042668784
SGL,campus_34,loss1,Top 5,Recall,0.53114,0.52401,-0.00712999999999997,-1.3423956019128611
SGL,campus_34,loss1,Top 5,NDCG,0.44143,0.42749,-0.013940000000000008,-3.1579185827877594
SGL,campus_34,loss1,Top 10,Hit Ratio,0.59507,0.59383,-0.0012400000000000189,-0.20837884618616614
SGL,campus_34,loss1,Top 10,Precision,0.11049,0.11026,-0.00023000000000000798,-0.20816363471808122
SGL,campus_34,loss1,Top 10,Recall,0.63072,0.62996,-0.0007599999999999829,-0.12049720953830273
SGL,campus_34,loss1,Top 10,NDCG,0.47861,0.46769,-0.010919999999999985,-2.281607154050268
SGL,campus_34,loss1,Top 20,Hit Ratio,0.66924,0.67397,0.004730000000000012,0.7067718606180163
SGL,campus_34,loss1,Top 20,Precision,0.06213,0.06257,0.0004400000000000029,0.7081924995976225
SGL,campus_34,loss1,Top 20,Recall,0.68697,0.69467,0.00770000000000004,1.120864084312276
SGL,campus_34,loss1,Top 20,NDCG,0.49644,0.48802,-0.008419999999999983,-1.6960760615582917
SGL,campus_34,loss2,Top 3,Hit Ratio,0.3783,0.36635,-0.011950000000000016,-3.1588686227861524
SGL,campus_34,loss2,Top 3,Precision,0.23413,0.22674,-0.007390000000000008,-3.1563661213855587
SGL,campus_34,loss2,Top 3,Recall,0.44191,0.43203,-0.00988,-2.23574936072956
SGL,campus_34,loss2,Top 3,NDCG,0.40564,0.39539,-0.010249999999999981,-2.5268711172468152
SGL,campus_34,loss2,Top 5,Hit Ratio,0.47586,0.47486,-0.0010000000000000009,-0.21014584121380256
SGL,campus_34,loss2,Top 5,Precision,0.17671,0.17634,-0.0003700000000000092,-0.20938260426688315
SGL,campus_34,loss2,Top 5,Recall,0.53114,0.53111,-2.999999999997449e-05,-0.005648228339039518
SGL,campus_34,loss2,Top 5,NDCG,0.44143,0.43698,-0.0044500000000000095,-1.0080873524681173
SGL,campus_34,loss2,Top 10,Hit Ratio,0.59507,0.58437,-0.010700000000000043,-1.7981077856386716
SGL,campus_34,loss2,Top 10,Precision,0.11049,0.1085,-0.0019900000000000057,-1.801067969952037
SGL,campus_34,loss2,Top 10,Recall,0.63072,0.61913,-0.01158999999999999,-1.837582445459156
SGL,campus_34,loss2,Top 10,NDCG,0.47861,0.47036,-0.00824999999999998,-1.723741668581931
SGL,campus_34,loss2,Top 20,Hit Ratio,0.66924,0.6548,-0.014439999999999897,-2.157671388440604
SGL,campus_34,loss2,Top 20,Precision,0.06213,0.06079,-0.001340000000000001,-2.1567680669563836
SGL,campus_34,loss2,Top 20,Recall,0.68697,0.67267,-0.01429999999999998,-2.081604728008498
SGL,campus_34,loss2,Top 20,NDCG,0.49644,0.48743,-0.009010000000000018,-1.8149222463943313
SGL,campus_34,loss3,Top 3,Hit Ratio,0.3783,0.37656,-0.0017400000000000193,-0.45995241871531034
SGL,campus_34,loss3,Top 3,Precision,0.23413,0.23306,-0.0010700000000000154,-0.4570110622303914
SGL,campus_34,loss3,Top 3,Recall,0.44191,0.43848,-0.003430000000000044,-0.7761761444638148
SGL,campus_34,loss3,Top 3,NDCG,0.40564,0.40198,-0.0036599999999999966,-0.9022778818656929
SGL,campus_34,loss3,Top 5,Hit Ratio,0.47586,0.4781,0.0022400000000000198,0.47072668431892145
SGL,campus_34,loss3,Top 5,Precision,0.17671,0.17754,0.0008299999999999974,0.4696961122743463
SGL,campus_34,loss3,Top 5,Recall,0.53114,0.53209,0.0009500000000000064,0.17886056406973802
SGL,campus_34,loss3,Top 5,NDCG,0.44143,0.43982,-0.0016100000000000003,-0.3647237387581271
SGL,campus_34,loss3,Top 10,Hit Ratio,0.59507,0.58761,-0.007460000000000022,-1.2536340262490164
SGL,campus_34,loss3,Top 10,Precision,0.11049,0.1091,-0.0013900000000000023,-1.2580324011222757
SGL,campus_34,loss3,Top 10,Recall,0.63072,0.62107,-0.009649999999999936,-1.5299974632166313
SGL,campus_34,loss3,Top 10,NDCG,0.47861,0.47342,-0.005189999999999972,-1.0843902133260843
SGL,campus_34,loss3,Top 20,Hit Ratio,0.66924,0.65107,-0.01816999999999991,-2.715020022712317
SGL,campus_34,loss3,Top 20,Precision,0.06213,0.06044,-0.001689999999999997,-2.7201030098181187
SGL,campus_34,loss3,Top 20,Recall,0.68697,0.66773,-0.019239999999999924,-2.8007045431387
SGL,campus_34,loss3,Top 20,NDCG,0.49644,0.48853,-0.007909999999999973,-1.5933446136491767
SGL,campus_34,loss4,Top 3,Hit Ratio,0.3783,0.34993,-0.028370000000000006,-7.499339148823686
SGL,campus_34,loss4,Top 3,Precision,0.23413,0.21657,-0.017559999999999992,-7.500106778285565
SGL,campus_34,loss4,Top 3,Recall,0.44191,0.41479,-0.027120000000000033,-6.136996220949975
SGL,campus_34,loss4,Top 3,NDCG,0.40564,0.37695,-0.028689999999999993,-7.072773888176707
SGL,campus_34,loss4,Top 5,Hit Ratio,0.47586,0.45346,-0.02240000000000003,-4.7072668431891795
SGL,campus_34,loss4,Top 5,Precision,0.17671,0.16839,-0.008319999999999994,-4.708279101352495
SGL,campus_34,loss4,Top 5,Recall,0.53114,0.51051,-0.020629999999999926,-3.884098354482797
SGL,campus_34,loss4,Top 5,NDCG,0.44143,0.4175,-0.023930000000000007,-5.421018054957752
SGL,campus_34,loss4,Top 10,Hit Ratio,0.59507,0.57666,-0.018410000000000037,-3.0937536760381192
SGL,campus_34,loss4,Top 10,Precision,0.11049,0.10707,-0.0034200000000000064,-3.095302742329628
SGL,campus_34,loss4,Top 10,Recall,0.63072,0.61429,-0.016429999999999945,-2.604959411466252
SGL,campus_34,loss4,Top 10,NDCG,0.47861,0.45664,-0.02196999999999999,-4.5903762980297085
SGL,campus_34,loss4,Top 20,Hit Ratio,0.66924,0.6553,-0.013939999999999952,-2.0829597752674607
SGL,campus_34,loss4,Top 20,Precision,0.06213,0.06084,-0.0012899999999999995,-2.0762916465475607
SGL,campus_34,loss4,Top 20,Recall,0.68697,0.67744,-0.009529999999999927,-1.3872512627916689
SGL,campus_34,loss4,Top 20,NDCG,0.49644,0.47651,-0.019930000000000003,-4.014583836918863
SGL,campus_34,loss5,Top 3,Hit Ratio,0.3783,0.37407,-0.0042300000000000115,-1.1181601903251417
SGL,campus_34,loss5,Top 3,Precision,0.23413,0.23152,-0.002610000000000001,-1.1147653013283223
SGL,campus_34,loss5,Top 3,Recall,0.44191,0.43814,-0.003770000000000051,-0.8531148876468174
SGL,campus_34,loss5,Top 3,NDCG,0.40564,0.40146,-0.004180000000000017,-1.0304703678138292
SGL,campus_34,loss5,Top 5,Hit Ratio,0.47586,0.47885,0.0029899999999999927,0.6283360652292675
SGL,campus_34,loss5,Top 5,Precision,0.17671,0.17782,0.0011099999999999999,0.6281478128006337
SGL,campus_34,loss5,Top 5,Recall,0.53114,0.53231,0.0011700000000000044,0.22028090522272933
SGL,campus_34,loss5,Top 5,NDCG,0.44143,0.44028,-0.0011499999999999844,-0.26051695625580146
SGL,campus_34,loss5,Top 10,Hit Ratio,0.59507,0.60777,0.012700000000000045,2.1342026988421603
SGL,campus_34,loss5,Top 10,Precision,0.11049,0.11285,0.002360000000000001,2.135939904063717
SGL,campus_34,loss5,Top 10,Recall,0.63072,0.64432,0.013600000000000056,2.156265854896001
SGL,campus_34,loss5,Top 10,NDCG,0.47861,0.482,0.003390000000000004,0.7083011219991233
SGL,campus_34,loss5,Top 20,Hit Ratio,0.66924,0.6894,0.020160000000000067,3.012372243141484
SGL,campus_34,loss5,Top 20,Precision,0.06213,0.064,0.0018700000000000036,3.009818123289882
SGL,campus_34,loss5,Top 20,Recall,0.68697,0.70953,0.022560000000000024,3.2839862002707583
SGL,campus_34,loss5,Top 20,NDCG,0.49644,0.5023,0.005859999999999976,1.180404479896861
SimGCL,campus_10,loss1,Top 3,Hit Ratio,0.22929,0.22391,-0.005379999999999996,-2.3463735880326206
SimGCL,campus_10,loss1,Top 3,Precision,0.28358,0.27693,-0.006649999999999989,-2.345017279074684
SimGCL,campus_10,loss1,Top 3,Recall,0.31243,0.30481,-0.00761999999999996,-2.438946323976558
SimGCL,campus_10,loss1,Top 3,NDCG,0.37289,0.36397,-0.008919999999999983,-2.3921263643433677
SimGCL,campus_10,loss1,Top 5,Hit Ratio,0.31355,0.3037,-0.00984999999999997,-3.141444745654591
SimGCL,campus_10,loss1,Top 5,Precision,0.23268,0.22537,-0.007310000000000011,-3.141653773422731
SimGCL,campus_10,loss1,Top 5,Recall,0.39575,0.38551,-0.010239999999999971,-2.5874921036007508
SimGCL,campus_10,loss1,Top 5,NDCG,0.39164,0.38103,-0.010610000000000008,-2.7091206209784517
SimGCL,campus_10,loss1,Top 10,Hit Ratio,0.4441,0.43977,-0.0043300000000000005,-0.9750056293627564
SimGCL,campus_10,loss1,Top 10,Precision,0.16477,0.16317,-0.0015999999999999903,-0.9710505553195306
SimGCL,campus_10,loss1,Top 10,Recall,0.50274,0.50062,-0.0021200000000000108,-0.421689143493657
SimGCL,campus_10,loss1,Top 10,NDCG,0.42256,0.41653,-0.00602999999999998,-1.4270162817114682
SimGCL,campus_10,loss1,Top 20,Hit Ratio,0.57867,0.57344,-0.005230000000000068,-0.9037966371161573
SimGCL,campus_10,loss1,Top 20,Precision,0.10735,0.10638,-0.0009699999999999986,-0.9035863996273859
SimGCL,campus_10,loss1,Top 20,Recall,0.60535,0.59901,-0.006340000000000012,-1.0473279920707048
SimGCL,campus_10,loss1,Top 20,NDCG,0.45847,0.45131,-0.00716,-1.5617161428228674
SimGCL,campus_10,loss2,Top 3,Hit Ratio,0.22929,0.22615,-0.003140000000000004,-1.3694448078852126
SimGCL,campus_10,loss2,Top 3,Precision,0.28358,0.2797,-0.0038799999999999946,-1.3682206079413197
SimGCL,campus_10,loss2,Top 3,Recall,0.31243,0.30863,-0.00379999999999997,-1.2162724450276767
SimGCL,campus_10,loss2,Top 3,NDCG,0.37289,0.36924,-0.0036499999999999866,-0.9788409450508156
SimGCL,campus_10,loss2,Top 5,Hit Ratio,0.31355,0.31146,-0.0020899999999999808,-0.6665603571998026
SimGCL,campus_10,loss2,Top 5,Precision,0.23268,0.23113,-0.0015499999999999958,-0.6661509369090579
SimGCL,campus_10,loss2,Top 5,Recall,0.39575,0.39248,-0.003269999999999995,-0.826279216677194
SimGCL,campus_10,loss2,Top 5,NDCG,0.39164,0.38913,-0.0025100000000000122,-0.6408946992135667
SimGCL,campus_10,loss2,Top 10,Hit Ratio,0.4441,0.44566,0.0015600000000000058,0.35127223598288804
SimGCL,campus_10,loss2,Top 10,Precision,0.16477,0.16536,0.0005900000000000072,0.3580748922740834
SimGCL,campus_10,loss2,Top 10,Recall,0.50274,0.50705,0.004310000000000036,0.8573019851215412
SimGCL,campus_10,loss2,Top 10,NDCG,0.42256,0.42307,0.0005100000000000104,0.12069291934873401
SimGCL,campus_10,loss2,Top 20,Hit Ratio,0.57867,0.57762,-0.0010499999999999954,-0.18145056768106094
SimGCL,campus_10,loss2,Top 20,Precision,0.10735,0.10716,-0.00018999999999999573,-0.1769911504424739
SimGCL,campus_10,loss2,Top 20,Recall,0.60535,0.60395,-0.0014000000000000679,-0.23127116544149132
SimGCL,campus_10,loss2,Top 20,NDCG,0.45847,0.45732,-0.0011499999999999844,-0.2508342966824404
SimGCL,campus_10,loss3,Top 3,Hit Ratio,0.22929,0.22615,-0.003140000000000004,-1.3694448078852126
SimGCL,campus_10,loss3,Top 3,Precision,0.28358,0.2797,-0.0038799999999999946,-1.3682206079413197
SimGCL,campus_10,loss3,Top 3,Recall,0.31243,0.30844,-0.0039899999999999936,-1.2770860672790685
SimGCL,campus_10,loss3,Top 3,NDCG,0.37289,0.37063,-0.0022599999999999842,-0.6060768591273523
SimGCL,campus_10,loss3,Top 5,Hit Ratio,0.31355,0.31243,-0.0011200000000000099,-0.3571998086429628
SimGCL,campus_10,loss3,Top 5,Precision,0.23268,0.23185,-0.0008299999999999974,-0.3567130823448502
SimGCL,campus_10,loss3,Top 5,Recall,0.39575,0.39527,-0.00047999999999998044,-0.12128869235628059
SimGCL,campus_10,loss3,Top 5,NDCG,0.39164,0.39178,0.000140000000000029,0.03574711469717827
SimGCL,campus_10,loss3,Top 10,Hit Ratio,0.4441,0.44656,0.0024600000000000177,0.5539292952037869
SimGCL,campus_10,loss3,Top 10,Precision,0.16477,0.16569,0.0009200000000000041,0.5583540693087359
SimGCL,campus_10,loss3,Top 10,Recall,0.50274,0.50344,0.0007000000000000339,0.13923698134225126
SimGCL,campus_10,loss3,Top 10,NDCG,0.42256,0.42413,0.0015700000000000158,0.3715448693676675
SimGCL,campus_10,loss3,Top 20,Hit Ratio,0.57867,0.57889,0.00021999999999999797,0.038018214180793534
SimGCL,campus_10,loss3,Top 20,Precision,0.10735,0.10739,3.999999999999837e-05,0.037261294829993824
SimGCL,campus_10,loss3,Top 20,Recall,0.60535,0.60549,0.00013999999999991797,0.023127116544134463
SimGCL,campus_10,loss3,Top 20,NDCG,0.45847,0.45933,0.0008600000000000274,0.18758043056252915
SimGCL,campus_10,loss4,Top 3,Hit Ratio,0.22929,0.22026,-0.009029999999999982,-3.9382441449692456
SimGCL,campus_10,loss4,Top 3,Precision,0.28358,0.27241,-0.011170000000000013,-3.9389237604908716
SimGCL,campus_10,loss4,Top 3,Recall,0.31243,0.30059,-0.011839999999999962,-3.7896488813494105
SimGCL,campus_10,loss4,Top 3,NDCG,0.37289,0.3581,-0.014790000000000025,-3.9663171444662035
SimGCL,campus_10,loss4,Top 5,Hit Ratio,0.31355,0.30266,-0.01089000000000001,-3.473130282251638
SimGCL,campus_10,loss4,Top 5,Precision,0.23268,0.22459,-0.008089999999999986,-3.4768781158672795
SimGCL,campus_10,loss4,Top 5,Recall,0.39575,0.38349,-0.012259999999999993,-3.0979153506001245
SimGCL,campus_10,loss4,Top 5,NDCG,0.39164,0.37759,-0.014050000000000007,-3.58747829639465
SimGCL,campus_10,loss4,Top 10,Hit Ratio,0.4441,0.43395,-0.010149999999999992,-2.2855212789912165
SimGCL,campus_10,loss4,Top 10,Precision,0.16477,0.16101,-0.0037600000000000133,-2.2819688050009184
SimGCL,campus_10,loss4,Top 10,Recall,0.50274,0.49653,-0.006209999999999938,-1.2352309344790424
SimGCL,campus_10,loss4,Top 10,NDCG,0.42256,0.41166,-0.010899999999999965,-2.5795153351003326
SimGCL,campus_10,loss4,Top 20,Hit Ratio,0.57867,0.56829,-0.010380000000000056,-1.7937684690756486
SimGCL,campus_10,loss4,Top 20,Precision,0.10735,0.10543,-0.001920000000000005,-1.7885421518397808
SimGCL,campus_10,loss4,Top 20,Recall,0.60535,0.59306,-0.012290000000000023,-2.030230445196997
SimGCL,campus_10,loss4,Top 20,NDCG,0.45847,0.44622,-0.012249999999999983,-2.671930551617332
SimGCL,campus_10,loss5,Top 3,Hit Ratio,0.22929,0.22966,0.0003700000000000092,0.1613677002922104
SimGCL,campus_10,loss5,Top 3,Precision,0.28358,0.28404,0.00046000000000001595,0.16221172156005922
SimGCL,campus_10,loss5,Top 3,Recall,0.31243,0.31159,-0.0008400000000000074,-0.26886022469033305
SimGCL,campus_10,loss5,Top 3,NDCG,0.37289,0.3723,-0.0005899999999999794,-0.15822360481642828
SimGCL,campus_10,loss5,Top 5,Hit Ratio,0.31355,0.31542,0.0018699999999999828,0.5963961090735075
SimGCL,campus_10,loss5,Top 5,Precision,0.23268,0.23406,0.0013799999999999923,0.5930892212480627
SimGCL,campus_10,loss5,Top 5,Recall,0.39575,0.39793,0.0021800000000000153,0.550852811118134
SimGCL,campus_10,loss5,Top 5,NDCG,0.39164,0.3923,0.0006599999999999939,0.168522112143804
SimGCL,campus_10,loss5,Top 10,Hit Ratio,0.4441,0.44663,0.0025300000000000322,0.569691510920971
SimGCL,campus_10,loss5,Top 10,Precision,0.16477,0.16572,0.0009500000000000064,0.5765612672209786
SimGCL,campus_10,loss5,Top 10,Recall,0.50274,0.5072,0.0044600000000000195,0.8871384811234475
SimGCL,campus_10,loss5,Top 10,NDCG,0.42256,0.42418,0.0016200000000000103,0.38337750851950264
SimGCL,campus_10,loss5,Top 20,Hit Ratio,0.57867,0.57732,-0.0013499999999999623,-0.23329358701850142
SimGCL,campus_10,loss5,Top 20,Precision,0.10735,0.1071,-0.0002500000000000002,-0.23288309268747112
SimGCL,campus_10,loss5,Top 20,Recall,0.60535,0.60327,-0.002080000000000082,-0.34360287437021253
SimGCL,campus_10,loss5,Top 20,NDCG,0.45847,0.45791,-0.0005600000000000049,-0.12214539664536501
SimGCL,campus_102,loss1,Top 3,Hit Ratio,0.22486,0.21424,-0.01061999999999999,-4.722938717424171
SimGCL,campus_102,loss1,Top 3,Precision,0.24726,0.23559,-0.011670000000000014,-4.719728221305513
SimGCL,campus_102,loss1,Top 3,Recall,0.2944,0.28569,-0.008709999999999996,-2.958559782608694
SimGCL,campus_102,loss1,Top 3,NDCG,0.33616,0.32216,-0.014000000000000012,-4.164683484055216
SimGCL,campus_102,loss1,Top 5,Hit Ratio,0.30294,0.29308,-0.00985999999999998,-3.2547699214365817
SimGCL,campus_102,loss1,Top 5,Precision,0.19987,0.19337,-0.006500000000000006,-3.2521138740181152
SimGCL,campus_102,loss1,Top 5,Recall,0.37706,0.36899,-0.008070000000000022,-2.1402429321593437
SimGCL,campus_102,loss1,Top 5,NDCG,0.35501,0.34309,-0.011919999999999986,-3.3576518971296543
SimGCL,campus_102,loss1,Top 10,Hit Ratio,0.43087,0.42293,-0.007940000000000003,-1.8427832060714375
SimGCL,campus_102,loss1,Top 10,Precision,0.14214,0.13952,-0.0026199999999999835,-1.843253130716184
SimGCL,campus_102,loss1,Top 10,Recall,0.49297,0.4872,-0.005769999999999997,-1.1704566200783002
SimGCL,campus_102,loss1,Top 10,NDCG,0.39543,0.3852,-0.010230000000000017,-2.5870571276837917
SimGCL,campus_102,loss1,Top 20,Hit Ratio,0.55401,0.55153,-0.0024800000000000377,-0.4476453493619316
SimGCL,campus_102,loss1,Top 20,Precision,0.09138,0.09097,-0.0004100000000000076,-0.44867585905012863
SimGCL,campus_102,loss1,Top 20,Recall,0.58786,0.58617,-0.0016900000000000803,-0.2874834144184126
SimGCL,campus_102,loss1,Top 20,NDCG,0.43082,0.42222,-0.008599999999999997,-1.9961933057889598
SimGCL,campus_102,loss2,Top 3,Hit Ratio,0.22486,0.22314,-0.0017199999999999993,-0.7649203949123896
SimGCL,campus_102,loss2,Top 3,Precision,0.24726,0.24537,-0.0018900000000000028,-0.7643775782577056
SimGCL,campus_102,loss2,Top 3,Recall,0.2944,0.29344,-0.0009600000000000164,-0.3260869565217447
SimGCL,campus_102,loss2,Top 3,NDCG,0.33616,0.3339,-0.0022600000000000398,-0.6722989052832102
SimGCL,campus_102,loss2,Top 5,Hit Ratio,0.30294,0.30466,0.0017199999999999993,0.5677691952201754
SimGCL,campus_102,loss2,Top 5,Precision,0.19987,0.20101,0.0011400000000000021,0.5703707409816392
SimGCL,campus_102,loss2,Top 5,Recall,0.37706,0.37928,0.0022199999999999998,0.5887657136795205
SimGCL,campus_102,loss2,Top 5,NDCG,0.35501,0.35512,0.00010999999999999899,0.030985042674853948
SimGCL,campus_102,loss2,Top 10,Hit Ratio,0.43087,0.43221,0.0013400000000000079,0.31099867709518136
SimGCL,campus_102,loss2,Top 10,Precision,0.14214,0.14258,0.0004400000000000237,0.30955396088365256
SimGCL,campus_102,loss2,Top 10,Recall,0.49297,0.49532,0.0023499999999999632,0.4767024362537199
SimGCL,campus_102,loss2,Top 10,NDCG,0.39543,0.39547,3.999999999998449e-05,0.010115570391721541
SimGCL,campus_102,loss2,Top 20,Hit Ratio,0.55401,0.55612,0.0021099999999999453,0.3808595512716278
SimGCL,campus_102,loss2,Top 20,Precision,0.09138,0.09173,0.0003500000000000031,0.383015977237911
SimGCL,campus_102,loss2,Top 20,Recall,0.58786,0.59691,0.009050000000000002,1.5394821896369888
SimGCL,campus_102,loss2,Top 20,NDCG,0.43082,0.43269,0.0018700000000000383,0.4340559862587713
SimGCL,campus_102,loss3,Top 3,Hit Ratio,0.22486,0.22285,-0.0020100000000000118,-0.8938895312639028
SimGCL,campus_102,loss3,Top 3,Precision,0.24726,0.24505,-0.0022100000000000175,-0.8937960042061059
SimGCL,campus_102,loss3,Top 3,Recall,0.2944,0.29467,0.00026999999999999247,0.09171195652173657
SimGCL,campus_102,loss3,Top 3,NDCG,0.33616,0.33346,-0.0027000000000000357,-0.80318895763923
SimGCL,campus_102,loss3,Top 5,Hit Ratio,0.30294,0.3061,0.003159999999999996,1.0431108470324144
SimGCL,campus_102,loss3,Top 5,Precision,0.19987,0.20196,0.0020900000000000085,1.045679691799674
SimGCL,campus_102,loss3,Top 5,Recall,0.37706,0.38302,0.005960000000000021,1.5806502943828622
SimGCL,campus_102,loss3,Top 5,NDCG,0.35501,0.35633,0.0013199999999999878,0.37182051209824735
SimGCL,campus_102,loss3,Top 10,Hit Ratio,0.43087,0.4347,0.00383,0.8888992039362222
SimGCL,campus_102,loss3,Top 10,Precision,0.14214,0.1434,0.0012600000000000111,0.886449978894056
SimGCL,campus_102,loss3,Top 10,Recall,0.49297,0.50118,0.00820999999999994,1.6654157453800313
SimGCL,campus_102,loss3,Top 10,NDCG,0.39543,0.39772,0.0022900000000000142,0.5791164049262864
SimGCL,campus_102,loss3,Top 20,Hit Ratio,0.55401,0.56224,0.00822999999999996,1.4855327521163804
SimGCL,campus_102,loss3,Top 20,Precision,0.09138,0.09274,0.00136,1.4882906544101555
SimGCL,campus_102,loss3,Top 20,Recall,0.58786,0.60578,0.017919999999999936,3.0483448440104675
SimGCL,campus_102,loss3,Top 20,NDCG,0.43082,0.43585,0.0050300000000000344,1.1675409683858768
SimGCL,campus_102,loss4,Top 3,Hit Ratio,0.22486,0.21921,-0.005650000000000016,-2.5126745530552412
SimGCL,campus_102,loss4,Top 3,Precision,0.24726,0.24106,-0.006200000000000011,-2.507482002750146
SimGCL,campus_102,loss4,Top 3,Recall,0.2944,0.28981,-0.004589999999999983,-1.5591032608695594
SimGCL,campus_102,loss4,Top 3,NDCG,0.33616,0.32613,-0.010030000000000039,-2.9836982389338527
SimGCL,campus_102,loss4,Top 5,Hit Ratio,0.30294,0.29863,-0.0043099999999999805,-1.4227239717435731
SimGCL,campus_102,loss4,Top 5,Precision,0.19987,0.19703,-0.0028399999999999814,-1.420923600340212
SimGCL,campus_102,loss4,Top 5,Recall,0.37706,0.37451,-0.0025499999999999967,-0.6762849413886375
SimGCL,campus_102,loss4,Top 5,NDCG,0.35501,0.34698,-0.008029999999999982,-2.2619081152643536
SimGCL,campus_102,loss4,Top 10,Hit Ratio,0.43087,0.42723,-0.0036399999999999766,-0.8448023765869003
SimGCL,campus_102,loss4,Top 10,Precision,0.14214,0.14094,-0.0011999999999999789,-0.8442380751371739
SimGCL,campus_102,loss4,Top 10,Recall,0.49297,0.48962,-0.0033500000000000196,-0.6795545367872324
SimGCL,campus_102,loss4,Top 10,NDCG,0.39543,0.38783,-0.007599999999999996,-1.921958374427837
SimGCL,campus_102,loss4,Top 20,Hit Ratio,0.55401,0.55095,-0.0030599999999999516,-0.5523366004223663
SimGCL,campus_102,loss4,Top 20,Precision,0.09138,0.09088,-0.0005000000000000004,-0.5471656817684399
SimGCL,campus_102,loss4,Top 20,Recall,0.58786,0.58869,0.0008299999999999974,0.14119007927057417
SimGCL,campus_102,loss4,Top 20,NDCG,0.43082,0.42417,-0.006649999999999989,-1.543568079476345
SimGCL,campus_102,loss5,Top 3,Hit Ratio,0.22486,0.22457,-0.00029000000000001247,-0.12896913635151316
SimGCL,campus_102,loss5,Top 3,Precision,0.24726,0.24695,-0.0003100000000000047,-0.12537410013750896
SimGCL,campus_102,loss5,Top 3,Recall,0.2944,0.29611,0.0017099999999999893,0.5808423913043442
SimGCL,campus_102,loss5,Top 3,NDCG,0.33616,0.33691,0.0007499999999999729,0.223108043788664
SimGCL,campus_102,loss5,Top 5,Hit Ratio,0.30294,0.30696,0.0040200000000000236,1.3269954446425112
SimGCL,campus_102,loss5,Top 5,Precision,0.19987,0.20253,0.0026599999999999957,1.3308650622904867
SimGCL,campus_102,loss5,Top 5,Recall,0.37706,0.37932,0.0022599999999999842,0.5993741049169852
SimGCL,campus_102,loss5,Top 5,NDCG,0.35501,0.35716,0.0021499999999999853,0.6056167431903285
SimGCL,campus_102,loss5,Top 10,Hit Ratio,0.43087,0.43125,0.00038000000000004697,0.0881936546986439
SimGCL,campus_102,loss5,Top 10,Precision,0.14214,0.14227,0.000130000000000019,0.09145912480654214
SimGCL,campus_102,loss5,Top 10,Recall,0.49297,0.49426,0.0012899999999999578,0.26167920968820774
SimGCL,campus_102,loss5,Top 10,NDCG,0.39543,0.39653,0.0010999999999999899,0.2781781857724477
SimGCL,campus_102,loss5,Top 20,Hit Ratio,0.55401,0.55478,0.0007700000000000484,0.13898666089060638
SimGCL,campus_102,loss5,Top 20,Precision,0.09138,0.09151,0.00012999999999999123,0.14226307725978465
SimGCL,campus_102,loss5,Top 20,Recall,0.58786,0.59056,0.0026999999999999247,0.4592930289524589
SimGCL,campus_102,loss5,Top 20,NDCG,0.43082,0.43231,0.0014900000000000468,0.34585209600298195
SimGCL,campus_143,loss1,Top 3,Hit Ratio,0.48618,0.48411,-0.0020700000000000163,-0.4257682339874154
SimGCL,campus_143,loss1,Top 3,Precision,0.27734,0.27616,-0.0011799999999999589,-0.42547054157350506
SimGCL,campus_143,loss1,Top 3,Recall,0.54424,0.54698,0.0027400000000000757,0.5034543583713207
SimGCL,campus_143,loss1,Top 3,NDCG,0.50624,0.50423,-0.0020100000000000673,-0.3970448798988755
SimGCL,campus_143,loss1,Top 5,Hit Ratio,0.59571,0.58848,-0.007229999999999959,-1.2136777962431315
SimGCL,campus_143,loss1,Top 5,Precision,0.20389,0.20141,-0.0024799999999999822,-1.216342145274404
SimGCL,campus_143,loss1,Top 5,Recall,0.64376,0.63752,-0.006240000000000023,-0.9693053311793252
SimGCL,campus_143,loss1,Top 5,NDCG,0.54569,0.54058,-0.005110000000000059,-0.9364291081016803
SimGCL,campus_143,loss1,Top 10,Hit Ratio,0.70163,0.70989,0.008260000000000045,1.1772586690991043
SimGCL,campus_143,loss1,Top 10,Precision,0.12007,0.12149,0.0014200000000000046,1.182643457982847
SimGCL,campus_143,loss1,Top 10,Recall,0.72398,0.736,0.01202000000000003,1.6602668582005071
SimGCL,campus_143,loss1,Top 10,NDCG,0.57665,0.57811,0.0014600000000000168,0.25318650828058903
SimGCL,campus_143,loss1,Top 20,Hit Ratio,0.76905,0.76854,-0.0005100000000000104,-0.06631558416227949
SimGCL,campus_143,loss1,Top 20,Precision,0.0658,0.06576,-3.999999999999837e-05,-0.06079027355622853
SimGCL,campus_143,loss1,Top 20,Recall,0.77858,0.77946,0.0008799999999999919,0.11302627860977574
SimGCL,campus_143,loss1,Top 20,NDCG,0.59289,0.59179,-0.0010999999999999899,-0.18553188618461938
SimGCL,campus_143,loss2,Top 3,Hit Ratio,0.48618,0.48385,-0.0023299999999999987,-0.4792463696573283
SimGCL,campus_143,loss2,Top 3,Precision,0.27734,0.27601,-0.0013299999999999979,-0.47955577990913606
SimGCL,campus_143,loss2,Top 3,Recall,0.54424,0.54572,0.0014800000000000368,0.271938850507136
SimGCL,campus_143,loss2,Top 3,NDCG,0.50624,0.50524,-0.0010000000000000009,-0.19753476611883708
SimGCL,campus_143,loss2,Top 5,Hit Ratio,0.59571,0.58615,-0.009560000000000013,-1.6048077084487442
SimGCL,campus_143,loss2,Top 5,Precision,0.20389,0.20062,-0.003269999999999995,-1.6038059738094048
SimGCL,campus_143,loss2,Top 5,Recall,0.64376,0.63314,-0.010619999999999963,-1.6496831117186472
SimGCL,campus_143,loss2,Top 5,NDCG,0.54569,0.53984,-0.005850000000000022,-1.0720372372592537
SimGCL,campus_143,loss2,Top 10,Hit Ratio,0.70163,0.70137,-0.00025999999999992696,-0.03705656827671664
SimGCL,campus_143,loss2,Top 10,Precision,0.12007,0.12003,-3.999999999999837e-05,-0.03331390022486747
SimGCL,campus_143,loss2,Top 10,Recall,0.72398,0.72286,-0.0011200000000000099,-0.15470040608856736
SimGCL,campus_143,loss2,Top 10,NDCG,0.57665,0.57447,-0.0021799999999999597,-0.37804560825456685
SimGCL,campus_143,loss2,Top 20,Hit Ratio,0.76905,0.76569,-0.0033600000000000296,-0.4369026721279539
SimGCL,campus_143,loss2,Top 20,Precision,0.0658,0.06552,-0.00028000000000000247,-0.42553191489362074
SimGCL,campus_143,loss2,Top 20,Recall,0.77858,0.7742,-0.0043800000000000505,-0.5625626139895772
SimGCL,campus_143,loss2,Top 20,NDCG,0.59289,0.59032,-0.0025700000000000722,-0.43346995226771784
SimGCL,campus_143,loss3,Top 3,Hit Ratio,0.48618,0.4929,0.006720000000000004,1.3822041219301502
SimGCL,campus_143,loss3,Top 3,Precision,0.27734,0.28117,0.00383,1.3809764188360858
SimGCL,campus_143,loss3,Top 3,Recall,0.54424,0.55358,0.009340000000000015,1.7161546376598589
SimGCL,campus_143,loss3,Top 3,NDCG,0.50624,0.51196,0.005719999999999947,1.1298988621997366
SimGCL,campus_143,loss3,Top 5,Hit Ratio,0.59571,0.60088,0.005170000000000008,0.8678719511171558
SimGCL,campus_143,loss3,Top 5,Precision,0.20389,0.20566,0.0017700000000000216,0.8681151601353777
SimGCL,campus_143,loss3,Top 5,Recall,0.64376,0.65071,0.006950000000000012,1.0795948800795347
SimGCL,campus_143,loss3,Top 5,NDCG,0.54569,0.55029,0.0045999999999999375,0.8429694515200823
SimGCL,campus_143,loss3,Top 10,Hit Ratio,0.70163,0.70576,0.004130000000000078,0.5886293345495601
SimGCL,campus_143,loss3,Top 10,Precision,0.12007,0.12078,0.0007100000000000023,0.5913217289914235
SimGCL,campus_143,loss3,Top 10,Recall,0.72398,0.73042,0.006440000000000001,0.8895273350092545
SimGCL,campus_143,loss3,Top 10,NDCG,0.57665,0.58103,0.0043800000000000505,0.7595595248417673
SimGCL,campus_143,loss3,Top 20,Hit Ratio,0.76905,0.77086,0.0018099999999999783,0.23535530849749406
SimGCL,campus_143,loss3,Top 20,Precision,0.0658,0.06596,0.00016000000000000736,0.2431610942249352
SimGCL,campus_143,loss3,Top 20,Recall,0.77858,0.77997,0.0013900000000000023,0.17853014462226133
SimGCL,campus_143,loss3,Top 20,NDCG,0.59289,0.59646,0.003569999999999962,0.6021353033446275
SimGCL,campus_143,loss4,Top 3,Hit Ratio,0.48618,0.4761,-0.010079999999999978,-2.0733061828952195
SimGCL,campus_143,loss4,Top 3,Precision,0.27734,0.27159,-0.005749999999999977,-2.0732674695319746
SimGCL,campus_143,loss4,Top 3,Recall,0.54424,0.53889,-0.005349999999999966,-0.9830221960899541
SimGCL,campus_143,loss4,Top 3,NDCG,0.50624,0.49735,-0.008890000000000009,-1.7560840707964618
SimGCL,campus_143,loss4,Top 5,Hit Ratio,0.59571,0.57944,-0.016270000000000007,-2.731194708834837
SimGCL,campus_143,loss4,Top 5,Precision,0.20389,0.19832,-0.005569999999999992,-2.731865221442931
SimGCL,campus_143,loss4,Top 5,Recall,0.64376,0.63114,-0.012619999999999965,-1.9603578973530453
SimGCL,campus_143,loss4,Top 5,NDCG,0.54569,0.5338,-0.011889999999999956,-2.178892777950843
SimGCL,campus_143,loss4,Top 10,Hit Ratio,0.70163,0.69853,-0.0030999999999999917,-0.4418283140686675
SimGCL,campus_143,loss4,Top 10,Precision,0.12007,0.11954,-0.0005300000000000027,-0.4414091779795142
SimGCL,campus_143,loss4,Top 10,Recall,0.72398,0.72253,-0.0014499999999999513,-0.2002817757396546
SimGCL,campus_143,loss4,Top 10,NDCG,0.57665,0.56935,-0.007299999999999973,-1.265932541402926
SimGCL,campus_143,loss4,Top 20,Hit Ratio,0.76905,0.7613,-0.007750000000000035,-1.0077368181522703
SimGCL,campus_143,loss4,Top 20,Precision,0.0658,0.06514,-0.0006599999999999939,-1.0030395136778023
SimGCL,campus_143,loss4,Top 20,Recall,0.77858,0.77322,-0.005360000000000031,-0.6884327878959171
SimGCL,campus_143,loss4,Top 20,NDCG,0.59289,0.5848,-0.008090000000000042,-1.3645026902123567
SimGCL,campus_143,loss5,Top 3,Hit Ratio,0.48618,0.48876,0.002579999999999971,0.5306676539553192
SimGCL,campus_143,loss5,Top 3,Precision,0.27734,0.27881,0.0014700000000000268,0.5300353356890557
SimGCL,campus_143,loss5,Top 3,Recall,0.54424,0.55038,0.006140000000000034,1.1281787446714748
SimGCL,campus_143,loss5,Top 3,NDCG,0.50624,0.51013,0.003889999999999949,0.7684102402022654
SimGCL,campus_143,loss5,Top 5,Hit Ratio,0.59571,0.59184,-0.003869999999999929,-0.6496449614745312
SimGCL,campus_143,loss5,Top 5,Precision,0.20389,0.20256,-0.0013299999999999979,-0.6523125214576477
SimGCL,campus_143,loss5,Top 5,Recall,0.64376,0.63887,-0.00488999999999995,-0.7595998508760952
SimGCL,campus_143,loss5,Top 5,NDCG,0.54569,0.54526,-0.00043000000000004146,-0.07879931829427723
SimGCL,campus_143,loss5,Top 10,Hit Ratio,0.70163,0.70059,-0.0010399999999999299,-0.1482262731068982
SimGCL,campus_143,loss5,Top 10,Precision,0.12007,0.11989,-0.0001799999999999996,-0.1499125510119094
SimGCL,campus_143,loss5,Top 10,Recall,0.72398,0.7217,-0.0022799999999999487,-0.31492582668028796
SimGCL,campus_143,loss5,Top 10,NDCG,0.57665,0.57735,0.0007000000000000339,0.1213907916413828
SimGCL,campus_143,loss5,Top 20,Hit Ratio,0.76905,0.76311,-0.005940000000000056,-0.7723815096547763
SimGCL,campus_143,loss5,Top 20,Precision,0.0658,0.0653,-0.0005000000000000004,-0.7598784194528883
SimGCL,campus_143,loss5,Top 20,Recall,0.77858,0.77323,-0.005350000000000077,-0.6871483983662664
SimGCL,campus_143,loss5,Top 20,NDCG,0.59289,0.59289,0.0,0.0
SimGCL,campus_15,loss1,Top 3,Hit Ratio,0.14467,0.14458,-9.000000000000674e-05,-0.06221054814405664
SimGCL,campus_15,loss1,Top 3,Precision,0.23365,0.23352,-0.00012999999999999123,-0.055638775946925415
SimGCL,campus_15,loss1,Top 3,Recall,0.28114,0.27649,-0.0046499999999999875,-1.6539802233762495
SimGCL,campus_15,loss1,Top 3,NDCG,0.32966,0.32791,-0.0017500000000000293,-0.5308499666322967
SimGCL,campus_15,loss1,Top 5,Hit Ratio,0.20807,0.20704,-0.0010300000000000031,-0.49502571250060223
SimGCL,campus_15,loss1,Top 5,Precision,0.20163,0.20064,-0.0009899999999999909,-0.4909983633387844
SimGCL,campus_15,loss1,Top 5,Recall,0.35671,0.34848,-0.008230000000000015,-2.307196321942198
SimGCL,campus_15,loss1,Top 5,NDCG,0.35538,0.35126,-0.004119999999999957,-1.1593224154426127
SimGCL,campus_15,loss1,Top 10,Hit Ratio,0.33331,0.33302,-0.00029000000000001247,-0.08700609042633359
SimGCL,campus_15,loss1,Top 10,Precision,0.1615,0.16136,-0.00014000000000000123,-0.08668730650154874
SimGCL,campus_15,loss1,Top 10,Recall,0.46267,0.46037,-0.0023000000000000242,-0.49711457410249726
SimGCL,campus_15,loss1,Top 10,NDCG,0.38776,0.38451,-0.003249999999999975,-0.8381473076129501
SimGCL,campus_15,loss1,Top 20,Hit Ratio,0.50195,0.50117,-0.0007800000000000029,-0.15539396354218607
SimGCL,campus_15,loss1,Top 20,Precision,0.1216,0.12142,-0.0001799999999999996,-0.14802631578947337
SimGCL,campus_15,loss1,Top 20,Recall,0.5642,0.56463,0.00042999999999993044,0.07621410847216065
SimGCL,campus_15,loss1,Top 20,NDCG,0.42301,0.42011,-0.0029000000000000137,-0.6855629890546355
SimGCL,campus_15,loss2,Top 3,Hit Ratio,0.14467,0.15061,0.005940000000000001,4.105896177507431
SimGCL,campus_15,loss2,Top 3,Precision,0.23365,0.24325,0.009599999999999997,4.108709608388614
SimGCL,campus_15,loss2,Top 3,Recall,0.28114,0.27493,-0.006209999999999993,-2.2088639112186077
SimGCL,campus_15,loss2,Top 3,NDCG,0.32966,0.33754,0.007879999999999998,2.390341564035672
SimGCL,campus_15,loss2,Top 5,Hit Ratio,0.20807,0.21442,0.0063499999999999945,3.0518575479405943
SimGCL,campus_15,loss2,Top 5,Precision,0.20163,0.20778,0.006149999999999989,3.0501413480136828
SimGCL,campus_15,loss2,Top 5,Recall,0.35671,0.34683,-0.00988,-2.769756945417846
SimGCL,campus_15,loss2,Top 5,NDCG,0.35538,0.35844,0.003060000000000007,0.8610501435083594
SimGCL,campus_15,loss2,Top 10,Hit Ratio,0.33331,0.34367,0.01035999999999998,3.10821757523026
SimGCL,campus_15,loss2,Top 10,Precision,0.1615,0.16652,0.005019999999999997,3.1083591331269327
SimGCL,campus_15,loss2,Top 10,Recall,0.46267,0.45797,-0.0047000000000000375,-1.0158428253398832
SimGCL,campus_15,loss2,Top 10,NDCG,0.38776,0.38905,0.0012900000000000134,0.3326800082525308
SimGCL,campus_15,loss2,Top 20,Hit Ratio,0.50195,0.50682,0.004870000000000041,0.9702161569877559
SimGCL,campus_15,loss2,Top 20,Precision,0.1216,0.12279,0.0011899999999999966,0.9786184210526288
SimGCL,campus_15,loss2,Top 20,Recall,0.5642,0.56185,-0.0023500000000000743,-0.4165189649060748
SimGCL,campus_15,loss2,Top 20,NDCG,0.42301,0.42244,-0.0005700000000000149,-0.13474858750384505
SimGCL,campus_15,loss3,Top 3,Hit Ratio,0.14467,0.14561,0.0009399999999999964,0.6497546139489849
SimGCL,campus_15,loss3,Top 3,Precision,0.23365,0.23517,0.0015199999999999936,0.6505456879948613
SimGCL,campus_15,loss3,Top 3,Recall,0.28114,0.28181,0.0006700000000000039,0.23831543003485947
SimGCL,campus_15,loss3,Top 3,NDCG,0.32966,0.33105,0.0013900000000000023,0.42164654492507503
SimGCL,campus_15,loss3,Top 5,Hit Ratio,0.20807,0.20774,-0.00032999999999999696,-0.15860047099533664
SimGCL,campus_15,loss3,Top 5,Precision,0.20163,0.20131,-0.0003200000000000147,-0.1587065416852724
SimGCL,campus_15,loss3,Top 5,Recall,0.35671,0.3555,-0.0012100000000000444,-0.3392111238821576
SimGCL,campus_15,loss3,Top 5,NDCG,0.35538,0.35541,3.0000000000030003e-05,0.008441668073619788
SimGCL,campus_15,loss3,Top 10,Hit Ratio,0.33331,0.33445,0.0011400000000000299,0.34202394167592626
SimGCL,campus_15,loss3,Top 10,Precision,0.1615,0.16205,0.0005499999999999949,0.3405572755417925
SimGCL,campus_15,loss3,Top 10,Recall,0.46267,0.46741,0.0047399999999999665,1.0244882961938242
SimGCL,campus_15,loss3,Top 10,NDCG,0.38776,0.39006,0.0023000000000000242,0.5931504023107139
SimGCL,campus_15,loss3,Top 20,Hit Ratio,0.50195,0.50109,-0.0008599999999999719,-0.171331805956763
SimGCL,campus_15,loss3,Top 20,Precision,0.1216,0.1214,-0.00020000000000000573,-0.16447368421053105
SimGCL,campus_15,loss3,Top 20,Recall,0.5642,0.56926,0.005059999999999953,0.8968450903934692
SimGCL,campus_15,loss3,Top 20,NDCG,0.42301,0.4251,0.0020899999999999808,0.49407815418074763
SimGCL,campus_15,loss4,Top 3,Hit Ratio,0.14467,0.14122,-0.003449999999999981,-2.3847376788553127
SimGCL,campus_15,loss4,Top 3,Precision,0.23365,0.22809,-0.005560000000000009,-2.379627648191744
SimGCL,campus_15,loss4,Top 3,Recall,0.28114,0.27749,-0.0036499999999999866,-1.298285551682431
SimGCL,campus_15,loss4,Top 3,NDCG,0.32966,0.32269,-0.006970000000000032,-2.1142995813868932
SimGCL,campus_15,loss4,Top 5,Hit Ratio,0.20807,0.20421,-0.0038600000000000023,-1.8551449031575924
SimGCL,campus_15,loss4,Top 5,Precision,0.20163,0.1979,-0.003730000000000011,-1.849923126518877
SimGCL,campus_15,loss4,Top 5,Recall,0.35671,0.35494,-0.0017700000000000493,-0.49620139609207736
SimGCL,campus_15,loss4,Top 5,NDCG,0.35538,0.35007,-0.005309999999999981,-1.494175249029203
SimGCL,campus_15,loss4,Top 10,Hit Ratio,0.33331,0.32896,-0.0043500000000000205,-1.305091356394954
SimGCL,campus_15,loss4,Top 10,Precision,0.1615,0.15939,-0.0021100000000000008,-1.3065015479876165
SimGCL,campus_15,loss4,Top 10,Recall,0.46267,0.46273,5.999999999994898e-05,0.012968206280923548
SimGCL,campus_15,loss4,Top 10,NDCG,0.38776,0.38394,-0.00381999999999999,-0.9851454507943033
SimGCL,campus_15,loss4,Top 20,Hit Ratio,0.50195,0.49547,-0.006479999999999986,-1.2909652355812304
SimGCL,campus_15,loss4,Top 20,Precision,0.1216,0.12004,-0.0015600000000000058,-1.2828947368421102
SimGCL,campus_15,loss4,Top 20,Recall,0.5642,0.5651,0.0009000000000000119,0.15951790145338743
SimGCL,campus_15,loss4,Top 20,NDCG,0.42301,0.41963,-0.003379999999999994,-0.799035483794708
SimGCL,campus_15,loss5,Top 3,Hit Ratio,0.14467,0.14143,-0.003239999999999993,-2.2395797331858662
SimGCL,campus_15,loss5,Top 3,Precision,0.23365,0.22842,-0.005229999999999985,-2.238390755403375
SimGCL,campus_15,loss5,Top 3,Recall,0.28114,0.28172,0.0005800000000000249,0.2063029095824233
SimGCL,campus_15,loss5,Top 3,NDCG,0.32966,0.32605,-0.003610000000000002,-1.0950676454528914
SimGCL,campus_15,loss5,Top 5,Hit Ratio,0.20807,0.20409,-0.003980000000000011,-1.912817801701356
SimGCL,campus_15,loss5,Top 5,Precision,0.20163,0.19778,-0.0038499999999999923,-1.909438079650842
SimGCL,campus_15,loss5,Top 5,Recall,0.35671,0.36016,0.003449999999999953,0.9671722127218056
SimGCL,campus_15,loss5,Top 5,NDCG,0.35538,0.354,-0.0013799999999999923,-0.3883167313861198
SimGCL,campus_15,loss5,Top 10,Hit Ratio,0.33331,0.33011,-0.0031999999999999806,-0.9600672047043235
SimGCL,campus_15,loss5,Top 10,Precision,0.1615,0.15995,-0.0015499999999999958,-0.9597523219814216
SimGCL,campus_15,loss5,Top 10,Recall,0.46267,0.4702,0.007529999999999981,1.627509888257285
SimGCL,campus_15,loss5,Top 10,NDCG,0.38776,0.38978,0.0020200000000000218,0.5209407881163663
SimGCL,campus_15,loss5,Top 20,Hit Ratio,0.50195,0.49707,-0.0048799999999999955,-0.9722083872895698
SimGCL,campus_15,loss5,Top 20,Precision,0.1216,0.12042,-0.0011800000000000005,-0.9703947368421056
SimGCL,campus_15,loss5,Top 20,Recall,0.5642,0.56964,0.00544,0.9641970932293513
SimGCL,campus_15,loss5,Top 20,NDCG,0.42301,0.4249,0.0018900000000000028,0.4467979480390541
SimGCL,campus_34,loss1,Top 3,Hit Ratio,0.37606,0.37108,-0.0049799999999999844,-1.324256767537091
SimGCL,campus_34,loss1,Top 3,Precision,0.23275,0.22967,-0.0030799999999999994,-1.3233082706766914
SimGCL,campus_34,loss1,Top 3,Recall,0.43765,0.43506,-0.002589999999999981,-0.591797098137777
SimGCL,campus_34,loss1,Top 3,NDCG,0.40471,0.39949,-0.005220000000000002,-1.2898124583034771
SimGCL,campus_34,loss1,Top 5,Hit Ratio,0.47511,0.47138,-0.0037299999999999556,-0.7850813495821927
SimGCL,campus_34,loss1,Top 5,Precision,0.17643,0.17505,-0.0013799999999999923,-0.7821799013773124
SimGCL,campus_34,loss1,Top 5,Recall,0.52852,0.52459,-0.003929999999999989,-0.7435858624082322
SimGCL,campus_34,loss1,Top 5,NDCG,0.44137,0.43626,-0.005110000000000003,-1.1577587964746139
SimGCL,campus_34,loss1,Top 10,Hit Ratio,0.59233,0.59781,0.005479999999999929,0.9251599615079313
SimGCL,campus_34,loss1,Top 10,Precision,0.10998,0.111,0.001020000000000007,0.9274413529732742
SimGCL,campus_34,loss1,Top 10,Recall,0.6269,0.63665,0.009750000000000036,1.5552719732014733
SimGCL,campus_34,loss1,Top 10,NDCG,0.47816,0.47777,-0.00039000000000000146,-0.08156265685126349
SimGCL,campus_34,loss1,Top 20,Hit Ratio,0.66526,0.68342,0.018160000000000065,2.729759793163585
SimGCL,campus_34,loss1,Top 20,Precision,0.06176,0.06345,0.001690000000000004,2.736398963730576
SimGCL,campus_34,loss1,Top 20,Recall,0.68309,0.70729,0.0242,3.542724970355297
SimGCL,campus_34,loss1,Top 20,NDCG,0.49597,0.49969,0.003720000000000001,0.750045365647116
SimGCL,campus_34,loss2,Top 3,Hit Ratio,0.37606,0.37606,0.0,0.0
SimGCL,campus_34,loss2,Top 3,Precision,0.23275,0.23275,0.0,0.0
SimGCL,campus_34,loss2,Top 3,Recall,0.43765,0.44188,0.0042300000000000115,0.9665257625956842
SimGCL,campus_34,loss2,Top 3,NDCG,0.40471,0.40554,0.0008299999999999974,0.2050851226804372
SimGCL,campus_34,loss2,Top 5,Hit Ratio,0.47511,0.47287,-0.0022399999999999642,-0.4714697648965428
SimGCL,campus_34,loss2,Top 5,Precision,0.17643,0.1756,-0.0008299999999999974,-0.4704415348863557
SimGCL,campus_34,loss2,Top 5,Recall,0.52852,0.52803,-0.0004899999999999904,-0.09271172330280604
SimGCL,campus_34,loss2,Top 5,NDCG,0.44137,0.44084,-0.0005299999999999749,-0.120080657951373
SimGCL,campus_34,loss2,Top 10,Hit Ratio,0.59233,0.59209,-0.00024000000000001798,-0.04051795451859908
SimGCL,campus_34,loss2,Top 10,Precision,0.10998,0.10994,-3.999999999999837e-05,-0.0363702491362051
SimGCL,campus_34,loss2,Top 10,Recall,0.6269,0.62773,0.0008299999999999974,0.13239751156484247
SimGCL,campus_34,loss2,Top 10,NDCG,0.47816,0.47866,0.0005000000000000004,0.10456750878367084
SimGCL,campus_34,loss2,Top 20,Hit Ratio,0.66526,0.65406,-0.011199999999999988,-1.6835522953431725
SimGCL,campus_34,loss2,Top 20,Precision,0.06176,0.06072,-0.0010399999999999993,-1.6839378238341955
SimGCL,campus_34,loss2,Top 20,Recall,0.68309,0.67326,-0.009830000000000005,-1.43904902721457
SimGCL,campus_34,loss2,Top 20,NDCG,0.49597,0.49344,-0.0025300000000000322,-0.5101114986793621
SimGCL,campus_34,loss3,Top 3,Hit Ratio,0.37606,0.37581,-0.000250000000000028,-0.06647875339042386
SimGCL,campus_34,loss3,Top 3,Precision,0.23275,0.23259,-0.00016000000000002124,-0.0687432867884087
SimGCL,campus_34,loss3,Top 3,Recall,0.43765,0.43858,0.0009300000000000419,0.21249857191820903
SimGCL,campus_34,loss3,Top 3,NDCG,0.40471,0.40616,0.0014500000000000068,0.35828123841763404
SimGCL,campus_34,loss3,Top 5,Hit Ratio,0.47511,0.4771,0.0019900000000000473,0.4188503714929274
SimGCL,campus_34,loss3,Top 5,Precision,0.17643,0.17717,0.0007399999999999907,0.41942980218783127
SimGCL,campus_34,loss3,Top 5,Recall,0.52852,0.52943,0.0009099999999999664,0.1721789147052082
SimGCL,campus_34,loss3,Top 5,NDCG,0.44137,0.44301,0.0016400000000000303,0.37157033781182014
SimGCL,campus_34,loss3,Top 10,Hit Ratio,0.59233,0.5886,-0.003730000000000011,-0.6297165431431823
SimGCL,campus_34,loss3,Top 10,Precision,0.10998,0.10929,-0.0006899999999999962,-0.6273867975995601
SimGCL,campus_34,loss3,Top 10,Recall,0.6269,0.62287,-0.004029999999999978,-0.6428457489232697
SimGCL,campus_34,loss3,Top 10,NDCG,0.47816,0.47786,-0.00029999999999996696,-0.06274050527019553
SimGCL,campus_34,loss3,Top 20,Hit Ratio,0.66526,0.65978,-0.005479999999999929,-0.8237380873643282
SimGCL,campus_34,loss3,Top 20,Precision,0.06176,0.06125,-0.0005100000000000035,-0.8257772020725446
SimGCL,campus_34,loss3,Top 20,Recall,0.68309,0.67809,-0.0050000000000000044,-0.7319679690816736
SimGCL,campus_34,loss3,Top 20,NDCG,0.49597,0.49532,-0.0006500000000000394,-0.13105631388996097
SimGCL,campus_34,loss4,Top 3,Hit Ratio,0.37606,0.36486,-0.011199999999999988,-2.9782481518906523
SimGCL,campus_34,loss4,Top 3,Precision,0.23275,0.22582,-0.0069300000000000195,-2.9774436090225644
SimGCL,campus_34,loss4,Top 3,Recall,0.43765,0.42623,-0.011419999999999986,-2.609391065920253
SimGCL,campus_34,loss4,Top 3,NDCG,0.40471,0.39422,-0.01049,-2.59197944206963
SimGCL,campus_34,loss4,Top 5,Hit Ratio,0.47511,0.46142,-0.01368999999999998,-2.88143798278293
SimGCL,campus_34,loss4,Top 5,Precision,0.17643,0.17135,-0.005080000000000001,-2.8793289123165002
SimGCL,campus_34,loss4,Top 5,Recall,0.52852,0.51547,-0.013050000000000006,-2.469159161431924
SimGCL,campus_34,loss4,Top 5,NDCG,0.44137,0.43051,-0.01085999999999998,-2.4605206516074904
SimGCL,campus_34,loss4,Top 10,Hit Ratio,0.59233,0.58039,-0.011940000000000062,-2.015768237300164
SimGCL,campus_34,loss4,Top 10,Precision,0.10998,0.10776,-0.0022199999999999998,-2.0185488270594654
SimGCL,campus_34,loss4,Top 10,Recall,0.6269,0.6158,-0.011099999999999999,-1.770617323337055
SimGCL,campus_34,loss4,Top 10,NDCG,0.47816,0.46821,-0.009949999999999959,-2.0808934247950392
SimGCL,campus_34,loss4,Top 20,Hit Ratio,0.66526,0.65505,-0.010209999999999941,-1.534738297808367
SimGCL,campus_34,loss4,Top 20,Precision,0.06176,0.06081,-0.0009499999999999995,-1.5382124352331596
SimGCL,campus_34,loss4,Top 20,Recall,0.68309,0.67543,-0.00766,-1.1213749286331232
SimGCL,campus_34,loss4,Top 20,NDCG,0.49597,0.48671,-0.009260000000000046,-1.8670484101861091
SimGCL,campus_34,loss5,Top 3,Hit Ratio,0.37606,0.37282,-0.0032400000000000206,-0.8615646439398023
SimGCL,campus_34,loss5,Top 3,Precision,0.23275,0.23075,-0.0020000000000000018,-0.8592910848549953
SimGCL,campus_34,loss5,Top 3,Recall,0.43765,0.43558,-0.0020699999999999608,-0.47298069233404794
SimGCL,campus_34,loss5,Top 3,NDCG,0.40471,0.40525,0.0005399999999999849,0.13342887499690764
SimGCL,campus_34,loss5,Top 5,Hit Ratio,0.47511,0.47387,-0.0012399999999999634,-0.2609921912820112
SimGCL,campus_34,loss5,Top 5,Precision,0.17643,0.17597,-0.00046000000000001595,-0.260726633792448
SimGCL,campus_34,loss5,Top 5,Recall,0.52852,0.52742,-0.0010999999999999899,-0.20812835843487285
SimGCL,campus_34,loss5,Top 5,NDCG,0.44137,0.44268,0.0013100000000000334,0.2968031356911511
SimGCL,campus_34,loss5,Top 10,Hit Ratio,0.59233,0.59955,0.007220000000000004,1.2189151317677651
SimGCL,campus_34,loss5,Top 10,Precision,0.10998,0.11132,0.0013400000000000079,1.2184033460629278
SimGCL,campus_34,loss5,Top 10,Recall,0.6269,0.63855,0.011649999999999938,1.8583506141330257
SimGCL,campus_34,loss5,Top 10,NDCG,0.47816,0.48382,0.005659999999999998,1.1837041994311526
SimGCL,campus_34,loss5,Top 20,Hit Ratio,0.66526,0.66974,0.0044800000000000395,0.6734209181372756
SimGCL,campus_34,loss5,Top 20,Precision,0.06176,0.06218,0.00041999999999999676,0.6800518134714972
SimGCL,campus_34,loss5,Top 20,Recall,0.68309,0.69453,0.011440000000000006,1.6747427132588686
SimGCL,campus_34,loss5,Top 20,NDCG,0.49597,0.50123,0.005259999999999931,1.0605480170171444
XSimGCL,campus_10,loss1,Top 3,Hit Ratio,0.22712,0.22175,-0.005369999999999986,-2.364388869320177
XSimGCL,campus_10,loss1,Top 3,Precision,0.2809,0.27425,-0.006649999999999989,-2.367390530437875
XSimGCL,campus_10,loss1,Top 3,Recall,0.30462,0.29696,-0.00766,-2.5146083645197295
XSimGCL,campus_10,loss1,Top 3,NDCG,0.36749,0.35885,-0.008639999999999981,-2.351084383248519
XSimGCL,campus_10,loss1,Top 5,Hit Ratio,0.31005,0.30519,-0.0048599999999999755,-1.567489114658918
XSimGCL,campus_10,loss1,Top 5,Precision,0.23007,0.22647,-0.003599999999999992,-1.5647411657321653
XSimGCL,campus_10,loss1,Top 5,Recall,0.38707,0.38146,-0.005610000000000004,-1.4493502467253994
XSimGCL,campus_10,loss1,Top 5,NDCG,0.38455,0.37797,-0.00658000000000003,-1.7110908854505347
XSimGCL,campus_10,loss1,Top 10,Hit Ratio,0.44372,0.44051,-0.0032099999999999906,-0.7234291895790117
XSimGCL,campus_10,loss1,Top 10,Precision,0.16464,0.16345,-0.0011899999999999966,-0.7227891156462565
XSimGCL,campus_10,loss1,Top 10,Recall,0.50003,0.50018,0.00014999999999998348,0.02999820010799022
XSimGCL,campus_10,loss1,Top 10,NDCG,0.41751,0.41331,-0.0041999999999999815,-1.005963929007684
XSimGCL,campus_10,loss1,Top 20,Hit Ratio,0.58098,0.57531,-0.005670000000000064,-0.975937209542508
XSimGCL,campus_10,loss1,Top 20,Precision,0.10778,0.10673,-0.0010499999999999954,-0.9742067173872662
XSimGCL,campus_10,loss1,Top 20,Recall,0.60514,0.60503,-0.0001100000000000545,-0.018177611792321528
XSimGCL,campus_10,loss1,Top 20,NDCG,0.45413,0.44972,-0.0044099999999999695,-0.9710875740426682
XSimGCL,campus_10,loss2,Top 3,Hit Ratio,0.22712,0.22608,-0.0010399999999999854,-0.4579077139837907
XSimGCL,campus_10,loss2,Top 3,Precision,0.2809,0.27961,-0.0012899999999999578,-0.45923816304733284
XSimGCL,campus_10,loss2,Top 3,Recall,0.30462,0.30186,-0.0027599999999999847,-0.9060468780775998
XSimGCL,campus_10,loss2,Top 3,NDCG,0.36749,0.36694,-0.0005499999999999949,-0.14966393643364306
XSimGCL,campus_10,loss2,Top 5,Hit Ratio,0.31005,0.31161,0.0015600000000000058,0.5031446540880522
XSimGCL,campus_10,loss2,Top 5,Precision,0.23007,0.23124,0.0011700000000000044,0.5085408788629566
XSimGCL,campus_10,loss2,Top 5,Recall,0.38707,0.38937,0.0022999999999999687,0.5942077660371428
XSimGCL,campus_10,loss2,Top 5,NDCG,0.38455,0.38637,0.0018199999999999883,0.47328045767780225
XSimGCL,campus_10,loss2,Top 10,Hit Ratio,0.44372,0.44171,-0.0020100000000000118,-0.45298837104480566
XSimGCL,campus_10,loss2,Top 10,Precision,0.16464,0.16389,-0.0007500000000000007,-0.4555393586005835
XSimGCL,campus_10,loss2,Top 10,Recall,0.50003,0.4973,-0.0027299999999999547,-0.5459672419654731
XSimGCL,campus_10,loss2,Top 10,NDCG,0.41751,0.41688,-0.0006300000000000194,-0.15089458935115793
XSimGCL,campus_10,loss2,Top 20,Hit Ratio,0.58098,0.57889,-0.0020900000000000363,-0.35973699611002724
XSimGCL,campus_10,loss2,Top 20,Precision,0.10778,0.10739,-0.00039000000000000146,-0.36184820931527323
XSimGCL,campus_10,loss2,Top 20,Recall,0.60514,0.60191,-0.003230000000000066,-0.5337607826288241
XSimGCL,campus_10,loss2,Top 20,NDCG,0.45413,0.45321,-0.0009199999999999764,-0.2025851628388295
XSimGCL,campus_10,loss3,Top 3,Hit Ratio,0.22712,0.22824,0.0011200000000000099,0.4931313842902474
XSimGCL,campus_10,loss3,Top 3,Precision,0.2809,0.28229,0.0013900000000000023,0.4948380206479182
XSimGCL,campus_10,loss3,Top 3,Recall,0.30462,0.30466,3.999999999998449e-05,0.013131114175032663
XSimGCL,campus_10,loss3,Top 3,NDCG,0.36749,0.37048,0.0029899999999999927,0.8136275817029016
XSimGCL,campus_10,loss3,Top 5,Hit Ratio,0.31005,0.31072,0.0006700000000000039,0.21609417835833059
XSimGCL,campus_10,loss3,Top 5,Precision,0.23007,0.23057,0.0005000000000000004,0.2173251619072458
XSimGCL,campus_10,loss3,Top 5,Recall,0.38707,0.38679,-0.00028000000000000247,-0.07233833673495814
XSimGCL,campus_10,loss3,Top 5,NDCG,0.38455,0.38677,0.0022199999999999998,0.5772981406839162
XSimGCL,campus_10,loss3,Top 10,Hit Ratio,0.44372,0.44342,-0.00030000000000002247,-0.06761020463355776
XSimGCL,campus_10,loss3,Top 10,Precision,0.16464,0.16453,-0.00010999999999999899,-0.06681243926141824
XSimGCL,campus_10,loss3,Top 10,Recall,0.50003,0.5004,0.00036999999999998145,0.07399556026638031
XSimGCL,campus_10,loss3,Top 10,NDCG,0.41751,0.41957,0.0020600000000000063,0.4934013556561535
XSimGCL,campus_10,loss3,Top 20,Hit Ratio,0.58098,0.58068,-0.000300000000000078,-0.05163688939379634
XSimGCL,campus_10,loss3,Top 20,Precision,0.10778,0.10773,-4.999999999999449e-05,-0.04639079606605538
XSimGCL,campus_10,loss3,Top 20,Recall,0.60514,0.60374,-0.0013999999999999568,-0.23135142281124313
XSimGCL,campus_10,loss3,Top 20,NDCG,0.45413,0.45567,0.0015400000000000413,0.339109946491102
XSimGCL,campus_10,loss4,Top 3,Hit Ratio,0.22712,0.21824,-0.008879999999999999,-3.909827404015498
XSimGCL,campus_10,loss4,Top 3,Precision,0.2809,0.26992,-0.01097999999999999,-3.9088643645425387
XSimGCL,campus_10,loss4,Top 3,Recall,0.30462,0.29469,-0.009929999999999994,-3.2597990939531205
XSimGCL,campus_10,loss4,Top 3,NDCG,0.36749,0.35229,-0.015199999999999991,-4.136166970529808
XSimGCL,campus_10,loss4,Top 5,Hit Ratio,0.31005,0.29788,-0.012170000000000014,-3.925173359135628
XSimGCL,campus_10,loss4,Top 5,Precision,0.23007,0.22105,-0.00902,-3.920545920806711
XSimGCL,campus_10,loss4,Top 5,Recall,0.38707,0.37456,-0.012510000000000021,-3.2319735448368565
XSimGCL,campus_10,loss4,Top 5,NDCG,0.38455,0.36953,-0.015019999999999978,-3.9058639968794635
XSimGCL,campus_10,loss4,Top 10,Hit Ratio,0.44372,0.43298,-0.010740000000000027,-2.420445325881192
XSimGCL,campus_10,loss4,Top 10,Precision,0.16464,0.16065,-0.003990000000000021,-2.423469387755115
XSimGCL,campus_10,loss4,Top 10,Recall,0.50003,0.49186,-0.008169999999999955,-1.6339019658820384
XSimGCL,campus_10,loss4,Top 10,NDCG,0.41751,0.40547,-0.012039999999999995,-2.8837632631553722
XSimGCL,campus_10,loss4,Top 20,Hit Ratio,0.58098,0.56874,-0.012240000000000029,-2.106785087266348
XSimGCL,campus_10,loss4,Top 20,Precision,0.10778,0.10551,-0.0022699999999999942,-2.106142141399141
XSimGCL,campus_10,loss4,Top 20,Recall,0.60514,0.59608,-0.009059999999999957,-1.4971742076213697
XSimGCL,campus_10,loss4,Top 20,NDCG,0.45413,0.44205,-0.01207999999999998,-2.6600312685794774
XSimGCL,campus_10,loss5,Top 3,Hit Ratio,0.22712,0.22832,0.0012000000000000066,0.5283550545966919
XSimGCL,campus_10,loss5,Top 3,Precision,0.2809,0.28238,0.0014800000000000368,0.5268778924884432
XSimGCL,campus_10,loss5,Top 3,Recall,0.30462,0.30413,-0.0004899999999999904,-0.16085614864420933
XSimGCL,campus_10,loss5,Top 3,NDCG,0.36749,0.37003,0.0025400000000000422,0.6911752700753877
XSimGCL,campus_10,loss5,Top 5,Hit Ratio,0.31005,0.3096,-0.00045000000000000595,-0.14513788098693953
XSimGCL,campus_10,loss5,Top 5,Precision,0.23007,0.22974,-0.00032999999999999696,-0.1434346068587808
XSimGCL,campus_10,loss5,Top 5,Recall,0.38707,0.3847,-0.0023700000000000387,-0.6122923502209002
XSimGCL,campus_10,loss5,Top 5,NDCG,0.38455,0.38559,0.0010399999999999854,0.27044597581588486
XSimGCL,campus_10,loss5,Top 10,Hit Ratio,0.44372,0.44447,0.0007499999999999729,0.16902551158387563
XSimGCL,campus_10,loss5,Top 10,Precision,0.16464,0.16491,0.00026999999999999247,0.16399416909620532
XSimGCL,campus_10,loss5,Top 10,Recall,0.50003,0.49923,-0.0007999999999999674,-0.15999040057595892
XSimGCL,campus_10,loss5,Top 10,NDCG,0.41751,0.4187,0.0011900000000000244,0.28502311321885093
XSimGCL,campus_10,loss5,Top 20,Hit Ratio,0.58098,0.57747,-0.003510000000000013,-0.6041516059072624
XSimGCL,campus_10,loss5,Top 20,Precision,0.10778,0.10713,-0.0006499999999999978,-0.6030803488587844
XSimGCL,campus_10,loss5,Top 20,Recall,0.60514,0.5998,-0.005340000000000011,-0.8824404270086279
XSimGCL,campus_10,loss5,Top 20,NDCG,0.45413,0.45355,-0.0005799999999999694,-0.12771673309404122
XSimGCL,campus_102,loss1,Top 3,Hit Ratio,0.22342,0.21347,-0.009950000000000014,-4.4534956584012235
XSimGCL,campus_102,loss1,Top 3,Precision,0.24569,0.23474,-0.010949999999999988,-4.456835850054943
XSimGCL,campus_102,loss1,Top 3,Recall,0.29147,0.2823,-0.009170000000000011,-3.1461213847051193
XSimGCL,campus_102,loss1,Top 3,NDCG,0.33309,0.32022,-0.012869999999999993,-3.8638205890299897
XSimGCL,campus_102,loss1,Top 5,Hit Ratio,0.30552,0.29452,-0.01100000000000001,-3.60041895784237
XSimGCL,campus_102,loss1,Top 5,Precision,0.20158,0.19432,-0.0072600000000000164,-3.6015477725964957
XSimGCL,campus_102,loss1,Top 5,Recall,0.37743,0.36784,-0.009589999999999987,-2.54086850541822
XSimGCL,campus_102,loss1,Top 5,NDCG,0.35386,0.34258,-0.011280000000000012,-3.187701350816711
XSimGCL,campus_102,loss1,Top 10,Hit Ratio,0.43297,0.42312,-0.009850000000000025,-2.274984410005318
XSimGCL,campus_102,loss1,Top 10,Precision,0.14283,0.13958,-0.003250000000000003,-2.275432332143109
XSimGCL,campus_102,loss1,Top 10,Recall,0.49547,0.48555,-0.00992000000000004,-2.0021393828082505
XSimGCL,campus_102,loss1,Top 10,NDCG,0.3939,0.38392,-0.009979999999999989,-2.5336379791825308
XSimGCL,campus_102,loss1,Top 20,Hit Ratio,0.55842,0.5522,-0.006220000000000003,-1.1138569535475096
XSimGCL,campus_102,loss1,Top 20,Precision,0.09211,0.09108,-0.0010300000000000031,-1.1182282054065824
XSimGCL,campus_102,loss1,Top 20,Recall,0.5903,0.59523,0.00492999999999999,0.8351685583601541
XSimGCL,campus_102,loss1,Top 20,NDCG,0.42934,0.42339,-0.005950000000000011,-1.3858480458378
XSimGCL,campus_102,loss2,Top 3,Hit Ratio,0.22342,0.22208,-0.0013400000000000079,-0.5997672544982579
XSimGCL,campus_102,loss2,Top 3,Precision,0.24569,0.24421,-0.0014799999999999813,-0.6023851194594739
XSimGCL,campus_102,loss2,Top 3,Recall,0.29147,0.28791,-0.0035600000000000076,-1.2213949977699274
XSimGCL,campus_102,loss2,Top 3,NDCG,0.33309,0.33211,-0.0009799999999999809,-0.2942147767870488
XSimGCL,campus_102,loss2,Top 5,Hit Ratio,0.30552,0.30227,-0.0032500000000000306,-1.0637601466352549
XSimGCL,campus_102,loss2,Top 5,Precision,0.20158,0.19943,-0.002150000000000013,-1.066574064887396
XSimGCL,campus_102,loss2,Top 5,Recall,0.37743,0.37418,-0.003249999999999975,-0.8610868240468367
XSimGCL,campus_102,loss2,Top 5,NDCG,0.35386,0.3523,-0.0015600000000000058,-0.4408523144746527
XSimGCL,campus_102,loss2,Top 10,Hit Ratio,0.43297,0.43326,0.00028999999999995696,0.06697923643669468
XSimGCL,campus_102,loss2,Top 10,Precision,0.14283,0.14293,9.999999999998899e-05,0.07001330252747251
XSimGCL,campus_102,loss2,Top 10,Recall,0.49547,0.49371,-0.0017600000000000393,-0.35521827759501867
XSimGCL,campus_102,loss2,Top 10,NDCG,0.3939,0.39387,-2.999999999997449e-05,-0.007616146230001141
XSimGCL,campus_102,loss2,Top 20,Hit Ratio,0.55842,0.56071,0.0022900000000000142,0.4100855986533459
XSimGCL,campus_102,loss2,Top 20,Precision,0.09211,0.09249,0.00038000000000000533,0.41255021170340395
XSimGCL,campus_102,loss2,Top 20,Recall,0.5903,0.59981,0.009509999999999907,1.6110452312383376
XSimGCL,campus_102,loss2,Top 20,NDCG,0.42934,0.43222,0.0028799999999999937,0.6707970373130837
XSimGCL,campus_102,loss3,Top 3,Hit Ratio,0.22342,0.22505,0.0016299999999999926,0.7295676304717539
XSimGCL,campus_102,loss3,Top 3,Precision,0.24569,0.24747,0.0017800000000000038,0.7244902112418103
XSimGCL,campus_102,loss3,Top 3,Recall,0.29147,0.29356,0.0020899999999999808,0.7170549284660448
XSimGCL,campus_102,loss3,Top 3,NDCG,0.33309,0.33583,0.00274000000000002,0.8226004983638115
XSimGCL,campus_102,loss3,Top 5,Hit Ratio,0.30552,0.30476,-0.0007600000000000384,-0.24875621890548522
XSimGCL,campus_102,loss3,Top 5,Precision,0.20158,0.20107,-0.0005100000000000104,-0.25300128981050224
XSimGCL,campus_102,loss3,Top 5,Recall,0.37743,0.37796,0.0005300000000000304,0.14042338976764712
XSimGCL,campus_102,loss3,Top 5,NDCG,0.35386,0.35484,0.0009799999999999809,0.2769456847340702
XSimGCL,campus_102,loss3,Top 10,Hit Ratio,0.43297,0.43182,-0.0011500000000000399,-0.2656073169041827
XSimGCL,campus_102,loss3,Top 10,Precision,0.14283,0.14246,-0.0003700000000000092,-0.25904921935168324
XSimGCL,campus_102,loss3,Top 10,Recall,0.49547,0.49437,-0.0011000000000000454,-0.2220114234968909
XSimGCL,campus_102,loss3,Top 10,NDCG,0.3939,0.39466,0.0007600000000000384,0.1929423711602027
XSimGCL,campus_102,loss3,Top 20,Hit Ratio,0.55842,0.56157,0.003149999999999986,0.5640915439991379
XSimGCL,campus_102,loss3,Top 20,Precision,0.09211,0.09263,0.0005200000000000066,0.5645423949625519
XSimGCL,campus_102,loss3,Top 20,Recall,0.5903,0.60038,0.010079999999999978,1.707606301880396
XSimGCL,campus_102,loss3,Top 20,NDCG,0.42934,0.43324,0.0039000000000000146,0.9083709880281395
XSimGCL,campus_102,loss4,Top 3,Hit Ratio,0.22342,0.21606,-0.007360000000000005,-3.294244024706833
XSimGCL,campus_102,loss4,Top 3,Precision,0.24569,0.23758,-0.008109999999999978,-3.3009076478489066
XSimGCL,campus_102,loss4,Top 3,Recall,0.29147,0.28333,-0.00813999999999998,-2.7927402477098777
XSimGCL,campus_102,loss4,Top 3,NDCG,0.33309,0.32218,-0.010909999999999975,-3.2753910354558755
XSimGCL,campus_102,loss4,Top 5,Hit Ratio,0.30552,0.29433,-0.011190000000000033,-3.6626080125687457
XSimGCL,campus_102,loss4,Top 5,Precision,0.20158,0.19419,-0.007390000000000008,-3.666038297450148
XSimGCL,campus_102,loss4,Top 5,Recall,0.37743,0.3694,-0.008029999999999982,-2.1275468298757336
XSimGCL,campus_102,loss4,Top 5,NDCG,0.35386,0.34317,-0.010690000000000033,-3.0209687447013036
XSimGCL,campus_102,loss4,Top 10,Hit Ratio,0.43297,0.4214,-0.011570000000000025,-2.6722405709402555
XSimGCL,campus_102,loss4,Top 10,Precision,0.14283,0.13902,-0.003810000000000008,-2.667506826297002
XSimGCL,campus_102,loss4,Top 10,Recall,0.49547,0.48669,-0.00878000000000001,-1.7720548166387489
XSimGCL,campus_102,loss4,Top 10,NDCG,0.3939,0.38395,-0.009949999999999959,-2.526021832952516
XSimGCL,campus_102,loss4,Top 20,Hit Ratio,0.55842,0.55076,-0.00766,-1.3717273736614017
XSimGCL,campus_102,loss4,Top 20,Precision,0.09211,0.09085,-0.0012599999999999972,-1.3679296493323172
XSimGCL,campus_102,loss4,Top 20,Recall,0.5903,0.59252,0.0022199999999999998,0.376079959342707
XSimGCL,campus_102,loss4,Top 20,NDCG,0.42934,0.42248,-0.006859999999999977,-1.5978012763776905
XSimGCL,campus_102,loss5,Top 3,Hit Ratio,0.22342,0.22448,0.0010600000000000054,0.47444275355832305
XSimGCL,campus_102,loss5,Top 3,Precision,0.24569,0.24684,0.0011500000000000121,0.46806951849892636
XSimGCL,campus_102,loss5,Top 3,Recall,0.29147,0.29417,0.00269999999999998,0.9263389028030261
XSimGCL,campus_102,loss5,Top 3,NDCG,0.33309,0.33439,0.0013000000000000234,0.3902849079828345
XSimGCL,campus_102,loss5,Top 5,Hit Ratio,0.30552,0.30504,-0.00048000000000003595,-0.1571091908876787
XSimGCL,campus_102,loss5,Top 5,Precision,0.20158,0.20126,-0.0003200000000000147,-0.15874590733208388
XSimGCL,campus_102,loss5,Top 5,Recall,0.37743,0.37916,0.0017300000000000093,0.45836314018493746
XSimGCL,campus_102,loss5,Top 5,NDCG,0.35386,0.35403,0.00017000000000000348,0.04804159837223859
XSimGCL,campus_102,loss5,Top 10,Hit Ratio,0.43297,0.43173,-0.0012400000000000189,-0.2863939764879827
XSimGCL,campus_102,loss5,Top 10,Precision,0.14283,0.14242,-0.00041000000000002146,-0.2870545403626839
XSimGCL,campus_102,loss5,Top 10,Recall,0.49547,0.49233,-0.0031400000000000317,-0.6337416998001961
XSimGCL,campus_102,loss5,Top 10,NDCG,0.3939,0.39285,-0.0010499999999999954,-0.26656511805026545
XSimGCL,campus_102,loss5,Top 20,Hit Ratio,0.55842,0.55564,-0.0027800000000000047,-0.49783317216432155
XSimGCL,campus_102,loss5,Top 20,Precision,0.09211,0.09165,-0.0004600000000000021,-0.4994028878514842
XSimGCL,campus_102,loss5,Top 20,Recall,0.5903,0.58984,-0.00046000000000001595,-0.07792647806200508
XSimGCL,campus_102,loss5,Top 20,NDCG,0.42934,0.42877,-0.0005700000000000149,-0.13276191363488493
XSimGCL,campus_143,loss1,Top 3,Hit Ratio,0.49574,0.49083,-0.0049100000000000255,-0.9904385363295326
XSimGCL,campus_143,loss1,Top 3,Precision,0.28279,0.27999,-0.002799999999999969,-0.9901340217122138
XSimGCL,campus_143,loss1,Top 3,Recall,0.55901,0.55407,-0.0049400000000000555,-0.883705121554186
XSimGCL,campus_143,loss1,Top 3,NDCG,0.52396,0.51401,-0.009950000000000014,-1.8989999236582973
XSimGCL,campus_143,loss1,Top 5,Hit Ratio,0.60062,0.5952,-0.005420000000000091,-0.9024008524524809
XSimGCL,campus_143,loss1,Top 5,Precision,0.20557,0.20371,-0.0018600000000000005,-0.9048012842340811
XSimGCL,campus_143,loss1,Top 5,Recall,0.64789,0.64502,-0.002869999999999928,-0.4429764311842949
XSimGCL,campus_143,loss1,Top 5,NDCG,0.55926,0.55046,-0.00880000000000003,-1.573507849658483
XSimGCL,campus_143,loss1,Top 10,Hit Ratio,0.70369,0.71454,0.010849999999999915,1.5418721311941215
XSimGCL,campus_143,loss1,Top 10,Precision,0.12042,0.12228,0.0018600000000000005,1.5445939212755362
XSimGCL,campus_143,loss1,Top 10,Recall,0.7273,0.74081,0.013510000000000022,1.8575553416746902
XSimGCL,campus_143,loss1,Top 10,NDCG,0.58971,0.58671,-0.0030000000000000027,-0.5087246273592109
XSimGCL,campus_143,loss1,Top 20,Hit Ratio,0.77344,0.77758,0.0041400000000000325,0.535270997103852
XSimGCL,campus_143,loss1,Top 20,Precision,0.06618,0.06653,0.0003500000000000031,0.528860682985801
XSimGCL,campus_143,loss1,Top 20,Recall,0.78279,0.79018,0.007390000000000008,0.9440590707597195
XSimGCL,campus_143,loss1,Top 20,NDCG,0.60636,0.60197,-0.004390000000000005,-0.7239923477801974
XSimGCL,campus_143,loss2,Top 3,Hit Ratio,0.49574,0.49238,-0.0033600000000000296,-0.6777746399322284
XSimGCL,campus_143,loss2,Top 3,Precision,0.28279,0.28087,-0.0019199999999999773,-0.6789490434598031
XSimGCL,campus_143,loss2,Top 3,Recall,0.55901,0.55747,-0.0015399999999999858,-0.27548702169907263
XSimGCL,campus_143,loss2,Top 3,NDCG,0.52396,0.51648,-0.007479999999999931,-1.4275898923581822
XSimGCL,campus_143,loss2,Top 5,Hit Ratio,0.60062,0.59726,-0.0033600000000000296,-0.5594219306716443
XSimGCL,campus_143,loss2,Top 5,Precision,0.20557,0.20442,-0.0011500000000000121,-0.5594201488544107
XSimGCL,campus_143,loss2,Top 5,Recall,0.64789,0.64755,-0.00034000000000000696,-0.05247804411242756
XSimGCL,campus_143,loss2,Top 5,NDCG,0.55926,0.55264,-0.006619999999999959,-1.18370704144762
XSimGCL,campus_143,loss2,Top 10,Hit Ratio,0.70369,0.70369,0.0,0.0
XSimGCL,campus_143,loss2,Top 10,Precision,0.12042,0.12042,0.0,0.0
XSimGCL,campus_143,loss2,Top 10,Recall,0.7273,0.72827,0.0009700000000000264,0.1333699986250552
XSimGCL,campus_143,loss2,Top 10,NDCG,0.58971,0.58383,-0.005879999999999996,-0.997100269624052
XSimGCL,campus_143,loss2,Top 20,Hit Ratio,0.77344,0.75975,-0.01368999999999998,-1.7700144807612717
XSimGCL,campus_143,loss2,Top 20,Precision,0.06618,0.06501,-0.0011700000000000044,-1.7679057116953827
XSimGCL,campus_143,loss2,Top 20,Recall,0.78279,0.76587,-0.016919999999999935,-2.1614992526731225
XSimGCL,campus_143,loss2,Top 20,NDCG,0.60636,0.59618,-0.010179999999999967,-1.6788706379048697
XSimGCL,campus_143,loss3,Top 3,Hit Ratio,0.49574,0.49832,0.002579999999999971,0.5204340985193794
XSimGCL,campus_143,loss3,Top 3,Precision,0.28279,0.28426,0.0014700000000000268,0.5198203613989274
XSimGCL,campus_143,loss3,Top 3,Recall,0.55901,0.56118,0.0021700000000000053,0.38818625784869776
XSimGCL,campus_143,loss3,Top 3,NDCG,0.52396,0.52443,0.00046999999999997044,0.0897015039315922
XSimGCL,campus_143,loss3,Top 5,Hit Ratio,0.60062,0.60139,0.0007699999999999374,0.12820085911224025
XSimGCL,campus_143,loss3,Top 5,Precision,0.20557,0.20584,0.00026999999999999247,0.13134212190494354
XSimGCL,campus_143,loss3,Top 5,Recall,0.64789,0.64743,-0.00046000000000001595,-0.0709997067403442
XSimGCL,campus_143,loss3,Top 5,NDCG,0.55926,0.5588,-0.00046000000000001595,-0.08225154668669599
XSimGCL,campus_143,loss3,Top 10,Hit Ratio,0.70369,0.70628,0.002589999999999981,0.36805979905924213
XSimGCL,campus_143,loss3,Top 10,Precision,0.12042,0.12087,0.00045000000000000595,0.3736920777279571
XSimGCL,campus_143,loss3,Top 10,Recall,0.7273,0.72942,0.0021200000000000108,0.291489069159908
XSimGCL,campus_143,loss3,Top 10,NDCG,0.58971,0.58996,0.0002500000000000835,0.04239371894661503
XSimGCL,campus_143,loss3,Top 20,Hit Ratio,0.77344,0.78404,0.010599999999999943,1.370500620604047
XSimGCL,campus_143,loss3,Top 20,Precision,0.06618,0.06709,0.0009099999999999941,1.3750377757630616
XSimGCL,campus_143,loss3,Top 20,Recall,0.78279,0.79674,0.013950000000000018,1.7820871498102964
XSimGCL,campus_143,loss3,Top 20,NDCG,0.60636,0.61011,0.003750000000000031,0.6184444884227243
XSimGCL,campus_143,loss4,Top 3,Hit Ratio,0.49574,0.48153,-0.01421,-2.866421914713358
XSimGCL,campus_143,loss4,Top 3,Precision,0.28279,0.27468,-0.008110000000000006,-2.8678524700307673
XSimGCL,campus_143,loss4,Top 3,Recall,0.55901,0.54776,-0.011249999999999982,-2.012486359814669
XSimGCL,campus_143,loss4,Top 3,NDCG,0.52396,0.50529,-0.018669999999999964,-3.5632491029849542
XSimGCL,campus_143,loss4,Top 5,Hit Ratio,0.60062,0.58305,-0.017570000000000086,-2.9253105124704613
XSimGCL,campus_143,loss4,Top 5,Precision,0.20557,0.19956,-0.006010000000000015,-2.923578343143462
XSimGCL,campus_143,loss4,Top 5,Recall,0.64789,0.6341,-0.013789999999999969,-2.1284477303245875
XSimGCL,campus_143,loss4,Top 5,NDCG,0.55926,0.54049,-0.018769999999999953,-3.3562207202374483
XSimGCL,campus_143,loss4,Top 10,Hit Ratio,0.70369,0.70344,-0.0002500000000000835,-0.0355270076312131
XSimGCL,campus_143,loss4,Top 10,Precision,0.12042,0.12038,-3.999999999999837e-05,-0.033217073575816616
XSimGCL,campus_143,loss4,Top 10,Recall,0.7273,0.73149,0.004190000000000027,0.5761033961226492
XSimGCL,campus_143,loss4,Top 10,NDCG,0.58971,0.57753,-0.012179999999999969,-2.0654219870783894
XSimGCL,campus_143,loss4,Top 20,Hit Ratio,0.77344,0.77138,-0.0020600000000000618,-0.26634257343815443
XSimGCL,campus_143,loss4,Top 20,Precision,0.06618,0.066,-0.0001799999999999996,-0.27198549410698036
XSimGCL,campus_143,loss4,Top 20,Recall,0.78279,0.78172,-0.0010700000000000154,-0.1366905555768489
XSimGCL,campus_143,loss4,Top 20,NDCG,0.60636,0.59338,-0.012979999999999992,-2.1406425225938372
XSimGCL,campus_143,loss5,Top 3,Hit Ratio,0.49574,0.49574,0.0,0.0
XSimGCL,campus_143,loss5,Top 3,Precision,0.28279,0.28279,0.0,0.0
XSimGCL,campus_143,loss5,Top 3,Recall,0.55901,0.56128,0.0022699999999999942,0.4060750254914929
XSimGCL,campus_143,loss5,Top 3,NDCG,0.52396,0.52411,0.00014999999999998348,0.028628139552634452
XSimGCL,campus_143,loss5,Top 5,Hit Ratio,0.60062,0.60191,0.0012899999999999023,0.2147780626685595
XSimGCL,campus_143,loss5,Top 5,Precision,0.20557,0.20601,0.00043999999999999595,0.21403901347472684
XSimGCL,campus_143,loss5,Top 5,Recall,0.64789,0.6503,0.0024100000000000232,0.37197672444396784
XSimGCL,campus_143,loss5,Top 5,NDCG,0.55926,0.56004,0.0007800000000000029,0.1394700139470019
XSimGCL,campus_143,loss5,Top 10,Hit Ratio,0.70369,0.70757,0.0038799999999999946,0.5513791584362424
XSimGCL,campus_143,loss5,Top 10,Precision,0.12042,0.12109,0.0006700000000000039,0.5563859823949542
XSimGCL,campus_143,loss5,Top 10,Recall,0.7273,0.73312,0.005820000000000047,0.800219991750316
XSimGCL,campus_143,loss5,Top 10,NDCG,0.58971,0.59168,0.0019700000000000273,0.3340625052992195
XSimGCL,campus_143,loss5,Top 20,Hit Ratio,0.77344,0.76776,-0.005680000000000018,-0.7343814646255713
XSimGCL,campus_143,loss5,Top 20,Precision,0.06618,0.06569,-0.0004900000000000043,-0.7404049561801214
XSimGCL,campus_143,loss5,Top 20,Recall,0.78279,0.77614,-0.006649999999999934,-0.849525415500956
XSimGCL,campus_143,loss5,Top 20,NDCG,0.60636,0.60549,-0.0008700000000000374,-0.14347912131407703
XSimGCL,campus_15,loss1,Top 3,Hit Ratio,0.14581,0.15053,0.004720000000000002,3.2370893628694892
XSimGCL,campus_15,loss1,Top 3,Precision,0.2355,0.24312,0.007620000000000016,3.2356687898089236
XSimGCL,campus_15,loss1,Top 3,Recall,0.27546,0.24347,-0.03198999999999999,-11.613301386771216
XSimGCL,campus_15,loss1,Top 3,NDCG,0.32525,0.32306,-0.0021899999999999697,-0.673328209069937
XSimGCL,campus_15,loss1,Top 5,Hit Ratio,0.21229,0.21749,0.005199999999999982,2.4494794856092996
XSimGCL,campus_15,loss1,Top 5,Precision,0.20572,0.21076,0.005040000000000017,2.449931946334832
XSimGCL,campus_15,loss1,Top 5,Recall,0.35339,0.31309,-0.0403,-11.403831460992105
XSimGCL,campus_15,loss1,Top 5,NDCG,0.35255,0.34051,-0.012039999999999995,-3.4151184229187335
XSimGCL,campus_15,loss1,Top 10,Hit Ratio,0.33974,0.34769,0.007950000000000013,2.340024724789549
XSimGCL,campus_15,loss1,Top 10,Precision,0.16461,0.16847,0.0038600000000000023,2.344936516615031
XSimGCL,campus_15,loss1,Top 10,Recall,0.46114,0.42464,-0.03649999999999998,-7.915166760636678
XSimGCL,campus_15,loss1,Top 10,NDCG,0.38423,0.36478,-0.019450000000000023,-5.062072196340739
XSimGCL,campus_15,loss1,Top 20,Hit Ratio,0.50182,0.51404,0.012220000000000009,2.4351361045793327
XSimGCL,campus_15,loss1,Top 20,Precision,0.12157,0.12453,0.0029600000000000043,2.4348112198733274
XSimGCL,campus_15,loss1,Top 20,Recall,0.56143,0.54239,-0.019039999999999946,-3.391339971145102
XSimGCL,campus_15,loss1,Top 20,NDCG,0.41746,0.39972,-0.017739999999999978,-4.249508934987778
XSimGCL,campus_15,loss2,Top 3,Hit Ratio,0.14581,0.15491,0.009099999999999997,6.240998559769561
XSimGCL,campus_15,loss2,Top 3,Precision,0.2355,0.2502,0.01469999999999999,6.242038216560506
XSimGCL,campus_15,loss2,Top 3,Recall,0.27546,0.24676,-0.028699999999999976,-10.418935598635002
XSimGCL,campus_15,loss2,Top 3,NDCG,0.32525,0.33163,0.006379999999999997,1.9615680245964633
XSimGCL,campus_15,loss2,Top 5,Hit Ratio,0.21229,0.22167,0.00938,4.418484149041405
XSimGCL,campus_15,loss2,Top 5,Precision,0.20572,0.21481,0.009090000000000015,4.418627260353887
XSimGCL,campus_15,loss2,Top 5,Recall,0.35339,0.31767,-0.035719999999999974,-10.107812897931456
XSimGCL,campus_15,loss2,Top 5,NDCG,0.35255,0.34768,-0.0048699999999999855,-1.381364345482906
XSimGCL,campus_15,loss2,Top 10,Hit Ratio,0.33974,0.35339,0.013649999999999995,4.017778301053746
XSimGCL,campus_15,loss2,Top 10,Precision,0.16461,0.17123,0.006619999999999987,4.021626875645457
XSimGCL,campus_15,loss2,Top 10,Recall,0.46114,0.42743,-0.03371000000000002,-7.3101444246866505
XSimGCL,campus_15,loss2,Top 10,NDCG,0.38423,0.37086,-0.013369999999999993,-3.4796866460193097
XSimGCL,campus_15,loss2,Top 20,Hit Ratio,0.50182,0.519,0.017179999999999973,3.423538320513326
XSimGCL,campus_15,loss2,Top 20,Precision,0.12157,0.12573,0.004160000000000011,3.4218968495517075
XSimGCL,campus_15,loss2,Top 20,Recall,0.56143,0.54661,-0.014819999999999944,-2.6396879397253343
XSimGCL,campus_15,loss2,Top 20,NDCG,0.41746,0.40543,-0.012029999999999985,-2.881713218032862
XSimGCL,campus_15,loss3,Top 3,Hit Ratio,0.14581,0.15557,0.009760000000000019,6.693642411357259
XSimGCL,campus_15,loss3,Top 3,Precision,0.2355,0.25126,0.015759999999999996,6.6921443736730355
XSimGCL,campus_15,loss3,Top 3,Recall,0.27546,0.2489,-0.026559999999999973,-9.642053292674063
XSimGCL,campus_15,loss3,Top 3,NDCG,0.32525,0.33274,0.007489999999999997,2.3028439661798608
XSimGCL,campus_15,loss3,Top 5,Hit Ratio,0.21229,0.22323,0.010940000000000005,5.1533279947242
XSimGCL,campus_15,loss3,Top 5,Precision,0.20572,0.21632,0.010600000000000026,5.15263464903754
XSimGCL,campus_15,loss3,Top 5,Recall,0.35339,0.31873,-0.03465999999999997,-9.807861003423971
XSimGCL,campus_15,loss3,Top 5,NDCG,0.35255,0.34899,-0.003559999999999952,-1.0097858459792803
XSimGCL,campus_15,loss3,Top 10,Hit Ratio,0.33974,0.35556,0.01582,4.656502030964855
XSimGCL,campus_15,loss3,Top 10,Precision,0.16461,0.17228,0.007669999999999982,4.659498207885294
XSimGCL,campus_15,loss3,Top 10,Recall,0.46114,0.42858,-0.03255999999999998,-7.060762458255623
XSimGCL,campus_15,loss3,Top 10,NDCG,0.38423,0.37192,-0.012310000000000043,-3.203810217838285
XSimGCL,campus_15,loss3,Top 20,Hit Ratio,0.50182,0.52182,0.019999999999999907,3.9854928061854658
XSimGCL,campus_15,loss3,Top 20,Precision,0.12157,0.12642,0.004850000000000007,3.98947108661677
XSimGCL,campus_15,loss3,Top 20,Recall,0.56143,0.5481,-0.013329999999999953,-2.374294212991816
XSimGCL,campus_15,loss3,Top 20,NDCG,0.41746,0.40669,-0.010770000000000002,-2.57988789345087
XSimGCL,campus_15,loss4,Top 3,Hit Ratio,0.14581,0.14073,-0.005080000000000001,-3.4839860091900423
XSimGCL,campus_15,loss4,Top 3,Precision,0.2355,0.2273,-0.008199999999999985,-3.481953290870482
XSimGCL,campus_15,loss4,Top 3,Recall,0.27546,0.27181,-0.0036499999999999866,-1.32505626951281
XSimGCL,campus_15,loss4,Top 3,NDCG,0.32525,0.31748,-0.007769999999999999,-2.3889315910837814
XSimGCL,campus_15,loss4,Top 5,Hit Ratio,0.21229,0.20716,-0.005129999999999996,-2.4165057233030267
XSimGCL,campus_15,loss4,Top 5,Precision,0.20572,0.20075,-0.0049699999999999744,-2.415905113746828
XSimGCL,campus_15,loss4,Top 5,Recall,0.35339,0.35173,-0.0016599999999999948,-0.4697359857381349
XSimGCL,campus_15,loss4,Top 5,NDCG,0.35255,0.34686,-0.005689999999999973,-1.613955467309594
XSimGCL,campus_15,loss4,Top 10,Hit Ratio,0.33974,0.33269,-0.007050000000000001,-2.075116265379408
XSimGCL,campus_15,loss4,Top 10,Precision,0.16461,0.1612,-0.0034099999999999964,-2.0715630885122387
XSimGCL,campus_15,loss4,Top 10,Recall,0.46114,0.46095,-0.00018999999999996797,-0.04120223793207442
XSimGCL,campus_15,loss4,Top 10,NDCG,0.38423,0.38023,-0.0040000000000000036,-1.0410431252114627
XSimGCL,campus_15,loss4,Top 20,Hit Ratio,0.50182,0.49674,-0.005080000000000029,-1.0123151727711188
XSimGCL,campus_15,loss4,Top 20,Precision,0.12157,0.12034,-0.001229999999999995,-1.0117627704203298
XSimGCL,campus_15,loss4,Top 20,Recall,0.56143,0.56422,0.00279000000000007,0.49694530039365015
XSimGCL,campus_15,loss4,Top 20,NDCG,0.41746,0.41514,-0.0023199999999999887,-0.5557418674843072
XSimGCL,campus_15,loss5,Top 3,Hit Ratio,0.14581,0.15569,0.00988,6.775941293464097
XSimGCL,campus_15,loss5,Top 3,Precision,0.2355,0.25146,0.01596000000000003,6.777070063694281
XSimGCL,campus_15,loss5,Top 3,Recall,0.27546,0.24921,-0.026249999999999996,-9.529514267044217
XSimGCL,campus_15,loss5,Top 3,NDCG,0.32525,0.33333,0.008080000000000032,2.4842428900845603
XSimGCL,campus_15,loss5,Top 5,Hit Ratio,0.21229,0.22356,0.011270000000000002,5.308775731310943
XSimGCL,campus_15,loss5,Top 5,Precision,0.20572,0.21664,0.010920000000000013,5.308185883725459
XSimGCL,campus_15,loss5,Top 5,Recall,0.35339,0.31713,-0.03625999999999996,-10.26061858003904
XSimGCL,campus_15,loss5,Top 5,NDCG,0.35255,0.34909,-0.003459999999999963,-0.9814210750248088
XSimGCL,campus_15,loss5,Top 10,Hit Ratio,0.33974,0.35687,0.017130000000000034,5.042091010772954
XSimGCL,campus_15,loss5,Top 10,Precision,0.16461,0.17292,0.008309999999999984,5.048295972298149
XSimGCL,campus_15,loss5,Top 10,Recall,0.46114,0.42988,-0.03126000000000001,-6.778852409246652
XSimGCL,campus_15,loss5,Top 10,NDCG,0.38423,0.37265,-0.011580000000000035,-3.013819847487191
XSimGCL,campus_15,loss5,Top 20,Hit Ratio,0.50182,0.52121,0.019389999999999907,3.863935275596809
XSimGCL,campus_15,loss5,Top 20,Precision,0.12157,0.12627,0.004699999999999996,3.866085382906964
XSimGCL,campus_15,loss5,Top 20,Recall,0.56143,0.54712,-0.014309999999999934,-2.548848476212517
XSimGCL,campus_15,loss5,Top 20,NDCG,0.41746,0.40632,-0.011139999999999983,-2.6685191395582772
XSimGCL,campus_34,loss1,Top 3,Hit Ratio,0.37506,0.36287,-0.012189999999999979,-3.250146643203748
XSimGCL,campus_34,loss1,Top 3,Precision,0.23213,0.22458,-0.007550000000000001,-3.2524878300952054
XSimGCL,campus_34,loss1,Top 3,Recall,0.43524,0.42439,-0.010850000000000026,-2.492877492877499
XSimGCL,campus_34,loss1,Top 3,NDCG,0.40479,0.3937,-0.011089999999999989,-2.7396921860717875
XSimGCL,campus_34,loss1,Top 5,Hit Ratio,0.47486,0.46765,-0.007209999999999994,-1.5183422482415858
XSimGCL,campus_34,loss1,Top 5,Precision,0.17634,0.17366,-0.002679999999999988,-1.5197913122377158
XSimGCL,campus_34,loss1,Top 5,Recall,0.52903,0.52125,-0.007780000000000009,-1.4706160331172162
XSimGCL,campus_34,loss1,Top 5,NDCG,0.44212,0.43332,-0.00880000000000003,-1.9904098434814146
XSimGCL,campus_34,loss1,Top 10,Hit Ratio,0.59333,0.58661,-0.006720000000000059,-1.1325906325316535
XSimGCL,campus_34,loss1,Top 10,Precision,0.11017,0.10892,-0.0012500000000000011,-1.1346101479531643
XSimGCL,campus_34,loss1,Top 10,Recall,0.62926,0.62071,-0.008550000000000058,-1.358738836093198
XSimGCL,campus_34,loss1,Top 10,NDCG,0.47953,0.47076,-0.00877,-1.8288741058953557
XSimGCL,campus_34,loss1,Top 20,Hit Ratio,0.66999,0.66625,-0.0037399999999999656,-0.5582172868251714
XSimGCL,campus_34,loss1,Top 20,Precision,0.0622,0.06185,-0.00034999999999999615,-0.5627009646302189
XSimGCL,campus_34,loss1,Top 20,Recall,0.68789,0.68763,-0.000260000000000038,-0.037796740757975546
XSimGCL,campus_34,loss1,Top 20,NDCG,0.4982,0.49126,-0.006940000000000002,-1.3930148534725013
XSimGCL,campus_34,loss2,Top 3,Hit Ratio,0.37506,0.37208,-0.0029799999999999827,-0.7945395403402077
XSimGCL,campus_34,loss2,Top 3,Precision,0.23213,0.23028,-0.0018499999999999905,-0.7969672166458408
XSimGCL,campus_34,loss2,Top 3,Recall,0.43524,0.43309,-0.0021500000000000408,-0.4939803326900195
XSimGCL,campus_34,loss2,Top 3,NDCG,0.40479,0.40302,-0.0017699999999999938,-0.43726376639738973
XSimGCL,campus_34,loss2,Top 5,Hit Ratio,0.47486,0.47536,0.0005000000000000004,0.1052941919723709
XSimGCL,campus_34,loss2,Top 5,Precision,0.17634,0.17652,0.00018000000000001348,0.1020755358965711
XSimGCL,campus_34,loss2,Top 5,Recall,0.52903,0.52775,-0.0012799999999999478,-0.2419522522352131
XSimGCL,campus_34,loss2,Top 5,NDCG,0.44212,0.44162,-0.0005000000000000004,-0.11309146837962553
XSimGCL,campus_34,loss2,Top 10,Hit Ratio,0.59333,0.59283,-0.000500000000000056,-0.08427013634909004
XSimGCL,campus_34,loss2,Top 10,Precision,0.11017,0.11007,-0.00010000000000000286,-0.09076881183625567
XSimGCL,campus_34,loss2,Top 10,Recall,0.62926,0.63167,0.002409999999999912,0.3829895432730369
XSimGCL,campus_34,loss2,Top 10,NDCG,0.47953,0.47994,0.00040999999999996595,0.0855003857944166
XSimGCL,campus_34,loss2,Top 20,Hit Ratio,0.66999,0.66351,-0.00647999999999993,-0.9671786146061777
XSimGCL,campus_34,loss2,Top 20,Precision,0.0622,0.0616,-0.0005999999999999964,-0.96463022508038
XSimGCL,campus_34,loss2,Top 20,Recall,0.68789,0.68815,0.000260000000000038,0.037796740757975546
XSimGCL,campus_34,loss2,Top 20,NDCG,0.4982,0.49768,-0.0005199999999999649,-0.10437575270974808
XSimGCL,campus_34,loss3,Top 3,Hit Ratio,0.37506,0.37357,-0.0014899999999999913,-0.39726977017010384
XSimGCL,campus_34,loss3,Top 3,Precision,0.23213,0.23121,-0.0009200000000000041,-0.3963296428725301
XSimGCL,campus_34,loss3,Top 3,Recall,0.43524,0.43543,0.00018999999999996797,0.04365407591213307
XSimGCL,campus_34,loss3,Top 3,NDCG,0.40479,0.40598,0.0011900000000000244,0.29397959435757415
XSimGCL,campus_34,loss3,Top 5,Hit Ratio,0.47486,0.47561,0.0007499999999999729,0.1579412879585505
XSimGCL,campus_34,loss3,Top 5,Precision,0.17634,0.17662,0.00028000000000000247,0.15878416695021122
XSimGCL,campus_34,loss3,Top 5,Recall,0.52903,0.52965,0.0006199999999999539,0.11719562217642741
XSimGCL,campus_34,loss3,Top 5,NDCG,0.44212,0.444,0.0018799999999999928,0.42522392110739005
XSimGCL,campus_34,loss3,Top 10,Hit Ratio,0.59333,0.59109,-0.0022400000000000198,-0.37753021084388444
XSimGCL,campus_34,loss3,Top 10,Precision,0.11017,0.10975,-0.0004200000000000037,-0.3812290097122662
XSimGCL,campus_34,loss3,Top 10,Recall,0.62926,0.62523,-0.004030000000000089,-0.640434796427564
XSimGCL,campus_34,loss3,Top 10,NDCG,0.47953,0.47979,0.00025999999999998247,0.05421975684524065
XSimGCL,campus_34,loss3,Top 20,Hit Ratio,0.66999,0.67222,0.0022300000000000653,0.33284078866849737
XSimGCL,campus_34,loss3,Top 20,Precision,0.0622,0.06241,0.00021000000000000185,0.337620578778138
XSimGCL,campus_34,loss3,Top 20,Recall,0.68789,0.69119,0.0032999999999999696,0.47972786346653823
XSimGCL,campus_34,loss3,Top 20,NDCG,0.4982,0.50001,0.0018099999999999783,0.36330790847048944
XSimGCL,campus_34,loss4,Top 3,Hit Ratio,0.37506,0.36386,-0.011199999999999988,-2.9861888764464317
XSimGCL,campus_34,loss4,Top 3,Precision,0.23213,0.2252,-0.006929999999999992,-2.9853961142463237
XSimGCL,campus_34,loss4,Top 3,Recall,0.43524,0.42868,-0.00656000000000001,-1.5072144104402192
XSimGCL,campus_34,loss4,Top 3,NDCG,0.40479,0.39291,-0.011880000000000002,-2.9348551100570672
XSimGCL,campus_34,loss4,Top 5,Hit Ratio,0.47486,0.46765,-0.007209999999999994,-1.5183422482415858
XSimGCL,campus_34,loss4,Top 5,Precision,0.17634,0.17366,-0.002679999999999988,-1.5197913122377158
XSimGCL,campus_34,loss4,Top 5,Recall,0.52903,0.52336,-0.005669999999999953,-1.0717728673232052
XSimGCL,campus_34,loss4,Top 5,NDCG,0.44212,0.43181,-0.010309999999999986,-2.3319460779878733
XSimGCL,campus_34,loss4,Top 10,Hit Ratio,0.59333,0.59084,-0.0024899999999999922,-0.41966527901842016
XSimGCL,campus_34,loss4,Top 10,Precision,0.11017,0.1097,-0.0004699999999999982,-0.42661341563038774
XSimGCL,campus_34,loss4,Top 10,Recall,0.62926,0.62787,-0.0013900000000000023,-0.22089438387947785
XSimGCL,campus_34,loss4,Top 10,NDCG,0.47953,0.47103,-0.008500000000000008,-1.7725689737868346
XSimGCL,campus_34,loss4,Top 20,Hit Ratio,0.66999,0.67098,0.0009900000000000464,0.14776339945373013
XSimGCL,campus_34,loss4,Top 20,Precision,0.0622,0.06229,8.99999999999998e-05,0.14469453376205757
XSimGCL,campus_34,loss4,Top 20,Recall,0.68789,0.69332,0.005430000000000046,0.7893703935222268
XSimGCL,campus_34,loss4,Top 20,NDCG,0.4982,0.49164,-0.006559999999999955,-1.3167402649538247
XSimGCL,campus_34,loss5,Top 3,Hit Ratio,0.37506,0.37606,0.0010000000000000009,0.2666240068255748
XSimGCL,campus_34,loss5,Top 3,Precision,0.23213,0.23275,0.0006200000000000094,0.26709171584888186
XSimGCL,campus_34,loss5,Top 3,Recall,0.43524,0.43517,-7.00000000000145e-05,-0.01608308059921296
XSimGCL,campus_34,loss5,Top 3,NDCG,0.40479,0.40793,0.0031400000000000317,0.7757108624224985
XSimGCL,campus_34,loss5,Top 5,Hit Ratio,0.47486,0.4771,0.0022400000000000198,0.47171798003622534
XSimGCL,campus_34,loss5,Top 5,Precision,0.17634,0.17717,0.0008299999999999974,0.47068163774526334
XSimGCL,campus_34,loss5,Top 5,Recall,0.52903,0.53136,0.0023300000000000542,0.44042870914693955
XSimGCL,campus_34,loss5,Top 5,NDCG,0.44212,0.44616,0.004039999999999988,0.9137790645073708
XSimGCL,campus_34,loss5,Top 10,Hit Ratio,0.59333,0.59184,-0.0014899999999999913,-0.25112500632025875
XSimGCL,campus_34,loss5,Top 10,Precision,0.11017,0.10989,-0.00028000000000000247,-0.25415267314151085
XSimGCL,campus_34,loss5,Top 10,Recall,0.62926,0.62648,-0.0027800000000000047,-0.4417887677589557
XSimGCL,campus_34,loss5,Top 10,NDCG,0.47953,0.48177,0.0022399999999999642,0.46712405897440495
XSimGCL,campus_34,loss5,Top 20,Hit Ratio,0.66999,0.66551,-0.0044799999999999285,-0.6686666965178478
XSimGCL,campus_34,loss5,Top 20,Precision,0.0622,0.06178,-0.00041999999999999676,-0.6752411575562649
XSimGCL,campus_34,loss5,Top 20,Recall,0.68789,0.68528,-0.002610000000000001,-0.3794211283780839
XSimGCL,campus_34,loss5,Top 20,NDCG,0.4982,0.5001,0.0019000000000000128,0.3813729425933386
