Model,Campus,Loss,TopK,Metric,Baseline(loss0),Value,AbsDiff,RelDiff(%)
LightGCN,campus_10,loss1,Top 10,Hit Ratio,0.03636,0.03688,0.0005199999999999996,1.430143014301429
LightGCN,campus_10,loss1,Top 10,Precision,0.02426,0.02461,0.0003499999999999996,1.4427040395713093
LightGCN,campus_10,loss1,Top 10,Recall,0.04557,0.04592,0.0003500000000000031,0.7680491551459361
LightGCN,campus_10,loss1,Top 10,NDCG,0.04322,0.04276,-0.0004600000000000021,-1.0643220731143037
LightGCN,campus_10,loss1,Top 20,Hit Ratio,0.05593,0.05593,0.0,0.0
LightGCN,campus_10,loss1,Top 20,Precision,0.01866,0.01866,0.0,0.0
LightGCN,campus_10,loss1,Top 20,Recall,0.06669,0.06717,0.0004799999999999943,0.7197480881691323
LightGCN,campus_10,loss1,Top 20,NDCG,0.04974,0.04921,-0.0005300000000000027,-1.065540812223568
LightGCN,campus_10,loss2,Top 10,Hit Ratio,0.03636,0.03443,-0.0019300000000000012,-5.308030803080311
LightGCN,campus_10,loss2,Top 10,Precision,0.02426,0.02297,-0.0012899999999999995,-5.317394888705686
LightGCN,campus_10,loss2,Top 10,Recall,0.04557,0.0464,0.0008299999999999974,1.8213737107746268
LightGCN,campus_10,loss2,Top 10,NDCG,0.04322,0.04201,-0.0012100000000000027,-2.799629801018053
LightGCN,campus_10,loss2,Top 20,Hit Ratio,0.05593,0.0558,-0.00012999999999999817,-0.2324333988914682
LightGCN,campus_10,loss2,Top 20,Precision,0.01866,0.01862,-3.999999999999837e-05,-0.21436227224007703
LightGCN,campus_10,loss2,Top 20,Recall,0.06669,0.0711,0.004409999999999997,6.612685560053977
LightGCN,campus_10,loss2,Top 20,NDCG,0.04974,0.04989,0.00014999999999999736,0.30156815440288975
LightGCN,campus_10,loss3,Top 10,Hit Ratio,0.03636,0.03736,0.000999999999999994,2.7502750275027332
LightGCN,campus_10,loss3,Top 10,Precision,0.02426,0.02493,0.0006700000000000005,2.761747732893654
LightGCN,campus_10,loss3,Top 10,Recall,0.04557,0.04751,0.0019399999999999973,4.257186745666002
LightGCN,campus_10,loss3,Top 10,NDCG,0.04322,0.04376,0.0005399999999999988,1.2494215640906958
LightGCN,campus_10,loss3,Top 20,Hit Ratio,0.05593,0.0561,0.00016999999999999654,0.30395136778114884
LightGCN,campus_10,loss3,Top 20,Precision,0.01866,0.01872,6.0000000000001025e-05,0.3215434083601341
LightGCN,campus_10,loss3,Top 20,Recall,0.06669,0.06894,0.002250000000000002,3.37381916329285
LightGCN,campus_10,loss3,Top 20,NDCG,0.04974,0.0502,0.0004600000000000021,0.924809006835549
LightGCN,campus_10,loss4,Top 10,Hit Ratio,0.03636,0.03468,-0.001680000000000001,-4.620462046204623
LightGCN,campus_10,loss4,Top 10,Precision,0.02426,0.02314,-0.0011199999999999995,-4.616652926628192
LightGCN,campus_10,loss4,Top 10,Recall,0.04557,0.04477,-0.0008000000000000021,-1.7555409260478432
LightGCN,campus_10,loss4,Top 10,NDCG,0.04322,0.04176,-0.001460000000000003,-3.3780657103193037
LightGCN,campus_10,loss4,Top 20,Hit Ratio,0.05593,0.05555,-0.0003799999999999984,-0.6794207044519907
LightGCN,campus_10,loss4,Top 20,Precision,0.01866,0.01853,-0.00012999999999999817,-0.6966773847802689
LightGCN,campus_10,loss4,Top 20,Recall,0.06669,0.06968,0.0029900000000000065,4.483430799220283
LightGCN,campus_10,loss4,Top 20,NDCG,0.04974,0.04955,-0.00019000000000000267,-0.3819863289103391
LightGCN,campus_10,loss5,Top 10,Hit Ratio,0.03636,0.03688,0.0005199999999999996,1.430143014301429
LightGCN,campus_10,loss5,Top 10,Precision,0.02426,0.02461,0.0003499999999999996,1.4427040395713093
LightGCN,campus_10,loss5,Top 10,Recall,0.04557,0.04659,0.00102,2.238314680710994
LightGCN,campus_10,loss5,Top 10,NDCG,0.04322,0.04377,0.0005500000000000019,1.272559000462753
LightGCN,campus_10,loss5,Top 20,Hit Ratio,0.05593,0.0562,0.0002699999999999994,0.48274629000536284
LightGCN,campus_10,loss5,Top 20,Precision,0.01866,0.01875,8.99999999999998e-05,0.48231511254019194
LightGCN,campus_10,loss5,Top 20,Recall,0.06669,0.06865,0.0019600000000000034,2.938971360023997
LightGCN,campus_10,loss5,Top 20,NDCG,0.04974,0.05044,0.0006999999999999992,1.4073180538801755
LightGCN,campus_102,loss1,Top 10,Hit Ratio,0.0482,0.04914,0.0009400000000000033,1.9502074688796749
LightGCN,campus_102,loss1,Top 10,Precision,0.03346,0.03411,0.0006500000000000047,1.9426180514046765
LightGCN,campus_102,loss1,Top 10,Recall,0.0615,0.06085,-0.0006499999999999978,-1.0569105691056875
LightGCN,campus_102,loss1,Top 10,NDCG,0.05794,0.05871,0.0007699999999999999,1.3289609941318603
LightGCN,campus_102,loss1,Top 20,Hit Ratio,0.07212,0.07387,0.0017500000000000016,2.4265113699389924
LightGCN,campus_102,loss1,Top 20,Precision,0.02503,0.02564,0.0006099999999999994,2.4370755093887313
LightGCN,campus_102,loss1,Top 20,Recall,0.08848,0.0875,-0.0009800000000000086,-1.1075949367088704
LightGCN,campus_102,loss1,Top 20,NDCG,0.06655,0.0673,0.0007500000000000007,1.1269722013523675
LightGCN,campus_102,loss2,Top 10,Hit Ratio,0.0482,0.04887,0.000669999999999997,1.3900414937759273
LightGCN,campus_102,loss2,Top 10,Precision,0.03346,0.03392,0.0004600000000000021,1.3747758517633057
LightGCN,campus_102,loss2,Top 10,Recall,0.0615,0.06077,-0.0007300000000000015,-1.1869918699187016
LightGCN,campus_102,loss2,Top 10,NDCG,0.05794,0.05812,0.0001799999999999996,0.31066620642043424
LightGCN,campus_102,loss2,Top 20,Hit Ratio,0.07212,0.07242,0.0002999999999999947,0.41597337770381965
LightGCN,campus_102,loss2,Top 20,Precision,0.02503,0.02513,9.99999999999994e-05,0.39952057530962604
LightGCN,campus_102,loss2,Top 20,Recall,0.08848,0.08745,-0.0010300000000000031,-1.1641048824593163
LightGCN,campus_102,loss2,Top 20,NDCG,0.06655,0.06627,-0.00028000000000000247,-0.42073628850488726
LightGCN,campus_102,loss3,Top 10,Hit Ratio,0.0482,0.04618,-0.002020000000000001,-4.190871369294608
LightGCN,campus_102,loss3,Top 10,Precision,0.03346,0.03206,-0.0013999999999999985,-4.184100418410037
LightGCN,campus_102,loss3,Top 10,Recall,0.0615,0.05772,-0.0037799999999999986,-6.146341463414632
LightGCN,campus_102,loss3,Top 10,NDCG,0.05794,0.05655,-0.0013899999999999954,-2.399033482913351
LightGCN,campus_102,loss3,Top 20,Hit Ratio,0.07212,0.07077,-0.001350000000000004,-1.8718801996672265
LightGCN,campus_102,loss3,Top 20,Precision,0.02503,0.02456,-0.00047000000000000167,-1.8777467039552604
LightGCN,campus_102,loss3,Top 20,Recall,0.08848,0.08396,-0.004519999999999996,-5.108499095840863
LightGCN,campus_102,loss3,Top 20,NDCG,0.06655,0.06512,-0.0014300000000000007,-2.1487603305785132
LightGCN,campus_102,loss4,Top 10,Hit Ratio,0.0482,0.04736,-0.0008400000000000005,-1.7427385892116194
LightGCN,campus_102,loss4,Top 10,Precision,0.03346,0.03287,-0.0005899999999999933,-1.763299462044212
LightGCN,campus_102,loss4,Top 10,Recall,0.0615,0.05962,-0.0018799999999999997,-3.0569105691056904
LightGCN,campus_102,loss4,Top 10,NDCG,0.05794,0.05815,0.00021000000000000185,0.3624439074905106
LightGCN,campus_102,loss4,Top 20,Hit Ratio,0.07212,0.07239,0.00026999999999999247,0.37437603993343377
LightGCN,campus_102,loss4,Top 20,Precision,0.02503,0.02512,8.99999999999998e-05,0.35956851777866483
LightGCN,campus_102,loss4,Top 20,Recall,0.08848,0.08598,-0.0025000000000000022,-2.8254972875226065
LightGCN,campus_102,loss4,Top 20,NDCG,0.06655,0.06665,0.00010000000000000286,0.15026296018031984
LightGCN,campus_102,loss5,Top 10,Hit Ratio,0.0482,0.04739,-0.0008099999999999982,-1.6804979253111998
LightGCN,campus_102,loss5,Top 10,Precision,0.03346,0.0329,-0.000559999999999998,-1.673640167364011
LightGCN,campus_102,loss5,Top 10,Recall,0.0615,0.05981,-0.001689999999999997,-2.747967479674792
LightGCN,campus_102,loss5,Top 10,NDCG,0.05794,0.05707,-0.0008699999999999958,-1.501553331032095
LightGCN,campus_102,loss5,Top 20,Hit Ratio,0.07212,0.07067,-0.0014500000000000068,-2.010537992235173
LightGCN,campus_102,loss5,Top 20,Precision,0.02503,0.02453,-0.0005000000000000004,-1.997602876548144
LightGCN,campus_102,loss5,Top 20,Recall,0.08848,0.08445,-0.004030000000000006,-4.554701627486444
LightGCN,campus_102,loss5,Top 20,NDCG,0.06655,0.06494,-0.0016100000000000003,-2.4192336589030807
LightGCN,campus_143,loss1,Top 10,Hit Ratio,0.07718,0.07892,0.0017400000000000054,2.25447006996632
LightGCN,campus_143,loss1,Top 10,Precision,0.01954,0.01998,0.0004400000000000029,2.2517911975435156
LightGCN,campus_143,loss1,Top 10,Recall,0.08535,0.08173,-0.0036199999999999982,-4.241359109548915
LightGCN,campus_143,loss1,Top 10,NDCG,0.05643,0.0567,0.0002699999999999994,0.47846889952153004
LightGCN,campus_143,loss1,Top 20,Hit Ratio,0.11815,0.11522,-0.002930000000000002,-2.479898434193823
LightGCN,campus_143,loss1,Top 20,Precision,0.01496,0.01459,-0.0003699999999999988,-2.473262032085554
LightGCN,campus_143,loss1,Top 20,Recall,0.12717,0.11747,-0.0097,-7.627585122277266
LightGCN,campus_143,loss1,Top 20,NDCG,0.06966,0.06806,-0.0016000000000000042,-2.2968705139247834
LightGCN,campus_143,loss2,Top 10,Hit Ratio,0.07718,0.07663,-0.0005499999999999949,-0.7126198497019888
LightGCN,campus_143,loss2,Top 10,Precision,0.01954,0.0194,-0.00013999999999999777,-0.7164790174001934
LightGCN,campus_143,loss2,Top 10,Recall,0.08535,0.08151,-0.003839999999999996,-4.499121265377852
LightGCN,campus_143,loss2,Top 10,NDCG,0.05643,0.05501,-0.0014199999999999977,-2.5163919900761966
LightGCN,campus_143,loss2,Top 20,Hit Ratio,0.11815,0.11494,-0.0032100000000000045,-2.7168853152771937
LightGCN,campus_143,loss2,Top 20,Precision,0.01496,0.01455,-0.0004099999999999989,-2.7406417112299395
LightGCN,campus_143,loss2,Top 20,Recall,0.12717,0.11777,-0.009400000000000006,-7.39168042777385
LightGCN,campus_143,loss2,Top 20,NDCG,0.06966,0.06676,-0.0029,-4.163077806488659
LightGCN,campus_143,loss3,Top 10,Hit Ratio,0.07718,0.0769,-0.00028000000000000247,-0.362788287121019
LightGCN,campus_143,loss3,Top 10,Precision,0.01954,0.01947,-6.999999999999715e-05,-0.3582395087000878
LightGCN,campus_143,loss3,Top 10,Recall,0.08535,0.084,-0.00134999999999999,-1.581722319859391
LightGCN,campus_143,loss3,Top 10,NDCG,0.05643,0.05512,-0.0013099999999999987,-2.321460216197056
LightGCN,campus_143,loss3,Top 20,Hit Ratio,0.11815,0.11934,0.0011899999999999966,1.0071942446043136
LightGCN,campus_143,loss3,Top 20,Precision,0.01496,0.01511,0.00015000000000000083,1.0026737967914494
LightGCN,campus_143,loss3,Top 20,Recall,0.12717,0.12641,-0.0007600000000000107,-0.5976252260753406
LightGCN,campus_143,loss3,Top 20,NDCG,0.06966,0.06856,-0.0011000000000000038,-1.57909847832329
LightGCN,campus_143,loss4,Top 10,Hit Ratio,0.07718,0.07608,-0.0011000000000000038,-1.4252396994039955
LightGCN,campus_143,loss4,Top 10,Precision,0.01954,0.01926,-0.000279999999999999,-1.4329580348004043
LightGCN,campus_143,loss4,Top 10,Recall,0.08535,0.07938,-0.005969999999999989,-6.9947275922671235
LightGCN,campus_143,loss4,Top 10,NDCG,0.05643,0.05421,-0.0022199999999999998,-3.934077618288144
LightGCN,campus_143,loss4,Top 20,Hit Ratio,0.11815,0.11577,-0.002380000000000007,-2.014388489208639
LightGCN,campus_143,loss4,Top 20,Precision,0.01496,0.01466,-0.0002999999999999999,-2.0053475935828873
LightGCN,campus_143,loss4,Top 20,Recall,0.12717,0.11725,-0.009920000000000012,-7.800581898246451
LightGCN,campus_143,loss4,Top 20,NDCG,0.06966,0.06638,-0.003280000000000005,-4.708584553545801
LightGCN,campus_143,loss5,Top 10,Hit Ratio,0.07718,0.08002,0.0028399999999999953,3.679709769370297
LightGCN,campus_143,loss5,Top 10,Precision,0.01954,0.02026,0.0007200000000000019,3.68474923234392
LightGCN,campus_143,loss5,Top 10,Recall,0.08535,0.08441,-0.0009399999999999964,-1.1013473930872835
LightGCN,campus_143,loss5,Top 10,NDCG,0.05643,0.0567,0.0002699999999999994,0.47846889952153004
LightGCN,campus_143,loss5,Top 20,Hit Ratio,0.11815,0.1176,-0.0005500000000000088,-0.4655099449851958
LightGCN,campus_143,loss5,Top 20,Precision,0.01496,0.01489,-6.999999999999888e-05,-0.4679144385026664
LightGCN,campus_143,loss5,Top 20,Recall,0.12717,0.12256,-0.004610000000000003,-3.625068805535899
LightGCN,campus_143,loss5,Top 20,NDCG,0.06966,0.0687,-0.0009600000000000025,-1.3781223083548702
LightGCN,campus_15,loss1,Top 10,Hit Ratio,0.02615,0.02708,0.0009300000000000003,3.5564053537284903
LightGCN,campus_15,loss1,Top 10,Precision,0.02501,0.0259,0.0008899999999999984,3.5585765693722444
LightGCN,campus_15,loss1,Top 10,Recall,0.03748,0.0385,0.00102,2.72145144076841
LightGCN,campus_15,loss1,Top 10,NDCG,0.03969,0.04086,0.0011699999999999974,2.947845804988656
LightGCN,campus_15,loss1,Top 20,Hit Ratio,0.04154,0.04202,0.00048000000000000126,1.1555127587867147
LightGCN,campus_15,loss1,Top 20,Precision,0.01987,0.0201,0.00023000000000000104,1.1575239053850077
LightGCN,campus_15,loss1,Top 20,Recall,0.05969,0.05608,-0.003610000000000002,-6.047914223488025
LightGCN,campus_15,loss1,Top 20,NDCG,0.04439,0.04411,-0.00027999999999999553,-0.6307726965532677
LightGCN,campus_15,loss2,Top 10,Hit Ratio,0.02615,0.02667,0.0005199999999999996,1.9885277246653905
LightGCN,campus_15,loss2,Top 10,Precision,0.02501,0.02551,0.0005000000000000004,1.9992003198720527
LightGCN,campus_15,loss2,Top 10,Recall,0.03748,0.03643,-0.0010500000000000023,-2.801494130202781
LightGCN,campus_15,loss2,Top 10,NDCG,0.03969,0.04006,0.00036999999999999533,0.9322247417485394
LightGCN,campus_15,loss2,Top 20,Hit Ratio,0.04154,0.04162,7.999999999999674e-05,0.19258545979777741
LightGCN,campus_15,loss2,Top 20,Precision,0.01987,0.01991,4.000000000000184e-05,0.20130850528435754
LightGCN,campus_15,loss2,Top 20,Recall,0.05969,0.05735,-0.002340000000000002,-3.9202546490199395
LightGCN,campus_15,loss2,Top 20,NDCG,0.04439,0.04402,-0.00037000000000000227,-0.8335210633025508
LightGCN,campus_15,loss3,Top 10,Hit Ratio,0.02615,0.0261,-4.999999999999796e-05,-0.19120458891012604
LightGCN,campus_15,loss3,Top 10,Precision,0.02501,0.02497,-4.000000000000184e-05,-0.15993602558977144
LightGCN,campus_15,loss3,Top 10,Recall,0.03748,0.03663,-0.0008499999999999966,-2.2678762006403326
LightGCN,campus_15,loss3,Top 10,NDCG,0.03969,0.03973,3.999999999999837e-05,0.10078105316200144
LightGCN,campus_15,loss3,Top 20,Hit Ratio,0.04154,0.0416,5.9999999999997555e-05,0.14443909484833306
LightGCN,campus_15,loss3,Top 20,Precision,0.01987,0.0199,3.0000000000002247e-05,0.15098137896327252
LightGCN,campus_15,loss3,Top 20,Recall,0.05969,0.05779,-0.001899999999999999,-3.18311274920422
LightGCN,campus_15,loss3,Top 20,NDCG,0.04439,0.04409,-0.00030000000000000165,-0.67582788916423
LightGCN,campus_15,loss4,Top 10,Hit Ratio,0.02615,0.02586,-0.0002899999999999986,-1.1089866156787709
LightGCN,campus_15,loss4,Top 10,Precision,0.02501,0.02474,-0.0002699999999999994,-1.0795681727309052
LightGCN,campus_15,loss4,Top 10,Recall,0.03748,0.03498,-0.0025000000000000022,-6.670224119530423
LightGCN,campus_15,loss4,Top 10,NDCG,0.03969,0.03877,-0.0009200000000000041,-2.317964222726138
LightGCN,campus_15,loss4,Top 20,Hit Ratio,0.04154,0.04119,-0.0003500000000000031,-0.8425613866153179
LightGCN,campus_15,loss4,Top 20,Precision,0.01987,0.0197,-0.00017,-0.8555611474584803
LightGCN,campus_15,loss4,Top 20,Recall,0.05969,0.05612,-0.003569999999999997,-5.980901323504769
LightGCN,campus_15,loss4,Top 20,NDCG,0.04439,0.0431,-0.0012899999999999995,-2.9060599234061715
LightGCN,campus_15,loss5,Top 10,Hit Ratio,0.02615,0.02723,0.001080000000000001,4.130019120458895
LightGCN,campus_15,loss5,Top 10,Precision,0.02501,0.02605,0.0010399999999999993,4.158336665333863
LightGCN,campus_15,loss5,Top 10,Recall,0.03748,0.03871,0.001230000000000002,3.28175026680897
LightGCN,campus_15,loss5,Top 10,NDCG,0.03969,0.04083,0.0011399999999999952,2.8722600151171456
LightGCN,campus_15,loss5,Top 20,Hit Ratio,0.04154,0.04219,0.0006499999999999978,1.564756860857
LightGCN,campus_15,loss5,Top 20,Precision,0.01987,0.02018,0.00031000000000000125,1.5601409159537054
LightGCN,campus_15,loss5,Top 20,Recall,0.05969,0.05813,-0.0015599999999999989,-2.613503099346622
LightGCN,campus_15,loss5,Top 20,NDCG,0.04439,0.04452,0.00012999999999999817,0.29285875197116057
LightGCN,campus_34,loss1,Top 10,Hit Ratio,0.07241,0.06887,-0.0035400000000000015,-4.888827510012431
LightGCN,campus_34,loss1,Top 10,Precision,0.02639,0.0251,-0.0012899999999999995,-4.888215233042817
LightGCN,campus_34,loss1,Top 10,Recall,0.08095,0.07602,-0.00492999999999999,-6.090179122915368
LightGCN,campus_34,loss1,Top 10,NDCG,0.05843,0.05871,0.00027999999999999553,0.4792058873866088
LightGCN,campus_34,loss1,Top 20,Hit Ratio,0.10783,0.104,-0.00383,-3.5518872298989153
LightGCN,campus_34,loss1,Top 20,Precision,0.01965,0.01895,-0.0006999999999999992,-3.5623409669211155
LightGCN,campus_34,loss1,Top 20,Recall,0.11931,0.112,-0.007309999999999997,-6.126896320509594
LightGCN,campus_34,loss1,Top 20,NDCG,0.07141,0.07112,-0.0002899999999999986,-0.4061055874527358
LightGCN,campus_34,loss2,Top 10,Hit Ratio,0.07241,0.07102,-0.0013900000000000023,-1.9196243612760702
LightGCN,campus_34,loss2,Top 10,Precision,0.02639,0.02588,-0.00051,-1.9325502084122776
LightGCN,campus_34,loss2,Top 10,Recall,0.08095,0.07893,-0.002019999999999994,-2.4953675108091344
LightGCN,campus_34,loss2,Top 10,NDCG,0.05843,0.06046,0.002029999999999997,3.4742426835529647
LightGCN,campus_34,loss2,Top 20,Hit Ratio,0.10783,0.10447,-0.003360000000000002,-3.116015951034037
LightGCN,campus_34,loss2,Top 20,Precision,0.01965,0.01904,-0.0006099999999999994,-3.104325699745544
LightGCN,campus_34,loss2,Top 20,Recall,0.11931,0.11279,-0.006519999999999998,-5.464755678484618
LightGCN,campus_34,loss2,Top 20,NDCG,0.07141,0.07223,0.0008200000000000013,1.1482985576249842
LightGCN,campus_34,loss3,Top 10,Hit Ratio,0.07241,0.06997,-0.0024399999999999977,-3.369700317635682
LightGCN,campus_34,loss3,Top 10,Precision,0.02639,0.0255,-0.0008900000000000019,-3.3724895793861385
LightGCN,campus_34,loss3,Top 10,Recall,0.08095,0.07721,-0.0037399999999999933,-4.6201358863495905
LightGCN,campus_34,loss3,Top 10,NDCG,0.05843,0.05775,-0.00068,-1.1637857265103544
LightGCN,campus_34,loss3,Top 20,Hit Ratio,0.10783,0.10528,-0.0025499999999999967,-2.3648335342668987
LightGCN,campus_34,loss3,Top 20,Precision,0.01965,0.01919,-0.0004600000000000021,-2.3409669211196036
LightGCN,campus_34,loss3,Top 20,Recall,0.11931,0.11394,-0.00537,-4.5008800603469945
LightGCN,campus_34,loss3,Top 20,NDCG,0.07141,0.07042,-0.0009900000000000048,-1.3863604537179732
LightGCN,campus_34,loss4,Top 10,Hit Ratio,0.07241,0.07137,-0.0010399999999999993,-1.436265709156193
LightGCN,campus_34,loss4,Top 10,Precision,0.02639,0.02601,-0.00038000000000000186,-1.4399393709738608
LightGCN,campus_34,loss4,Top 10,Recall,0.08095,0.07909,-0.0018600000000000005,-2.297714638665844
LightGCN,campus_34,loss4,Top 10,NDCG,0.05843,0.05942,0.0009899999999999978,1.6943351018312471
LightGCN,campus_34,loss4,Top 20,Hit Ratio,0.10783,0.10539,-0.0024399999999999977,-2.2628211072985236
LightGCN,campus_34,loss4,Top 20,Precision,0.01965,0.01921,-0.0004399999999999994,-2.2391857506361292
LightGCN,campus_34,loss4,Top 20,Recall,0.11931,0.11202,-0.007290000000000005,-6.11013326628112
LightGCN,campus_34,loss4,Top 20,NDCG,0.07141,0.07107,-0.00034000000000000696,-0.4761237921859781
LightGCN,campus_34,loss5,Top 10,Hit Ratio,0.07241,0.07137,-0.0010399999999999993,-1.436265709156193
LightGCN,campus_34,loss5,Top 10,Precision,0.02639,0.02601,-0.00038000000000000186,-1.4399393709738608
LightGCN,campus_34,loss5,Top 10,Recall,0.08095,0.07964,-0.0013099999999999917,-1.618282890673245
LightGCN,campus_34,loss5,Top 10,NDCG,0.05843,0.06052,0.0020899999999999946,3.5769296594215203
LightGCN,campus_34,loss5,Top 20,Hit Ratio,0.10783,0.10603,-0.001799999999999996,-1.6692942594825153
LightGCN,campus_34,loss5,Top 20,Precision,0.01965,0.01932,-0.00033000000000000043,-1.6793893129771014
LightGCN,campus_34,loss5,Top 20,Recall,0.11931,0.11524,-0.004070000000000004,-3.4112815354957706
LightGCN,campus_34,loss5,Top 20,NDCG,0.07141,0.07282,0.0014099999999999946,1.9745133734770963
MF,campus_10,loss1,Top 10,Hit Ratio,0.03275,0.02769,-0.005060000000000002,-15.450381679389318
MF,campus_10,loss1,Top 10,Precision,0.02185,0.01848,-0.0033700000000000015,-15.423340961098402
MF,campus_10,loss1,Top 10,Recall,0.04,0.0362,-0.003799999999999998,-9.499999999999995
MF,campus_10,loss1,Top 10,NDCG,0.03858,0.03284,-0.005740000000000002,-14.878175220321413
MF,campus_10,loss1,Top 20,Hit Ratio,0.05312,0.04327,-0.009849999999999998,-18.542921686746983
MF,campus_10,loss1,Top 20,Precision,0.01772,0.01444,-0.00328,-18.510158013544018
MF,campus_10,loss1,Top 20,Recall,0.06276,0.05572,-0.007039999999999998,-11.21733588272785
MF,campus_10,loss1,Top 20,NDCG,0.04573,0.03884,-0.00689,-15.066695823310738
MF,campus_10,loss2,Top 10,Hit Ratio,0.03275,0.01431,-0.01844,-56.30534351145038
MF,campus_10,loss2,Top 10,Precision,0.02185,0.00955,-0.012300000000000002,-56.29290617848971
MF,campus_10,loss2,Top 10,Recall,0.04,0.01787,-0.02213,-55.325
MF,campus_10,loss2,Top 10,NDCG,0.03858,0.01552,-0.023060000000000004,-59.77190254017626
MF,campus_10,loss2,Top 20,Hit Ratio,0.05312,0.02355,-0.02957,-55.66641566265061
MF,campus_10,loss2,Top 20,Precision,0.01772,0.00786,-0.009859999999999999,-55.643340857787805
MF,campus_10,loss2,Top 20,Recall,0.06276,0.0286,-0.034159999999999996,-54.42957297641809
MF,campus_10,loss2,Top 20,NDCG,0.04573,0.01914,-0.02659,-58.14563743713098
MF,campus_10,loss3,Top 10,Hit Ratio,0.03275,0.03039,-0.002360000000000001,-7.206106870229011
MF,campus_10,loss3,Top 10,Precision,0.02185,0.02028,-0.001570000000000002,-7.185354691075524
MF,campus_10,loss3,Top 10,Recall,0.04,0.03721,-0.002790000000000001,-6.975000000000002
MF,campus_10,loss3,Top 10,NDCG,0.03858,0.03505,-0.0035300000000000054,-9.14981855883879
MF,campus_10,loss3,Top 20,Hit Ratio,0.05312,0.04756,-0.0055600000000000024,-10.466867469879523
MF,campus_10,loss3,Top 20,Precision,0.01772,0.01587,-0.001850000000000001,-10.440180586907456
MF,campus_10,loss3,Top 20,Recall,0.06276,0.05585,-0.0069099999999999995,-11.010197578075207
MF,campus_10,loss3,Top 20,NDCG,0.04573,0.04085,-0.004880000000000002,-10.671331729717915
MF,campus_10,loss4,Top 10,Hit Ratio,0.03275,0.02997,-0.0027800000000000012,-8.488549618320613
MF,campus_10,loss4,Top 10,Precision,0.02185,0.02,-0.001850000000000001,-8.466819221967967
MF,campus_10,loss4,Top 10,Recall,0.04,0.04118,0.0011800000000000005,2.950000000000001
MF,campus_10,loss4,Top 10,NDCG,0.03858,0.03631,-0.002270000000000001,-5.883877656817006
MF,campus_10,loss4,Top 20,Hit Ratio,0.05312,0.04854,-0.004580000000000001,-8.621987951807231
MF,campus_10,loss4,Top 20,Precision,0.01772,0.01619,-0.0015300000000000001,-8.634311512415351
MF,campus_10,loss4,Top 20,Recall,0.06276,0.06561,0.0028500000000000053,4.541108986615687
MF,campus_10,loss4,Top 20,NDCG,0.04573,0.04394,-0.00179,-3.9142794664334133
MF,campus_10,loss5,Top 10,Hit Ratio,0.03275,0.0308,-0.0019500000000000003,-5.954198473282443
MF,campus_10,loss5,Top 10,Precision,0.02185,0.02055,-0.0013000000000000025,-5.949656750572093
MF,campus_10,loss5,Top 10,Recall,0.04,0.0376,-0.0023999999999999994,-5.999999999999998
MF,campus_10,loss5,Top 10,NDCG,0.03858,0.03553,-0.003050000000000004,-7.9056505961638255
MF,campus_10,loss5,Top 20,Hit Ratio,0.05312,0.04871,-0.004409999999999997,-8.301957831325296
MF,campus_10,loss5,Top 20,Precision,0.01772,0.01625,-0.001469999999999999,-8.295711060948076
MF,campus_10,loss5,Top 20,Recall,0.06276,0.05829,-0.004469999999999995,-7.1223709369024775
MF,campus_10,loss5,Top 20,NDCG,0.04573,0.042,-0.003729999999999997,-8.15657117865733
MF,campus_102,loss1,Top 10,Hit Ratio,0.03663,0.03909,0.002459999999999997,6.715806715806708
MF,campus_102,loss1,Top 10,Precision,0.02543,0.02713,0.0017000000000000001,6.685017695635078
MF,campus_102,loss1,Top 10,Recall,0.04461,0.04993,0.005320000000000005,11.925577224837493
MF,campus_102,loss1,Top 10,NDCG,0.04199,0.04759,0.005600000000000001,13.336508692545845
MF,campus_102,loss1,Top 20,Hit Ratio,0.05863,0.06065,0.002020000000000001,3.445335152652227
MF,campus_102,loss1,Top 20,Precision,0.02035,0.02105,0.0006999999999999992,3.4398034398034363
MF,campus_102,loss1,Top 20,Recall,0.06914,0.07294,0.0038000000000000117,5.496094879953735
MF,campus_102,loss1,Top 20,NDCG,0.05016,0.05532,0.005159999999999998,10.287081339712914
MF,campus_102,loss2,Top 10,Hit Ratio,0.03663,0.01312,-0.023510000000000003,-64.18236418236418
MF,campus_102,loss2,Top 10,Precision,0.02543,0.00911,-0.01632,-64.17616987809673
MF,campus_102,loss2,Top 10,Recall,0.04461,0.01547,-0.02914,-65.32167675409102
MF,campus_102,loss2,Top 10,NDCG,0.04199,0.01404,-0.02795,-66.56346749226006
MF,campus_102,loss2,Top 20,Hit Ratio,0.05863,0.02267,-0.035960000000000006,-61.33378816305647
MF,campus_102,loss2,Top 20,Precision,0.02035,0.00787,-0.01248,-61.32678132678132
MF,campus_102,loss2,Top 20,Recall,0.06914,0.02864,-0.040499999999999994,-58.57680069424356
MF,campus_102,loss2,Top 20,NDCG,0.05016,0.01841,-0.03175,-63.29744816586922
MF,campus_102,loss3,Top 10,Hit Ratio,0.03663,0.03418,-0.002450000000000001,-6.68850668850669
MF,campus_102,loss3,Top 10,Precision,0.02543,0.02372,-0.0017099999999999997,-6.724341329138811
MF,campus_102,loss3,Top 10,Recall,0.04461,0.04236,-0.002249999999999995,-5.043712172158698
MF,campus_102,loss3,Top 10,NDCG,0.04199,0.03876,-0.0032299999999999968,-7.6923076923076845
MF,campus_102,loss3,Top 20,Hit Ratio,0.05863,0.05611,-0.0025200000000000014,-4.29814088350674
MF,campus_102,loss3,Top 20,Precision,0.02035,0.01947,-0.0008799999999999988,-4.324324324324318
MF,campus_102,loss3,Top 20,Recall,0.06914,0.06772,-0.0014199999999999907,-2.053803876193218
MF,campus_102,loss3,Top 20,NDCG,0.05016,0.04743,-0.0027300000000000033,-5.442583732057423
MF,campus_102,loss4,Top 10,Hit Ratio,0.03663,0.04605,0.009419999999999998,25.716625716625707
MF,campus_102,loss4,Top 10,Precision,0.02543,0.03196,0.006530000000000001,25.678332677939448
MF,campus_102,loss4,Top 10,Recall,0.04461,0.05706,0.012450000000000003,27.908540685944867
MF,campus_102,loss4,Top 10,NDCG,0.04199,0.05448,0.012490000000000001,29.745177423196
MF,campus_102,loss4,Top 20,Hit Ratio,0.05863,0.07037,0.01174,20.023878560463928
MF,campus_102,loss4,Top 20,Precision,0.02035,0.02442,0.004070000000000001,20.000000000000004
MF,campus_102,loss4,Top 20,Recall,0.06914,0.08345,0.014310000000000003,20.6971362452994
MF,campus_102,loss4,Top 20,NDCG,0.05016,0.06294,0.012779999999999993,25.478468899521516
MF,campus_102,loss5,Top 10,Hit Ratio,0.03663,0.03952,0.0028899999999999967,7.889707889707879
MF,campus_102,loss5,Top 10,Precision,0.02543,0.02743,0.0019999999999999983,7.864726700747142
MF,campus_102,loss5,Top 10,Recall,0.04461,0.04895,0.004340000000000004,9.728760367630585
MF,campus_102,loss5,Top 10,NDCG,0.04199,0.04546,0.003470000000000001,8.263872350559659
MF,campus_102,loss5,Top 20,Hit Ratio,0.05863,0.06304,0.004409999999999997,7.521746546136786
MF,campus_102,loss5,Top 20,Precision,0.02035,0.02188,0.0015300000000000001,7.518427518427519
MF,campus_102,loss5,Top 20,Recall,0.06914,0.07543,0.006290000000000004,9.09748336708129
MF,campus_102,loss5,Top 20,NDCG,0.05016,0.05417,0.00401,7.9944178628389135
MF,campus_143,loss1,Top 10,Hit Ratio,0.06499,0.06499,0.0,0.0
MF,campus_143,loss1,Top 10,Precision,0.01645,0.01645,0.0,0.0
MF,campus_143,loss1,Top 10,Recall,0.06555,0.06639,0.0008400000000000074,1.28146453089246
MF,campus_143,loss1,Top 10,NDCG,0.04465,0.04546,0.0008099999999999982,1.8141097424412052
MF,campus_143,loss1,Top 20,Hit Ratio,0.09808,0.09808,0.0,0.0
MF,campus_143,loss1,Top 20,Precision,0.01242,0.01242,0.0,0.0
MF,campus_143,loss1,Top 20,Recall,0.09754,0.09961,0.0020700000000000024,2.1222062743489873
MF,campus_143,loss1,Top 20,NDCG,0.05493,0.05598,0.0010500000000000023,1.9115237575095616
MF,campus_143,loss2,Top 10,Hit Ratio,0.06499,0.06563,0.0006399999999999878,0.9847668872133986
MF,campus_143,loss2,Top 10,Precision,0.01645,0.01662,0.00017,1.0334346504559273
MF,campus_143,loss2,Top 10,Recall,0.06555,0.07004,0.004490000000000008,6.849733028222743
MF,campus_143,loss2,Top 10,NDCG,0.04465,0.0472,0.0025499999999999967,5.7110862262038005
MF,campus_143,loss2,Top 20,Hit Ratio,0.09808,0.1,0.001920000000000005,1.9575856443719464
MF,campus_143,loss2,Top 20,Precision,0.01242,0.01266,0.0002399999999999989,1.932367149758445
MF,campus_143,loss2,Top 20,Recall,0.09754,0.10323,0.005690000000000001,5.8335042034037325
MF,campus_143,loss2,Top 20,NDCG,0.05493,0.05782,0.0028900000000000037,5.26124158019298
MF,campus_143,loss3,Top 10,Hit Ratio,0.06499,0.06728,0.0022900000000000004,3.5236190183105096
MF,campus_143,loss3,Top 10,Precision,0.01645,0.01703,0.0005800000000000007,3.5258358662614024
MF,campus_143,loss3,Top 10,Recall,0.06555,0.06458,-0.0009699999999999986,-1.4797864225781827
MF,campus_143,loss3,Top 10,NDCG,0.04465,0.04377,-0.0008799999999999988,-1.9708846584546444
MF,campus_143,loss3,Top 20,Hit Ratio,0.09808,0.09963,0.0015499999999999958,1.5803425774877609
MF,campus_143,loss3,Top 20,Precision,0.01242,0.01261,0.0001899999999999992,1.5297906602254363
MF,campus_143,loss3,Top 20,Recall,0.09754,0.0983,0.0007599999999999968,0.7791675210170154
MF,campus_143,loss3,Top 20,NDCG,0.05493,0.05425,-0.00068,-1.2379391953395231
MF,campus_143,loss4,Top 10,Hit Ratio,0.06499,0.07296,0.007969999999999991,12.263425142329574
MF,campus_143,loss4,Top 10,Precision,0.01645,0.01847,0.002020000000000001,12.279635258358669
MF,campus_143,loss4,Top 10,Recall,0.06555,0.07743,0.011880000000000002,18.123569794050347
MF,campus_143,loss4,Top 10,NDCG,0.04465,0.05211,0.007459999999999994,16.707726763717794
MF,campus_143,loss4,Top 20,Hit Ratio,0.09808,0.11164,0.013560000000000003,13.825448613376837
MF,campus_143,loss4,Top 20,Precision,0.01242,0.01413,0.0017099999999999997,13.768115942028983
MF,campus_143,loss4,Top 20,Recall,0.09754,0.11576,0.01822,18.679516095960633
MF,campus_143,loss4,Top 20,NDCG,0.05493,0.06433,0.009399999999999999,17.112688876752227
MF,campus_143,loss5,Top 10,Hit Ratio,0.06499,0.06086,-0.004130000000000009,-6.3548238190490975
MF,campus_143,loss5,Top 10,Precision,0.01645,0.01541,-0.0010399999999999993,-6.322188449848021
MF,campus_143,loss5,Top 10,Recall,0.06555,0.05798,-0.00757,-11.54843630816171
MF,campus_143,loss5,Top 10,NDCG,0.04465,0.04094,-0.003710000000000005,-8.309070548712217
MF,campus_143,loss5,Top 20,Hit Ratio,0.09808,0.09578,-0.0022999999999999965,-2.345024469820551
MF,campus_143,loss5,Top 20,Precision,0.01242,0.01213,-0.0002900000000000003,-2.3349436392914678
MF,campus_143,loss5,Top 20,Recall,0.09754,0.09055,-0.006989999999999996,-7.166290752511786
MF,campus_143,loss5,Top 20,NDCG,0.05493,0.0514,-0.0035299999999999984,-6.426360822865462
MF,campus_15,loss1,Top 10,Hit Ratio,0.02407,0.02231,-0.0017600000000000011,-7.312006647278775
MF,campus_15,loss1,Top 10,Precision,0.02303,0.02135,-0.0016799999999999975,-7.29483282674771
MF,campus_15,loss1,Top 10,Recall,0.03183,0.0331,0.0012700000000000003,3.9899465912661025
MF,campus_15,loss1,Top 10,NDCG,0.03507,0.0346,-0.0004699999999999982,-1.3401767892785807
MF,campus_15,loss1,Top 20,Hit Ratio,0.03801,0.03463,-0.003380000000000001,-8.892396737700608
MF,campus_15,loss1,Top 20,Precision,0.01818,0.01657,-0.0016100000000000003,-8.855885588558857
MF,campus_15,loss1,Top 20,Recall,0.04805,0.04883,0.000779999999999996,1.6233090530697107
MF,campus_15,loss1,Top 20,NDCG,0.03801,0.03736,-0.0006500000000000047,-1.7100762957116673
MF,campus_15,loss2,Top 10,Hit Ratio,0.02407,0.00675,-0.017320000000000002,-71.95679268799336
MF,campus_15,loss2,Top 10,Precision,0.02303,0.00646,-0.016569999999999998,-71.94963091619626
MF,campus_15,loss2,Top 10,Recall,0.03183,0.01118,-0.020649999999999995,-64.87590323594092
MF,campus_15,loss2,Top 10,NDCG,0.03507,0.00951,-0.02556,-72.88280581693756
MF,campus_15,loss2,Top 20,Hit Ratio,0.03801,0.01326,-0.02475,-65.11444356748224
MF,campus_15,loss2,Top 20,Precision,0.01818,0.00634,-0.011840000000000002,-65.12651265126513
MF,campus_15,loss2,Top 20,Recall,0.04805,0.0202,-0.027850000000000003,-57.960457856399586
MF,campus_15,loss2,Top 20,NDCG,0.03801,0.01251,-0.025500000000000002,-67.08760852407262
MF,campus_15,loss3,Top 10,Hit Ratio,0.02407,0.01917,-0.004900000000000002,-20.35729123390113
MF,campus_15,loss3,Top 10,Precision,0.02303,0.01834,-0.00469,-20.364741641337385
MF,campus_15,loss3,Top 10,Recall,0.03183,0.02676,-0.005069999999999998,-15.928369462770966
MF,campus_15,loss3,Top 10,NDCG,0.03507,0.02798,-0.007089999999999996,-20.216709438266314
MF,campus_15,loss3,Top 20,Hit Ratio,0.03801,0.03212,-0.005889999999999999,-15.495922125756378
MF,campus_15,loss3,Top 20,Precision,0.01818,0.01537,-0.0028100000000000017,-15.456545654565465
MF,campus_15,loss3,Top 20,Recall,0.04805,0.0409,-0.007150000000000004,-14.88033298647243
MF,campus_15,loss3,Top 20,NDCG,0.03801,0.03148,-0.006530000000000001,-17.179689555380165
MF,campus_15,loss4,Top 10,Hit Ratio,0.02407,0.02336,-0.0007100000000000023,-2.9497299542999675
MF,campus_15,loss4,Top 10,Precision,0.02303,0.02234,-0.0006899999999999996,-2.9960920538428124
MF,campus_15,loss4,Top 10,Recall,0.03183,0.03226,0.0004299999999999998,1.3509267986176559
MF,campus_15,loss4,Top 10,NDCG,0.03507,0.03398,-0.0010899999999999938,-3.108069575135426
MF,campus_15,loss4,Top 20,Hit Ratio,0.03801,0.03786,-0.0001500000000000043,-0.3946329913180855
MF,campus_15,loss4,Top 20,Precision,0.01818,0.01811,-7.000000000000062e-05,-0.3850385038503884
MF,campus_15,loss4,Top 20,Recall,0.04805,0.05148,0.0034299999999999956,7.138397502601447
MF,campus_15,loss4,Top 20,NDCG,0.03801,0.03811,9.999999999999593e-05,0.2630886608787054
MF,campus_15,loss5,Top 10,Hit Ratio,0.02407,0.01987,-0.004200000000000002,-17.449106771915257
MF,campus_15,loss5,Top 10,Precision,0.02303,0.01901,-0.004019999999999999,-17.455492835432043
MF,campus_15,loss5,Top 10,Recall,0.03183,0.02717,-0.0046599999999999975,-14.640276468740176
MF,campus_15,loss5,Top 10,NDCG,0.03507,0.02876,-0.006309999999999996,-17.9925862560593
MF,campus_15,loss5,Top 20,Hit Ratio,0.03801,0.03315,-0.004860000000000003,-12.78610891870561
MF,campus_15,loss5,Top 20,Precision,0.01818,0.01586,-0.0023200000000000026,-12.761276127612774
MF,campus_15,loss5,Top 20,Recall,0.04805,0.04372,-0.0043300000000000005,-9.011446409989594
MF,campus_15,loss5,Top 20,NDCG,0.03801,0.03252,-0.005490000000000002,-14.443567482241521
MF,campus_34,loss1,Top 10,Hit Ratio,0.06179,0.05906,-0.0027299999999999963,-4.41819064573555
MF,campus_34,loss1,Top 10,Precision,0.02252,0.02152,-0.0009999999999999974,-4.440497335701588
MF,campus_34,loss1,Top 10,Recall,0.06669,0.06489,-0.001799999999999996,-2.6990553306342724
MF,campus_34,loss1,Top 10,NDCG,0.05009,0.04767,-0.0024200000000000055,-4.831303653423848
MF,campus_34,loss1,Top 20,Hit Ratio,0.0914,0.08873,-0.002669999999999992,-2.9212253829321573
MF,campus_34,loss1,Top 20,Precision,0.01666,0.01617,-0.0004900000000000009,-2.94117647058824
MF,campus_34,loss1,Top 20,Recall,0.09581,0.09602,0.00020999999999998797,0.21918380127334097
MF,campus_34,loss1,Top 20,NDCG,0.06013,0.05824,-0.0018900000000000028,-3.14318975552969
MF,campus_34,loss2,Top 10,Hit Ratio,0.06179,0.05122,-0.010569999999999996,-17.10632788477099
MF,campus_34,loss2,Top 10,Precision,0.02252,0.01867,-0.0038499999999999993,-17.09591474245115
MF,campus_34,loss2,Top 10,Recall,0.06669,0.05643,-0.010259999999999998,-15.384615384615383
MF,campus_34,loss2,Top 10,NDCG,0.05009,0.04455,-0.005540000000000003,-11.060091834697552
MF,campus_34,loss2,Top 20,Hit Ratio,0.0914,0.07712,-0.014280000000000001,-15.62363238512035
MF,campus_34,loss2,Top 20,Precision,0.01666,0.01405,-0.002610000000000001,-15.666266506602646
MF,campus_34,loss2,Top 20,Recall,0.09581,0.08205,-0.013760000000000008,-14.361757645339743
MF,campus_34,loss2,Top 20,NDCG,0.06013,0.05339,-0.006740000000000003,-11.209047064693168
MF,campus_34,loss3,Top 10,Hit Ratio,0.06179,0.0637,0.001910000000000009,3.0911150671629857
MF,campus_34,loss3,Top 10,Precision,0.02252,0.02322,0.0007000000000000027,3.108348134991131
MF,campus_34,loss3,Top 10,Recall,0.06669,0.0681,0.0014099999999999946,2.114260008996843
MF,campus_34,loss3,Top 10,NDCG,0.05009,0.05241,0.0023199999999999957,4.631663006588132
MF,campus_34,loss3,Top 20,Hit Ratio,0.0914,0.09454,0.003140000000000004,3.4354485776805297
MF,campus_34,loss3,Top 20,Precision,0.01666,0.01723,0.0005699999999999976,3.421368547418953
MF,campus_34,loss3,Top 20,Recall,0.09581,0.1,0.004189999999999999,4.37323870159691
MF,campus_34,loss3,Top 20,NDCG,0.06013,0.06328,0.00315,5.238649592549476
MF,campus_34,loss4,Top 10,Hit Ratio,0.06179,0.06103,-0.0007599999999999968,-1.2299724874575122
MF,campus_34,loss4,Top 10,Precision,0.02252,0.02224,-0.000279999999999999,-1.2433392539964432
MF,campus_34,loss4,Top 10,Recall,0.06669,0.07224,0.005549999999999999,8.32208726945569
MF,campus_34,loss4,Top 10,NDCG,0.05009,0.05167,0.001579999999999998,3.154322220003989
MF,campus_34,loss4,Top 20,Hit Ratio,0.0914,0.09848,0.007080000000000003,7.746170678336985
MF,campus_34,loss4,Top 20,Precision,0.01666,0.01795,0.0012899999999999995,7.743097238895555
MF,campus_34,loss4,Top 20,Recall,0.09581,0.11229,0.016479999999999995,17.200709738023164
MF,campus_34,loss4,Top 20,NDCG,0.06013,0.06532,0.00519,8.63129885248628
MF,campus_34,loss5,Top 10,Hit Ratio,0.06179,0.05795,-0.003839999999999996,-6.2145978313642924
MF,campus_34,loss5,Top 10,Precision,0.02252,0.02112,-0.0013999999999999985,-6.216696269982232
MF,campus_34,loss5,Top 10,Recall,0.06669,0.06101,-0.0056799999999999976,-8.51701904333483
MF,campus_34,loss5,Top 10,NDCG,0.05009,0.04824,-0.0018500000000000044,-3.69335196646038
MF,campus_34,loss5,Top 20,Hit Ratio,0.0914,0.08658,-0.004819999999999991,-5.273522975929969
MF,campus_34,loss5,Top 20,Precision,0.01666,0.01578,-0.0008800000000000023,-5.282112845138069
MF,campus_34,loss5,Top 20,Recall,0.09581,0.08932,-0.00649000000000001,-6.7738231917336496
MF,campus_34,loss5,Top 20,NDCG,0.06013,0.05802,-0.0021100000000000008,-3.5090636953267933
MixGCF,campus_10,loss1,Top 10,Hit Ratio,0.0336,0.02676,-0.006839999999999999,-20.357142857142854
MixGCF,campus_10,loss1,Top 10,Precision,0.02242,0.01786,-0.004559999999999998,-20.33898305084745
MixGCF,campus_10,loss1,Top 10,Recall,0.04131,0.03258,-0.008730000000000002,-21.13289760348584
MixGCF,campus_10,loss1,Top 10,NDCG,0.03887,0.02968,-0.00919,-23.642912271674813
MixGCF,campus_10,loss1,Top 20,Hit Ratio,0.05292,0.04257,-0.010350000000000005,-19.55782312925171
MixGCF,campus_10,loss1,Top 20,Precision,0.01766,0.0142,-0.003459999999999998,-19.59229898074744
MixGCF,campus_10,loss1,Top 20,Recall,0.06235,0.04997,-0.012380000000000002,-19.855653568564556
MixGCF,campus_10,loss1,Top 20,NDCG,0.04543,0.03508,-0.010349999999999998,-22.782302443319388
MixGCF,campus_10,loss2,Top 10,Hit Ratio,0.0336,0.02869,-0.004909999999999998,-14.613095238095234
MixGCF,campus_10,loss2,Top 10,Precision,0.02242,0.01914,-0.003279999999999998,-14.629794826048165
MixGCF,campus_10,loss2,Top 10,Recall,0.04131,0.03354,-0.007769999999999999,-18.809005083514883
MixGCF,campus_10,loss2,Top 10,NDCG,0.03887,0.03166,-0.007210000000000001,-18.549009518909187
MixGCF,campus_10,loss2,Top 20,Hit Ratio,0.05292,0.04455,-0.008370000000000002,-15.81632653061225
MixGCF,campus_10,loss2,Top 20,Precision,0.01766,0.01486,-0.0027999999999999987,-15.855039637599088
MixGCF,campus_10,loss2,Top 20,Recall,0.06235,0.05088,-0.011470000000000001,-18.396150761828387
MixGCF,campus_10,loss2,Top 20,NDCG,0.04543,0.03677,-0.008660000000000001,-19.062293638564828
MixGCF,campus_10,loss3,Top 10,Hit Ratio,0.0336,0.03345,-0.00014999999999999736,-0.4464285714285636
MixGCF,campus_10,loss3,Top 10,Precision,0.02242,0.02232,-9.99999999999994e-05,-0.4460303300624416
MixGCF,campus_10,loss3,Top 10,Recall,0.04131,0.03967,-0.0016400000000000026,-3.9699830549503816
MixGCF,campus_10,loss3,Top 10,NDCG,0.03887,0.03738,-0.0014900000000000052,-3.8332904553640477
MixGCF,campus_10,loss3,Top 20,Hit Ratio,0.05292,0.05159,-0.0013300000000000048,-2.513227513227522
MixGCF,campus_10,loss3,Top 20,Precision,0.01766,0.01721,-0.000449999999999999,-2.5481313703284205
MixGCF,campus_10,loss3,Top 20,Recall,0.06235,0.05988,-0.00247,-3.961507618283881
MixGCF,campus_10,loss3,Top 20,NDCG,0.04543,0.04355,-0.0018799999999999997,-4.138234646709223
MixGCF,campus_10,loss4,Top 10,Hit Ratio,0.0336,0.00263,-0.030969999999999998,-92.17261904761904
MixGCF,campus_10,loss4,Top 10,Precision,0.02242,0.00176,-0.020659999999999998,-92.14986619090098
MixGCF,campus_10,loss4,Top 10,Recall,0.04131,0.00245,-0.03886,-94.06923263132413
MixGCF,campus_10,loss4,Top 10,NDCG,0.03887,0.00212,-0.036750000000000005,-94.54592230511963
MixGCF,campus_10,loss4,Top 20,Hit Ratio,0.05292,0.00591,-0.04701,-88.83219954648527
MixGCF,campus_10,loss4,Top 20,Precision,0.01766,0.00197,-0.01569,-88.84484711211779
MixGCF,campus_10,loss4,Top 20,Recall,0.06235,0.00649,-0.05586,-89.59101844426624
MixGCF,campus_10,loss4,Top 20,NDCG,0.04543,0.00354,-0.04189,-92.20779220779221
MixGCF,campus_10,loss5,Top 10,Hit Ratio,0.0336,0.03345,-0.00014999999999999736,-0.4464285714285636
MixGCF,campus_10,loss5,Top 10,Precision,0.02242,0.02232,-9.99999999999994e-05,-0.4460303300624416
MixGCF,campus_10,loss5,Top 10,Recall,0.04131,0.03993,-0.0013799999999999993,-3.340595497458241
MixGCF,campus_10,loss5,Top 10,NDCG,0.03887,0.03718,-0.001690000000000004,-4.347826086956532
MixGCF,campus_10,loss5,Top 20,Hit Ratio,0.05292,0.05167,-0.0012500000000000011,-2.362055933484507
MixGCF,campus_10,loss5,Top 20,Precision,0.01766,0.01724,-0.00042000000000000023,-2.3782559456398658
MixGCF,campus_10,loss5,Top 20,Recall,0.06235,0.06045,-0.0019000000000000059,-3.047313552526072
MixGCF,campus_10,loss5,Top 20,NDCG,0.04543,0.04335,-0.0020799999999999985,-4.578472375082542
MixGCF,campus_102,loss1,Top 10,Hit Ratio,0.03744,0.01789,-0.01955,-52.21688034188035
MixGCF,campus_102,loss1,Top 10,Precision,0.02599,0.01242,-0.013569999999999999,-52.212389380530965
MixGCF,campus_102,loss1,Top 10,Recall,0.04451,0.02395,-0.020560000000000002,-46.191866996180636
MixGCF,campus_102,loss1,Top 10,NDCG,0.04651,0.02509,-0.02142,-46.0546119114169
MixGCF,campus_102,loss1,Top 20,Hit Ratio,0.05591,0.02449,-0.031420000000000003,-56.197460203899126
MixGCF,campus_102,loss1,Top 20,Precision,0.0194,0.0085,-0.0109,-56.18556701030928
MixGCF,campus_102,loss1,Top 20,Recall,0.06418,0.03082,-0.03336,-51.978809598005604
MixGCF,campus_102,loss1,Top 20,NDCG,0.05238,0.02693,-0.025450000000000004,-48.58724704085529
MixGCF,campus_102,loss2,Top 10,Hit Ratio,0.03744,0.02143,-0.01601,-42.761752136752136
MixGCF,campus_102,loss2,Top 10,Precision,0.02599,0.01487,-0.01112,-42.78568680261639
MixGCF,campus_102,loss2,Top 10,Recall,0.04451,0.02359,-0.02092,-47.00067400584139
MixGCF,campus_102,loss2,Top 10,NDCG,0.04651,0.02393,-0.022580000000000003,-48.548699204472165
MixGCF,campus_102,loss2,Top 20,Hit Ratio,0.05591,0.03539,-0.020520000000000004,-36.70184224646754
MixGCF,campus_102,loss2,Top 20,Precision,0.0194,0.01228,-0.007120000000000001,-36.70103092783506
MixGCF,campus_102,loss2,Top 20,Recall,0.06418,0.03766,-0.026520000000000002,-41.321283889062016
MixGCF,campus_102,loss2,Top 20,NDCG,0.05238,0.02839,-0.023990000000000004,-45.79992363497519
MixGCF,campus_102,loss3,Top 10,Hit Ratio,0.03744,0.02957,-0.007870000000000002,-21.020299145299152
MixGCF,campus_102,loss3,Top 10,Precision,0.02599,0.02052,-0.005469999999999999,-21.04655636783378
MixGCF,campus_102,loss3,Top 10,Recall,0.04451,0.03401,-0.010500000000000002,-23.59020444843856
MixGCF,campus_102,loss3,Top 10,NDCG,0.04651,0.03201,-0.014500000000000006,-31.176091163190723
MixGCF,campus_102,loss3,Top 20,Hit Ratio,0.05591,0.04632,-0.009590000000000001,-17.15256662493293
MixGCF,campus_102,loss3,Top 20,Precision,0.0194,0.01608,-0.00332,-17.11340206185567
MixGCF,campus_102,loss3,Top 20,Recall,0.06418,0.05398,-0.0102,-15.892801495793082
MixGCF,campus_102,loss3,Top 20,NDCG,0.05238,0.03816,-0.014220000000000003,-27.147766323024058
MixGCF,campus_102,loss4,Top 10,Hit Ratio,0.03744,0.00377,-0.03367,-89.93055555555554
MixGCF,campus_102,loss4,Top 10,Precision,0.02599,0.00261,-0.023379999999999998,-89.95767602924201
MixGCF,campus_102,loss4,Top 10,Recall,0.04451,0.00345,-0.04106,-92.24893282408448
MixGCF,campus_102,loss4,Top 10,NDCG,0.04651,0.00314,-0.043370000000000006,-93.24876370672975
MixGCF,campus_102,loss4,Top 20,Hit Ratio,0.05591,0.00764,-0.04827,-86.33518154176355
MixGCF,campus_102,loss4,Top 20,Precision,0.0194,0.00265,-0.01675,-86.34020618556701
MixGCF,campus_102,loss4,Top 20,Recall,0.06418,0.00685,-0.05733,-89.32689311311935
MixGCF,campus_102,loss4,Top 20,NDCG,0.05238,0.00442,-0.04796,-91.56166475754105
MixGCF,campus_102,loss5,Top 10,Hit Ratio,0.03744,0.02906,-0.008380000000000002,-22.382478632478637
MixGCF,campus_102,loss5,Top 10,Precision,0.02599,0.02017,-0.005819999999999999,-22.393228164678717
MixGCF,campus_102,loss5,Top 10,Recall,0.04451,0.03335,-0.011160000000000003,-25.07301729948327
MixGCF,campus_102,loss5,Top 10,NDCG,0.04651,0.03101,-0.015500000000000003,-33.32616641582456
MixGCF,campus_102,loss5,Top 20,Hit Ratio,0.05591,0.04686,-0.009050000000000002,-16.186728671078523
MixGCF,campus_102,loss5,Top 20,Precision,0.0194,0.01626,-0.0031400000000000004,-16.185567010309278
MixGCF,campus_102,loss5,Top 20,Recall,0.06418,0.05309,-0.011090000000000003,-17.279526332190716
MixGCF,campus_102,loss5,Top 20,NDCG,0.05238,0.03744,-0.014940000000000002,-28.522336769759455
MixGCF,campus_143,loss1,Top 10,Hit Ratio,0.06178,0.03987,-0.02191,-35.46455163483328
MixGCF,campus_143,loss1,Top 10,Precision,0.01564,0.0101,-0.0055400000000000015,-35.42199488491049
MixGCF,campus_143,loss1,Top 10,Recall,0.06353,0.03724,-0.02629,-41.38202424051629
MixGCF,campus_143,loss1,Top 10,NDCG,0.04468,0.02694,-0.01774,-39.70456580125335
MixGCF,campus_143,loss1,Top 20,Hit Ratio,0.08818,0.05573,-0.03244999999999999,-36.799727829439774
MixGCF,campus_143,loss1,Top 20,Precision,0.01116,0.00706,-0.0040999999999999995,-36.738351254480285
MixGCF,campus_143,loss1,Top 20,Recall,0.08943,0.05039,-0.03904,-43.65425472436543
MixGCF,campus_143,loss1,Top 20,NDCG,0.05293,0.03135,-0.021579999999999995,-40.77082939731721
MixGCF,campus_143,loss2,Top 10,Hit Ratio,0.06178,0.04262,-0.019160000000000003,-31.013272903852386
MixGCF,campus_143,loss2,Top 10,Precision,0.01564,0.01079,-0.004850000000000002,-31.01023017902814
MixGCF,campus_143,loss2,Top 10,Recall,0.06353,0.03944,-0.02409,-37.91909334172831
MixGCF,campus_143,loss2,Top 10,NDCG,0.04468,0.02843,-0.016249999999999997,-36.36974037600716
MixGCF,campus_143,loss2,Top 20,Hit Ratio,0.08818,0.05958,-0.028599999999999993,-32.43365842594692
MixGCF,campus_143,loss2,Top 20,Precision,0.01116,0.00754,-0.00362,-32.437275985663085
MixGCF,campus_143,loss2,Top 20,Recall,0.08943,0.0554,-0.03403,-38.05210779380521
MixGCF,campus_143,loss2,Top 20,NDCG,0.05293,0.03355,-0.019379999999999994,-36.61439637256753
MixGCF,campus_143,loss3,Top 10,Hit Ratio,0.06178,0.05362,-0.00816,-13.208157979928782
MixGCF,campus_143,loss3,Top 10,Precision,0.01564,0.01358,-0.002060000000000001,-13.171355498721232
MixGCF,campus_143,loss3,Top 10,Recall,0.06353,0.05315,-0.01038,-16.33873760428144
MixGCF,campus_143,loss3,Top 10,NDCG,0.04468,0.03805,-0.006629999999999997,-14.838854073410918
MixGCF,campus_143,loss3,Top 20,Hit Ratio,0.08818,0.07663,-0.01154999999999999,-13.098208210478557
MixGCF,campus_143,loss3,Top 20,Precision,0.01116,0.0097,-0.0014599999999999995,-13.082437275985658
MixGCF,campus_143,loss3,Top 20,Recall,0.08943,0.07646,-0.012969999999999995,-14.502963211450293
MixGCF,campus_143,loss3,Top 20,NDCG,0.05293,0.04534,-0.0075899999999999995,-14.339693935386357
MixGCF,campus_143,loss4,Top 10,Hit Ratio,0.06178,0.01696,-0.04482,-72.54775008093233
MixGCF,campus_143,loss4,Top 10,Precision,0.01564,0.00429,-0.01135,-72.57033248081841
MixGCF,campus_143,loss4,Top 10,Recall,0.06353,0.01738,-0.046150000000000004,-72.64284589957501
MixGCF,campus_143,loss4,Top 10,NDCG,0.04468,0.01114,-0.03354,-75.0671441360788
MixGCF,campus_143,loss4,Top 20,Hit Ratio,0.08818,0.02961,-0.05857,-66.42095713313677
MixGCF,campus_143,loss4,Top 20,Precision,0.01116,0.00375,-0.00741,-66.39784946236558
MixGCF,campus_143,loss4,Top 20,Recall,0.08943,0.03018,-0.05925,-66.25293525662529
MixGCF,campus_143,loss4,Top 20,NDCG,0.05293,0.01519,-0.037739999999999996,-71.30171925184206
MixGCF,campus_143,loss5,Top 10,Hit Ratio,0.06178,0.05215,-0.00963,-15.587568792489478
MixGCF,campus_143,loss5,Top 10,Precision,0.01564,0.0132,-0.002440000000000001,-15.60102301790282
MixGCF,campus_143,loss5,Top 10,Recall,0.06353,0.05279,-0.010740000000000006,-16.90539902408312
MixGCF,campus_143,loss5,Top 10,NDCG,0.04468,0.03635,-0.008329999999999997,-18.64368845120859
MixGCF,campus_143,loss5,Top 20,Hit Ratio,0.08818,0.0747,-0.013479999999999992,-15.286913132229524
MixGCF,campus_143,loss5,Top 20,Precision,0.01116,0.00946,-0.0017000000000000001,-15.232974910394267
MixGCF,campus_143,loss5,Top 20,Recall,0.08943,0.07339,-0.01604,-17.93581572179358
MixGCF,campus_143,loss5,Top 20,NDCG,0.05293,0.0431,-0.009829999999999998,-18.571698469676928
MixGCF,campus_15,loss1,Top 10,Hit Ratio,0.02517,0.02093,-0.004240000000000001,-16.845450933651172
MixGCF,campus_15,loss1,Top 10,Precision,0.02408,0.02002,-0.004060000000000001,-16.860465116279073
MixGCF,campus_15,loss1,Top 10,Recall,0.03159,0.02424,-0.007349999999999999,-23.266856600189932
MixGCF,campus_15,loss1,Top 10,NDCG,0.03617,0.02921,-0.006960000000000001,-19.24246613215372
MixGCF,campus_15,loss1,Top 20,Hit Ratio,0.03916,0.03277,-0.00639,-16.31767109295199
MixGCF,campus_15,loss1,Top 20,Precision,0.01873,0.01568,-0.0030500000000000006,-16.284036305392423
MixGCF,campus_15,loss1,Top 20,Recall,0.04661,0.03664,-0.00997,-21.390259600944002
MixGCF,campus_15,loss1,Top 20,NDCG,0.03874,0.03081,-0.007929999999999996,-20.469798657718112
MixGCF,campus_15,loss2,Top 10,Hit Ratio,0.02517,0.02165,-0.0035200000000000023,-13.984902661899095
MixGCF,campus_15,loss2,Top 10,Precision,0.02408,0.02071,-0.0033700000000000015,-13.995016611295688
MixGCF,campus_15,loss2,Top 10,Recall,0.03159,0.02657,-0.00502,-15.89110477999367
MixGCF,campus_15,loss2,Top 10,NDCG,0.03617,0.03075,-0.005420000000000001,-14.984794028200168
MixGCF,campus_15,loss2,Top 20,Hit Ratio,0.03916,0.03411,-0.005049999999999999,-12.89581205311542
MixGCF,campus_15,loss2,Top 20,Precision,0.01873,0.01632,-0.002409999999999999,-12.867058195408429
MixGCF,campus_15,loss2,Top 20,Recall,0.04661,0.04084,-0.005769999999999997,-12.379317742973605
MixGCF,campus_15,loss2,Top 20,NDCG,0.03874,0.03298,-0.005759999999999994,-14.868353123386665
MixGCF,campus_15,loss3,Top 10,Hit Ratio,0.02517,0.02379,-0.0013800000000000028,-5.482717520858174
MixGCF,campus_15,loss3,Top 10,Precision,0.02408,0.02276,-0.0013200000000000017,-5.481727574750837
MixGCF,campus_15,loss3,Top 10,Recall,0.03159,0.02878,-0.00281,-8.895220006331117
MixGCF,campus_15,loss3,Top 10,NDCG,0.03617,0.03383,-0.002340000000000002,-6.469449820293065
MixGCF,campus_15,loss3,Top 20,Hit Ratio,0.03916,0.03737,-0.00179,-4.570990806945863
MixGCF,campus_15,loss3,Top 20,Precision,0.01873,0.01787,-0.0008599999999999997,-4.5915643352909745
MixGCF,campus_15,loss3,Top 20,Recall,0.04661,0.04431,-0.0022999999999999965,-4.934563398412351
MixGCF,campus_15,loss3,Top 20,NDCG,0.03874,0.03607,-0.0026699999999999988,-6.892101187403197
MixGCF,campus_15,loss4,Top 10,Hit Ratio,0.02517,0.00187,-0.0233,-92.5705204608661
MixGCF,campus_15,loss4,Top 10,Precision,0.02408,0.00179,-0.02229,-92.56644518272425
MixGCF,campus_15,loss4,Top 10,Recall,0.03159,0.00259,-0.029,-91.80120291231403
MixGCF,campus_15,loss4,Top 10,NDCG,0.03617,0.00234,-0.03383,-93.53055017970694
MixGCF,campus_15,loss4,Top 20,Hit Ratio,0.03916,0.00438,-0.03478,-88.81511746680285
MixGCF,campus_15,loss4,Top 20,Precision,0.01873,0.0021,-0.01663,-88.78804057661505
MixGCF,campus_15,loss4,Top 20,Recall,0.04661,0.00574,-0.04087,-87.68504612744046
MixGCF,campus_15,loss4,Top 20,NDCG,0.03874,0.00348,-0.03526,-91.01703665462055
MixGCF,campus_15,loss5,Top 10,Hit Ratio,0.02517,0.02399,-0.0011800000000000005,-4.688120778704809
MixGCF,campus_15,loss5,Top 10,Precision,0.02408,0.02295,-0.001129999999999999,-4.692691029900328
MixGCF,campus_15,loss5,Top 10,Recall,0.03159,0.02988,-0.0017099999999999997,-5.413105413105413
MixGCF,campus_15,loss5,Top 10,NDCG,0.03617,0.03396,-0.0022100000000000036,-6.110035941387901
MixGCF,campus_15,loss5,Top 20,Hit Ratio,0.03916,0.03747,-0.001689999999999997,-4.315628192032679
MixGCF,campus_15,loss5,Top 20,Precision,0.01873,0.01792,-0.0008100000000000017,-4.324612920448487
MixGCF,campus_15,loss5,Top 20,Recall,0.04661,0.04401,-0.002599999999999998,-5.578202102553096
MixGCF,campus_15,loss5,Top 20,NDCG,0.03874,0.03591,-0.002829999999999999,-7.305110996386163
MixGCF,campus_34,loss1,Top 10,Hit Ratio,0.05859,0.0259,-0.032690000000000004,-55.794504181600956
MixGCF,campus_34,loss1,Top 10,Precision,0.02135,0.00944,-0.01191,-55.78454332552694
MixGCF,campus_34,loss1,Top 10,Recall,0.06649,0.02316,-0.043329999999999994,-65.16769439013386
MixGCF,campus_34,loss1,Top 10,NDCG,0.05152,0.01944,-0.032080000000000004,-62.267080745341616
MixGCF,campus_34,loss1,Top 20,Hit Ratio,0.08443,0.03966,-0.044770000000000004,-53.02617553002488
MixGCF,campus_34,loss1,Top 20,Precision,0.01539,0.00723,-0.008159999999999999,-53.021442495126706
MixGCF,campus_34,loss1,Top 20,Recall,0.09263,0.03581,-0.05682,-61.340818309403
MixGCF,campus_34,loss1,Top 20,NDCG,0.0606,0.02387,-0.03673,-60.6105610561056
MixGCF,campus_34,loss2,Top 10,Hit Ratio,0.05859,0.04767,-0.010920000000000006,-18.63799283154123
MixGCF,campus_34,loss2,Top 10,Precision,0.02135,0.01738,-0.003970000000000001,-18.594847775175648
MixGCF,campus_34,loss2,Top 10,Recall,0.06649,0.04944,-0.017049999999999996,-25.64295382764325
MixGCF,campus_34,loss2,Top 10,NDCG,0.05152,0.04014,-0.011380000000000001,-22.08850931677019
MixGCF,campus_34,loss2,Top 20,Hit Ratio,0.08443,0.06759,-0.016840000000000008,-19.945516996328326
MixGCF,campus_34,loss2,Top 20,Precision,0.01539,0.01232,-0.00307,-19.948018193632226
MixGCF,campus_34,loss2,Top 20,Recall,0.09263,0.06855,-0.024080000000000004,-25.995897657346433
MixGCF,campus_34,loss2,Top 20,NDCG,0.0606,0.04673,-0.01387,-22.887788778877887
MixGCF,campus_34,loss3,Top 10,Hit Ratio,0.05859,0.05122,-0.0073700000000000015,-12.578938385390002
MixGCF,campus_34,loss3,Top 10,Precision,0.02135,0.01867,-0.002680000000000002,-12.55269320843092
MixGCF,campus_34,loss3,Top 10,Recall,0.06649,0.0533,-0.013189999999999993,-19.83756955933222
MixGCF,campus_34,loss3,Top 10,NDCG,0.05152,0.04221,-0.009310000000000006,-18.070652173913054
MixGCF,campus_34,loss3,Top 20,Hit Ratio,0.08443,0.07137,-0.013060000000000002,-15.468435390264126
MixGCF,campus_34,loss3,Top 20,Precision,0.01539,0.01301,-0.0023799999999999984,-15.464587394411947
MixGCF,campus_34,loss3,Top 20,Recall,0.09263,0.07359,-0.01904,-20.554895822087875
MixGCF,campus_34,loss3,Top 20,NDCG,0.0606,0.04906,-0.011540000000000002,-19.042904290429043
MixGCF,campus_34,loss4,Top 10,Hit Ratio,0.05859,0.02398,-0.03461,-59.07151391022359
MixGCF,campus_34,loss4,Top 10,Precision,0.02135,0.00874,-0.012610000000000001,-59.063231850117106
MixGCF,campus_34,loss4,Top 10,Recall,0.06649,0.02337,-0.04311999999999999,-64.85185742216875
MixGCF,campus_34,loss4,Top 10,NDCG,0.05152,0.01793,-0.03359,-65.19798136645963
MixGCF,campus_34,loss4,Top 20,Hit Ratio,0.08443,0.03827,-0.04616000000000001,-54.67250977140827
MixGCF,campus_34,loss4,Top 20,Precision,0.01539,0.00697,-0.00842,-54.71085120207928
MixGCF,campus_34,loss4,Top 20,Recall,0.09263,0.03736,-0.05527000000000001,-59.66749433228976
MixGCF,campus_34,loss4,Top 20,NDCG,0.0606,0.02282,-0.03778,-62.34323432343234
MixGCF,campus_34,loss5,Top 10,Hit Ratio,0.05859,0.05133,-0.0072600000000000026,-12.39119303635433
MixGCF,campus_34,loss5,Top 10,Precision,0.02135,0.01871,-0.00264,-12.365339578454332
MixGCF,campus_34,loss5,Top 10,Recall,0.06649,0.05474,-0.011749999999999997,-17.671830350428632
MixGCF,campus_34,loss5,Top 10,NDCG,0.05152,0.0441,-0.007420000000000003,-14.402173913043484
MixGCF,campus_34,loss5,Top 20,Hit Ratio,0.08443,0.07363,-0.010800000000000004,-12.791661731611988
MixGCF,campus_34,loss5,Top 20,Precision,0.01539,0.01342,-0.0019699999999999995,-12.800519818063675
MixGCF,campus_34,loss5,Top 20,Recall,0.09263,0.07764,-0.014990000000000003,-16.1826622044694
MixGCF,campus_34,loss5,Top 20,NDCG,0.0606,0.05188,-0.008719999999999999,-14.389438943894387
NCL,campus_10,loss1,Top 10,Hit Ratio,0.03618,0.03578,-0.0003999999999999976,-1.1055831951354274
NCL,campus_10,loss1,Top 10,Precision,0.02414,0.02388,-0.0002600000000000033,-1.0770505385252827
NCL,campus_10,loss1,Top 10,Recall,0.0471,0.04522,-0.0018799999999999997,-3.991507430997876
NCL,campus_10,loss1,Top 10,NDCG,0.04272,0.04157,-0.0011499999999999982,-2.691947565543067
NCL,campus_10,loss1,Top 20,Hit Ratio,0.05696,0.05668,-0.00027999999999999553,-0.4915730337078573
NCL,campus_10,loss1,Top 20,Precision,0.019,0.01891,-8.99999999999998e-05,-0.47368421052631476
NCL,campus_10,loss1,Top 20,Recall,0.07096,0.0696,-0.00136,-1.9165727170236755
NCL,campus_10,loss1,Top 20,NDCG,0.05018,0.04923,-0.0009499999999999995,-1.8931845356715813
NCL,campus_10,loss2,Top 10,Hit Ratio,0.03618,0.03546,-0.0007199999999999984,-1.990049751243777
NCL,campus_10,loss2,Top 10,Precision,0.02414,0.02366,-0.00048000000000000126,-1.988400994200502
NCL,campus_10,loss2,Top 10,Recall,0.0471,0.04408,-0.003020000000000002,-6.411889596602976
NCL,campus_10,loss2,Top 10,NDCG,0.04272,0.04151,-0.0012100000000000027,-2.8323970037453248
NCL,campus_10,loss2,Top 20,Hit Ratio,0.05696,0.0556,-0.00136,-2.3876404494382024
NCL,campus_10,loss2,Top 20,Precision,0.019,0.01855,-0.000449999999999999,-2.368421052631574
NCL,campus_10,loss2,Top 20,Recall,0.07096,0.06669,-0.004269999999999996,-6.017474633596387
NCL,campus_10,loss2,Top 20,NDCG,0.05018,0.04855,-0.0016299999999999995,-3.2483060980470295
NCL,campus_10,loss3,Top 10,Hit Ratio,0.03618,0.03611,-6.999999999999368e-05,-0.1934770591486835
NCL,campus_10,loss3,Top 10,Precision,0.02414,0.02409,-5.000000000000143e-05,-0.20712510356255767
NCL,campus_10,loss3,Top 10,Recall,0.0471,0.0458,-0.0013000000000000025,-2.7600849256900264
NCL,campus_10,loss3,Top 10,NDCG,0.04272,0.04274,1.9999999999999185e-05,0.04681647940074716
NCL,campus_10,loss3,Top 20,Hit Ratio,0.05696,0.05666,-0.0002999999999999947,-0.5266853932584178
NCL,campus_10,loss3,Top 20,Precision,0.019,0.0189,-9.99999999999994e-05,-0.5263157894736811
NCL,campus_10,loss3,Top 20,Recall,0.07096,0.06899,-0.0019699999999999995,-2.776211950394588
NCL,campus_10,loss3,Top 20,NDCG,0.05018,0.05001,-0.00017000000000000348,-0.33878039059386905
NCL,campus_10,loss4,Top 10,Hit Ratio,0.03618,0.03631,0.0001300000000000051,0.35931453841903016
NCL,campus_10,loss4,Top 10,Precision,0.02414,0.02423,8.99999999999998e-05,0.3728251864125924
NCL,campus_10,loss4,Top 10,Recall,0.0471,0.04485,-0.002250000000000002,-4.777070063694271
NCL,campus_10,loss4,Top 10,NDCG,0.04272,0.04233,-0.00039000000000000146,-0.9129213483146101
NCL,campus_10,loss4,Top 20,Hit Ratio,0.05696,0.05558,-0.0013799999999999993,-2.422752808988763
NCL,campus_10,loss4,Top 20,Precision,0.019,0.01854,-0.0004599999999999986,-2.4210526315789402
NCL,campus_10,loss4,Top 20,Recall,0.07096,0.06605,-0.004909999999999998,-6.9193912063134135
NCL,campus_10,loss4,Top 20,NDCG,0.05018,0.04876,-0.0014200000000000046,-2.8298126743722687
NCL,campus_10,loss5,Top 10,Hit Ratio,0.03618,0.03523,-0.0009499999999999995,-2.6257600884466545
NCL,campus_10,loss5,Top 10,Precision,0.02414,0.02351,-0.0006300000000000021,-2.609776304888161
NCL,campus_10,loss5,Top 10,Recall,0.0471,0.04525,-0.0018500000000000044,-3.927813163481962
NCL,campus_10,loss5,Top 10,NDCG,0.04272,0.04159,-0.001129999999999999,-2.64513108614232
NCL,campus_10,loss5,Top 20,Hit Ratio,0.05696,0.05703,7.000000000000062e-05,0.12289325842696737
NCL,campus_10,loss5,Top 20,Precision,0.019,0.01903,2.9999999999998778e-05,0.15789473684209884
NCL,campus_10,loss5,Top 20,Recall,0.07096,0.06981,-0.0011499999999999982,-1.6206313416008995
NCL,campus_10,loss5,Top 20,NDCG,0.05018,0.04949,-0.0006900000000000031,-1.3750498206456816
NCL,campus_102,loss1,Top 10,Hit Ratio,0.04914,0.04642,-0.00272,-5.535205535205535
NCL,campus_102,loss1,Top 10,Precision,0.03411,0.03222,-0.0018900000000000028,-5.540897097625338
NCL,campus_102,loss1,Top 10,Recall,0.06281,0.05776,-0.005050000000000006,-8.040120999840799
NCL,campus_102,loss1,Top 10,NDCG,0.06106,0.05546,-0.005600000000000001,-9.17130691123485
NCL,campus_102,loss1,Top 20,Hit Ratio,0.07387,0.06926,-0.004610000000000003,-6.240693109516722
NCL,campus_102,loss1,Top 20,Precision,0.02564,0.02404,-0.0016000000000000007,-6.240249609984402
NCL,campus_102,loss1,Top 20,Recall,0.09028,0.08312,-0.00716,-7.9308817013735045
NCL,campus_102,loss1,Top 20,NDCG,0.06987,0.06326,-0.006610000000000005,-9.460426506368977
NCL,campus_102,loss2,Top 10,Hit Ratio,0.04914,0.04507,-0.004070000000000004,-8.282458282458292
NCL,campus_102,loss2,Top 10,Precision,0.03411,0.03129,-0.002820000000000003,-8.267370272647327
NCL,campus_102,loss2,Top 10,Recall,0.06281,0.05589,-0.0069200000000000025,-11.017353924534314
NCL,campus_102,loss2,Top 10,NDCG,0.06106,0.05402,-0.007040000000000005,-11.52964297412382
NCL,campus_102,loss2,Top 20,Hit Ratio,0.07387,0.06909,-0.0047800000000000065,-6.470827128739687
NCL,campus_102,loss2,Top 20,Precision,0.02564,0.02398,-0.0016599999999999983,-6.474258970358808
NCL,campus_102,loss2,Top 20,Recall,0.09028,0.08209,-0.008190000000000003,-9.071776694727518
NCL,campus_102,loss2,Top 20,NDCG,0.06987,0.06241,-0.007460000000000001,-10.676971518534423
NCL,campus_102,loss3,Top 10,Hit Ratio,0.04914,0.0478,-0.001340000000000001,-2.7269027269027286
NCL,campus_102,loss3,Top 10,Precision,0.03411,0.03318,-0.0009300000000000003,-2.7264731750219884
NCL,campus_102,loss3,Top 10,Recall,0.06281,0.06057,-0.002240000000000006,-3.566311096959092
NCL,campus_102,loss3,Top 10,NDCG,0.06106,0.05864,-0.0024200000000000055,-3.9633147723550692
NCL,campus_102,loss3,Top 20,Hit Ratio,0.07387,0.07296,-0.000910000000000008,-1.231893867605263
NCL,campus_102,loss3,Top 20,Precision,0.02564,0.02532,-0.00032000000000000084,-1.2480499219968832
NCL,campus_102,loss3,Top 20,Recall,0.09028,0.08748,-0.002799999999999997,-3.101462117855557
NCL,campus_102,loss3,Top 20,NDCG,0.06987,0.06732,-0.0025499999999999967,-3.649635036496346
NCL,campus_102,loss4,Top 10,Hit Ratio,0.04914,0.04359,-0.005550000000000006,-11.294261294261307
NCL,campus_102,loss4,Top 10,Precision,0.03411,0.03026,-0.0038500000000000027,-11.287012606273827
NCL,campus_102,loss4,Top 10,Recall,0.06281,0.05416,-0.008650000000000005,-13.771692405667894
NCL,campus_102,loss4,Top 10,NDCG,0.06106,0.05157,-0.009490000000000005,-15.542089747789067
NCL,campus_102,loss4,Top 20,Hit Ratio,0.07387,0.06721,-0.006659999999999999,-9.015838635440637
NCL,campus_102,loss4,Top 20,Precision,0.02564,0.02332,-0.002319999999999999,-9.048361934477375
NCL,campus_102,loss4,Top 20,Recall,0.09028,0.08003,-0.010249999999999995,-11.35356668143553
NCL,campus_102,loss4,Top 20,NDCG,0.06987,0.05987,-0.010000000000000002,-14.312294260770003
NCL,campus_102,loss5,Top 10,Hit Ratio,0.04914,0.0475,-0.0016400000000000026,-3.3374033374033427
NCL,campus_102,loss5,Top 10,Precision,0.03411,0.03297,-0.0011400000000000021,-3.342128408091475
NCL,campus_102,loss5,Top 10,Recall,0.06281,0.06049,-0.0023200000000000026,-3.6936793504219114
NCL,campus_102,loss5,Top 10,NDCG,0.06106,0.05777,-0.0032900000000000013,-5.388142810350477
NCL,campus_102,loss5,Top 20,Hit Ratio,0.07387,0.07151,-0.002360000000000001,-3.194801678624612
NCL,campus_102,loss5,Top 20,Precision,0.02564,0.02482,-0.0008200000000000013,-3.19812792511701
NCL,campus_102,loss5,Top 20,Recall,0.09028,0.08629,-0.0039899999999999936,-4.419583517944167
NCL,campus_102,loss5,Top 20,NDCG,0.06987,0.06603,-0.003839999999999996,-5.495920996135675
NCL,campus_143,loss1,Top 10,Hit Ratio,0.08075,0.07544,-0.005310000000000009,-6.575851393188866
NCL,campus_143,loss1,Top 10,Precision,0.02045,0.0191,-0.0013500000000000005,-6.601466992665039
NCL,campus_143,loss1,Top 10,Recall,0.08779,0.07783,-0.00996000000000001,-11.34525572388656
NCL,campus_143,loss1,Top 10,NDCG,0.05872,0.05353,-0.00519,-8.838555858310627
NCL,campus_143,loss1,Top 20,Hit Ratio,0.12466,0.11402,-0.01064000000000001,-8.535215786940487
NCL,campus_143,loss1,Top 20,Precision,0.01578,0.01443,-0.0013499999999999988,-8.555133079847902
NCL,campus_143,loss1,Top 20,Recall,0.13256,0.11631,-0.016250000000000014,-12.25859987929995
NCL,campus_143,loss1,Top 20,NDCG,0.0729,0.06568,-0.007220000000000004,-9.903978052126206
NCL,campus_143,loss2,Top 10,Hit Ratio,0.08075,0.07754,-0.0032100000000000045,-3.975232198142421
NCL,campus_143,loss2,Top 10,Precision,0.02045,0.01963,-0.0008199999999999978,-4.009779951100234
NCL,campus_143,loss2,Top 10,Recall,0.08779,0.08244,-0.0053500000000000075,-6.094088164939068
NCL,campus_143,loss2,Top 10,NDCG,0.05872,0.05631,-0.0024100000000000024,-4.1042234332425105
NCL,campus_143,loss2,Top 20,Hit Ratio,0.12466,0.11622,-0.008440000000000003,-6.7704155302422615
NCL,campus_143,loss2,Top 20,Precision,0.01578,0.01471,-0.001069999999999998,-6.780735107731293
NCL,campus_143,loss2,Top 20,Recall,0.13256,0.12028,-0.012280000000000013,-9.263729631864825
NCL,campus_143,loss2,Top 20,NDCG,0.0729,0.06838,-0.00452000000000001,-6.20027434842251
NCL,campus_143,loss3,Top 10,Hit Ratio,0.08075,0.07782,-0.002930000000000002,-3.6284829721362253
NCL,campus_143,loss3,Top 10,Precision,0.02045,0.0197,-0.0007500000000000007,-3.66748166259169
NCL,campus_143,loss3,Top 10,Recall,0.08779,0.08608,-0.0017100000000000032,-1.9478300489805251
NCL,campus_143,loss3,Top 10,NDCG,0.05872,0.0571,-0.0016200000000000034,-2.758855585831068
NCL,campus_143,loss3,Top 20,Hit Ratio,0.12466,0.12264,-0.002020000000000008,-1.6204075084229168
NCL,campus_143,loss3,Top 20,Precision,0.01578,0.01553,-0.0002499999999999985,-1.5842839036755292
NCL,campus_143,loss3,Top 20,Recall,0.13256,0.1286,-0.003960000000000019,-2.987326493663261
NCL,campus_143,loss3,Top 20,NDCG,0.0729,0.07072,-0.0021800000000000014,-2.9903978052126217
NCL,campus_143,loss4,Top 10,Hit Ratio,0.08075,0.07534,-0.005409999999999998,-6.6996904024767785
NCL,campus_143,loss4,Top 10,Precision,0.02045,0.01908,-0.0013699999999999997,-6.699266503667481
NCL,campus_143,loss4,Top 10,Recall,0.08779,0.0776,-0.010190000000000005,-11.607244560883933
NCL,campus_143,loss4,Top 10,NDCG,0.05872,0.05402,-0.004700000000000003,-8.004087193460494
NCL,campus_143,loss4,Top 20,Hit Ratio,0.12466,0.11228,-0.012380000000000002,-9.931012353601798
NCL,campus_143,loss4,Top 20,Precision,0.01578,0.01421,-0.0015699999999999985,-9.949302915082374
NCL,campus_143,loss4,Top 20,Recall,0.13256,0.11349,-0.019070000000000017,-14.385938442969234
NCL,campus_143,loss4,Top 20,NDCG,0.0729,0.0654,-0.007500000000000007,-10.288065843621407
NCL,campus_143,loss5,Top 10,Hit Ratio,0.08075,0.07534,-0.005409999999999998,-6.6996904024767785
NCL,campus_143,loss5,Top 10,Precision,0.02045,0.01908,-0.0013699999999999997,-6.699266503667481
NCL,campus_143,loss5,Top 10,Recall,0.08779,0.08282,-0.004970000000000002,-5.661237042943389
NCL,campus_143,loss5,Top 10,NDCG,0.05872,0.05554,-0.0031800000000000023,-5.4155313351498675
NCL,campus_143,loss5,Top 20,Hit Ratio,0.12466,0.12117,-0.003490000000000007,-2.7996149526712713
NCL,campus_143,loss5,Top 20,Precision,0.01578,0.01534,-0.0004399999999999994,-2.7883396704689445
NCL,campus_143,loss5,Top 20,Recall,0.13256,0.12745,-0.005110000000000003,-3.8548581774290906
NCL,campus_143,loss5,Top 20,NDCG,0.0729,0.06984,-0.003060000000000007,-4.197530864197541
NCL,campus_15,loss1,Top 10,Hit Ratio,0.02564,0.02536,-0.000279999999999999,-1.0920436817472658
NCL,campus_15,loss1,Top 10,Precision,0.02453,0.02426,-0.0002699999999999994,-1.1006930289441477
NCL,campus_15,loss1,Top 10,Recall,0.0365,0.03536,-0.0011399999999999952,-3.123287671232864
NCL,campus_15,loss1,Top 10,NDCG,0.03888,0.03795,-0.0009300000000000003,-2.3919753086419764
NCL,campus_15,loss1,Top 20,Hit Ratio,0.04158,0.03972,-0.0018600000000000005,-4.473304473304475
NCL,campus_15,loss1,Top 20,Precision,0.01989,0.019,-0.0008900000000000019,-4.474610356963307
NCL,campus_15,loss1,Top 20,Recall,0.05846,0.05347,-0.004990000000000001,-8.535750940814236
NCL,campus_15,loss1,Top 20,NDCG,0.04373,0.04144,-0.0022900000000000004,-5.2366796249714165
NCL,campus_15,loss2,Top 10,Hit Ratio,0.02564,0.02524,-0.00040000000000000105,-1.5600624024961038
NCL,campus_15,loss2,Top 10,Precision,0.02453,0.02415,-0.0003799999999999984,-1.549123522217686
NCL,campus_15,loss2,Top 10,Recall,0.0365,0.03569,-0.0008099999999999982,-2.219178082191776
NCL,campus_15,loss2,Top 10,NDCG,0.03888,0.03821,-0.000669999999999997,-1.7232510288065768
NCL,campus_15,loss2,Top 20,Hit Ratio,0.04158,0.03973,-0.0018499999999999975,-4.449254449254443
NCL,campus_15,loss2,Top 20,Precision,0.01989,0.01901,-0.0008800000000000023,-4.424333836098553
NCL,campus_15,loss2,Top 20,Recall,0.05846,0.05534,-0.0031199999999999978,-5.336982552172422
NCL,campus_15,loss2,Top 20,NDCG,0.04373,0.04219,-0.0015399999999999997,-3.5216098788017374
NCL,campus_15,loss3,Top 10,Hit Ratio,0.02564,0.02602,0.00038000000000000186,1.4820592823713021
NCL,campus_15,loss3,Top 10,Precision,0.02453,0.02489,0.0003599999999999992,1.4675907052588635
NCL,campus_15,loss3,Top 10,Recall,0.0365,0.03756,0.0010600000000000054,2.904109589041111
NCL,campus_15,loss3,Top 10,NDCG,0.03888,0.03984,0.0009600000000000025,2.4691358024691423
NCL,campus_15,loss3,Top 20,Hit Ratio,0.04158,0.04143,-0.00014999999999999736,-0.36075036075035444
NCL,campus_15,loss3,Top 20,Precision,0.01989,0.01982,-7.000000000000062e-05,-0.3519356460532962
NCL,campus_15,loss3,Top 20,Recall,0.05846,0.05886,0.0004000000000000045,0.684228532329806
NCL,campus_15,loss3,Top 20,NDCG,0.04373,0.04442,0.0006900000000000031,1.5778641664761106
NCL,campus_15,loss4,Top 10,Hit Ratio,0.02564,0.02568,4.000000000000184e-05,0.15600624024961718
NCL,campus_15,loss4,Top 10,Precision,0.02453,0.02457,4.000000000000184e-05,0.16306563391765935
NCL,campus_15,loss4,Top 10,Recall,0.0365,0.03486,-0.0016399999999999956,-4.4931506849314955
NCL,campus_15,loss4,Top 10,NDCG,0.03888,0.03841,-0.0004699999999999982,-1.2088477366255097
NCL,campus_15,loss4,Top 20,Hit Ratio,0.04158,0.04027,-0.0013099999999999987,-3.150553150553147
NCL,campus_15,loss4,Top 20,Precision,0.01989,0.01926,-0.0006300000000000021,-3.167420814479648
NCL,campus_15,loss4,Top 20,Recall,0.05846,0.05108,-0.007379999999999998,-12.624016421484772
NCL,campus_15,loss4,Top 20,NDCG,0.04373,0.04144,-0.0022900000000000004,-5.2366796249714165
NCL,campus_15,loss5,Top 10,Hit Ratio,0.02564,0.02622,0.0005800000000000007,2.2620904836193474
NCL,campus_15,loss5,Top 10,Precision,0.02453,0.02508,0.0005500000000000019,2.2421524663677204
NCL,campus_15,loss5,Top 10,Recall,0.0365,0.03811,0.0016100000000000003,4.41095890410959
NCL,campus_15,loss5,Top 10,NDCG,0.03888,0.03983,0.0009499999999999995,2.443415637860081
NCL,campus_15,loss5,Top 20,Hit Ratio,0.04158,0.04136,-0.00021999999999999797,-0.5291005291005242
NCL,campus_15,loss5,Top 20,Precision,0.01989,0.01978,-0.00011000000000000246,-0.5530417295123301
NCL,campus_15,loss5,Top 20,Recall,0.05846,0.05652,-0.0019399999999999973,-3.318508381799516
NCL,campus_15,loss5,Top 20,NDCG,0.04373,0.04363,-9.999999999999593e-05,-0.2286759661559477
NCL,campus_34,loss1,Top 10,Hit Ratio,0.07363,0.07038,-0.003250000000000003,-4.413961700393865
NCL,campus_34,loss1,Top 10,Precision,0.02684,0.02565,-0.00119,-4.433681073025335
NCL,campus_34,loss1,Top 10,Recall,0.08434,0.07766,-0.0066799999999999915,-7.92032250414986
NCL,campus_34,loss1,Top 10,NDCG,0.0635,0.05974,-0.0037599999999999995,-5.921259842519684
NCL,campus_34,loss1,Top 20,Hit Ratio,0.11213,0.10371,-0.008419999999999997,-7.509141175421384
NCL,campus_34,loss1,Top 20,Precision,0.02043,0.0189,-0.0015300000000000001,-7.488986784140969
NCL,campus_34,loss1,Top 20,Recall,0.1242,0.11261,-0.011590000000000003,-9.331723027375203
NCL,campus_34,loss1,Top 20,NDCG,0.07734,0.07183,-0.005510000000000001,-7.1243858288078625
NCL,campus_34,loss2,Top 10,Hit Ratio,0.07363,0.07067,-0.0029600000000000043,-4.020100502512569
NCL,campus_34,loss2,Top 10,Precision,0.02684,0.02576,-0.0010799999999999976,-4.023845007451556
NCL,campus_34,loss2,Top 10,Recall,0.08434,0.07702,-0.007319999999999993,-8.679155797960627
NCL,campus_34,loss2,Top 10,NDCG,0.0635,0.0601,-0.0034000000000000002,-5.354330708661418
NCL,campus_34,loss2,Top 20,Hit Ratio,0.11213,0.10296,-0.009169999999999998,-8.178007669669132
NCL,campus_34,loss2,Top 20,Precision,0.02043,0.01876,-0.0016700000000000013,-8.174253548702895
NCL,campus_34,loss2,Top 20,Recall,0.1242,0.10986,-0.014340000000000006,-11.545893719806767
NCL,campus_34,loss2,Top 20,NDCG,0.07734,0.07152,-0.005820000000000006,-7.525213343677276
NCL,campus_34,loss3,Top 10,Hit Ratio,0.07363,0.07398,0.0003500000000000031,0.4753497215808815
NCL,campus_34,loss3,Top 10,Precision,0.02684,0.02696,0.00012000000000000205,0.44709388971684816
NCL,campus_34,loss3,Top 10,Recall,0.08434,0.08102,-0.0033200000000000035,-3.9364477116433525
NCL,campus_34,loss3,Top 10,NDCG,0.0635,0.06217,-0.0013299999999999979,-2.0944881889763742
NCL,campus_34,loss3,Top 20,Hit Ratio,0.11213,0.10801,-0.004119999999999999,-3.674306608400962
NCL,campus_34,loss3,Top 20,Precision,0.02043,0.01968,-0.0007500000000000007,-3.6710719530102827
NCL,campus_34,loss3,Top 20,Recall,0.1242,0.11686,-0.007339999999999999,-5.909822866344604
NCL,campus_34,loss3,Top 20,NDCG,0.07734,0.0745,-0.002840000000000009,-3.6720972329971673
NCL,campus_34,loss4,Top 10,Hit Ratio,0.07363,0.07084,-0.002790000000000001,-3.7892163520304236
NCL,campus_34,loss4,Top 10,Precision,0.02684,0.02582,-0.00102,-3.800298062593145
NCL,campus_34,loss4,Top 10,Recall,0.08434,0.07806,-0.006279999999999994,-7.446051695518134
NCL,campus_34,loss4,Top 10,NDCG,0.0635,0.06091,-0.002590000000000002,-4.0787401574803175
NCL,campus_34,loss4,Top 20,Hit Ratio,0.11213,0.10208,-0.01004999999999999,-8.962811022919816
NCL,campus_34,loss4,Top 20,Precision,0.02043,0.0186,-0.0018300000000000018,-8.957415565345089
NCL,campus_34,loss4,Top 20,Recall,0.1242,0.11016,-0.01404000000000001,-11.304347826086964
NCL,campus_34,loss4,Top 20,NDCG,0.07734,0.07196,-0.00538000000000001,-6.956296870959412
NCL,campus_34,loss5,Top 10,Hit Ratio,0.07363,0.07288,-0.0007500000000000007,-1.018606546244738
NCL,campus_34,loss5,Top 10,Precision,0.02684,0.02656,-0.000279999999999999,-1.0432190760059574
NCL,campus_34,loss5,Top 10,Recall,0.08434,0.08242,-0.001920000000000005,-2.276499881432304
NCL,campus_34,loss5,Top 10,NDCG,0.0635,0.0616,-0.001899999999999999,-2.9921259842519667
NCL,campus_34,loss5,Top 20,Hit Ratio,0.11213,0.10568,-0.006449999999999997,-5.752251850530632
NCL,campus_34,loss5,Top 20,Precision,0.02043,0.01926,-0.001170000000000001,-5.72687224669604
NCL,campus_34,loss5,Top 20,Recall,0.1242,0.11522,-0.008980000000000002,-7.2302737520128835
NCL,campus_34,loss5,Top 20,NDCG,0.07734,0.07303,-0.004310000000000008,-5.572795448668229
SGL,campus_10,loss1,Top 10,Hit Ratio,0.03486,0.03598,0.001119999999999996,3.2128514056224784
SGL,campus_10,loss1,Top 10,Precision,0.02326,0.02401,0.0007500000000000007,3.224419604471198
SGL,campus_10,loss1,Top 10,Recall,0.04366,0.0439,0.0002400000000000041,0.5497022446175083
SGL,campus_10,loss1,Top 10,NDCG,0.04106,0.04125,0.00019000000000000267,0.4627374573794512
SGL,campus_10,loss1,Top 20,Hit Ratio,0.05455,0.05518,0.0006299999999999986,1.1549037580201624
SGL,campus_10,loss1,Top 20,Precision,0.0182,0.01841,0.00020999999999999838,1.1538461538461449
SGL,campus_10,loss1,Top 20,Recall,0.06657,0.0657,-0.0008700000000000097,-1.3068949977467472
SGL,campus_10,loss1,Top 20,NDCG,0.04816,0.04785,-0.0003100000000000047,-0.6436877076412058
SGL,campus_10,loss2,Top 10,Hit Ratio,0.03486,0.03491,4.999999999999449e-05,0.14343086632241678
SGL,campus_10,loss2,Top 10,Precision,0.02326,0.02329,3.0000000000002247e-05,0.12897678417885747
SGL,campus_10,loss2,Top 10,Recall,0.04366,0.04316,-0.0005000000000000004,-1.1452130096197903
SGL,campus_10,loss2,Top 10,NDCG,0.04106,0.04027,-0.000789999999999999,-1.9240136385776887
SGL,campus_10,loss2,Top 20,Hit Ratio,0.05455,0.05468,0.00012999999999999817,0.23831347387717355
SGL,campus_10,loss2,Top 20,Precision,0.0182,0.01824,3.999999999999837e-05,0.2197802197802108
SGL,campus_10,loss2,Top 20,Recall,0.06657,0.06425,-0.0023200000000000026,-3.485053327324624
SGL,campus_10,loss2,Top 20,NDCG,0.04816,0.04697,-0.0011900000000000036,-2.4709302325581466
SGL,campus_10,loss3,Top 10,Hit Ratio,0.03486,0.03493,7.000000000000062e-05,0.20080321285140737
SGL,campus_10,loss3,Top 10,Precision,0.02326,0.02331,5.000000000000143e-05,0.2149613069647525
SGL,campus_10,loss3,Top 10,Recall,0.04366,0.04503,0.0013700000000000032,3.1378836463582296
SGL,campus_10,loss3,Top 10,NDCG,0.04106,0.04112,5.9999999999997555e-05,0.1461276181198187
SGL,campus_10,loss3,Top 20,Hit Ratio,0.05455,0.05432,-0.00023000000000000104,-0.42163153070577636
SGL,campus_10,loss3,Top 20,Precision,0.0182,0.01812,-8.000000000000021e-05,-0.43956043956044066
SGL,campus_10,loss3,Top 20,Recall,0.06657,0.06583,-0.0007400000000000045,-1.1116118371638943
SGL,campus_10,loss3,Top 20,NDCG,0.04816,0.04764,-0.0005199999999999996,-1.0797342192691022
SGL,campus_10,loss4,Top 10,Hit Ratio,0.03486,0.03546,0.0005999999999999964,1.7211703958691804
SGL,campus_10,loss4,Top 10,Precision,0.02326,0.02366,0.00040000000000000105,1.7196904557179753
SGL,campus_10,loss4,Top 10,Recall,0.04366,0.04434,0.00068,1.5574896930829136
SGL,campus_10,loss4,Top 10,NDCG,0.04106,0.04102,-3.999999999999837e-05,-0.09741841207987913
SGL,campus_10,loss4,Top 20,Hit Ratio,0.05455,0.05417,-0.0003799999999999984,-0.696608615948668
SGL,campus_10,loss4,Top 20,Precision,0.0182,0.01807,-0.00013000000000000164,-0.7142857142857233
SGL,campus_10,loss4,Top 20,Recall,0.06657,0.06619,-0.00038000000000000533,-0.5708277001652475
SGL,campus_10,loss4,Top 20,NDCG,0.04816,0.04758,-0.0005800000000000041,-1.204318936877085
SGL,campus_10,loss5,Top 10,Hit Ratio,0.03486,0.0347,-0.00016000000000000042,-0.45897877223178546
SGL,campus_10,loss5,Top 10,Precision,0.02326,0.02316,-9.99999999999994e-05,-0.4299226139294901
SGL,campus_10,loss5,Top 10,Recall,0.04366,0.04401,0.0003500000000000031,0.8016491067338596
SGL,campus_10,loss5,Top 10,NDCG,0.04106,0.04042,-0.0006400000000000017,-1.5586945932781335
SGL,campus_10,loss5,Top 20,Hit Ratio,0.05455,0.05478,0.00023000000000000104,0.42163153070577636
SGL,campus_10,loss5,Top 20,Precision,0.0182,0.01827,7.000000000000062e-05,0.38461538461538797
SGL,campus_10,loss5,Top 20,Recall,0.06657,0.06565,-0.0009200000000000041,-1.3820039056632178
SGL,campus_10,loss5,Top 20,NDCG,0.04816,0.04739,-0.0007699999999999999,-1.5988372093023253
SGL,campus_102,loss1,Top 10,Hit Ratio,0.0372,0.03922,0.002020000000000001,5.430107526881724
SGL,campus_102,loss1,Top 10,Precision,0.02582,0.02722,0.001400000000000002,5.42215336948103
SGL,campus_102,loss1,Top 10,Recall,0.04392,0.04653,0.002610000000000001,5.942622950819675
SGL,campus_102,loss1,Top 10,NDCG,0.04266,0.04463,0.0019700000000000065,4.61790904828881
SGL,campus_102,loss1,Top 20,Hit Ratio,0.05809,0.06088,0.002789999999999994,4.8028920640385495
SGL,campus_102,loss1,Top 20,Precision,0.02016,0.02113,0.0009699999999999986,4.81150793650793
SGL,campus_102,loss1,Top 20,Recall,0.06725,0.06834,0.0010899999999999938,1.6208178438661618
SGL,campus_102,loss1,Top 20,NDCG,0.05013,0.05177,0.0016399999999999956,3.271494115300211
SGL,campus_102,loss2,Top 10,Hit Ratio,0.0372,0.03707,-0.00012999999999999817,-0.349462365591393
SGL,campus_102,loss2,Top 10,Precision,0.02582,0.02573,-8.99999999999998e-05,-0.34856700232377924
SGL,campus_102,loss2,Top 10,Recall,0.04392,0.04437,0.000449999999999999,1.024590163934424
SGL,campus_102,loss2,Top 10,NDCG,0.04266,0.04282,0.00016000000000000042,0.3750586029067052
SGL,campus_102,loss2,Top 20,Hit Ratio,0.05809,0.05846,0.00036999999999999533,0.6369426751592276
SGL,campus_102,loss2,Top 20,Precision,0.02016,0.02029,0.00012999999999999817,0.6448412698412608
SGL,campus_102,loss2,Top 20,Recall,0.06725,0.06647,-0.0007800000000000029,-1.1598513011152458
SGL,campus_102,loss2,Top 20,NDCG,0.05013,0.05016,3.0000000000002247e-05,0.05984440454817922
SGL,campus_102,loss3,Top 10,Hit Ratio,0.0372,0.03717,-2.9999999999995308e-05,-0.08064516129030998
SGL,campus_102,loss3,Top 10,Precision,0.02582,0.0258,-1.9999999999999185e-05,-0.07745933384972574
SGL,campus_102,loss3,Top 10,Recall,0.04392,0.04386,-5.9999999999997555e-05,-0.13661202185791793
SGL,campus_102,loss3,Top 10,NDCG,0.04266,0.04253,-0.00012999999999999817,-0.3047351148616929
SGL,campus_102,loss3,Top 20,Hit Ratio,0.05809,0.05776,-0.0003300000000000039,-0.5680840075744601
SGL,campus_102,loss3,Top 20,Precision,0.02016,0.02004,-0.00012000000000000205,-0.5952380952381053
SGL,campus_102,loss3,Top 20,Recall,0.06725,0.06712,-0.0001300000000000051,-0.1933085501858812
SGL,campus_102,loss3,Top 20,NDCG,0.05013,0.04987,-0.0002600000000000033,-0.5186515060841876
SGL,campus_102,loss4,Top 10,Hit Ratio,0.0372,0.03798,0.0007800000000000029,2.096774193548395
SGL,campus_102,loss4,Top 10,Precision,0.02582,0.02636,0.0005400000000000023,2.0914020139426888
SGL,campus_102,loss4,Top 10,Recall,0.04392,0.04603,0.0021100000000000008,4.804189435336978
SGL,campus_102,loss4,Top 10,NDCG,0.04266,0.04342,0.0007600000000000037,1.7815283638068538
SGL,campus_102,loss4,Top 20,Hit Ratio,0.05809,0.05846,0.00036999999999999533,0.6369426751592276
SGL,campus_102,loss4,Top 20,Precision,0.02016,0.02029,0.00012999999999999817,0.6448412698412608
SGL,campus_102,loss4,Top 20,Recall,0.06725,0.06788,0.0006299999999999917,0.9368029739776826
SGL,campus_102,loss4,Top 20,NDCG,0.05013,0.05045,0.00032000000000000084,0.6383403151805322
SGL,campus_102,loss5,Top 10,Hit Ratio,0.0372,0.03717,-2.9999999999995308e-05,-0.08064516129030998
SGL,campus_102,loss5,Top 10,Precision,0.02582,0.0258,-1.9999999999999185e-05,-0.07745933384972574
SGL,campus_102,loss5,Top 10,Recall,0.04392,0.04452,0.0005999999999999964,1.3661202185792265
SGL,campus_102,loss5,Top 10,NDCG,0.04266,0.0419,-0.0007599999999999968,-1.7815283638068373
SGL,campus_102,loss5,Top 20,Hit Ratio,0.05809,0.05846,0.00036999999999999533,0.6369426751592276
SGL,campus_102,loss5,Top 20,Precision,0.02016,0.02029,0.00012999999999999817,0.6448412698412608
SGL,campus_102,loss5,Top 20,Recall,0.06725,0.06708,-0.00017000000000000348,-0.2527881040892245
SGL,campus_102,loss5,Top 20,NDCG,0.05013,0.04941,-0.0007199999999999984,-1.4362657091561906
SGL,campus_143,loss1,Top 10,Hit Ratio,0.06361,0.06489,0.0012800000000000034,2.0122622229209295
SGL,campus_143,loss1,Top 10,Precision,0.01611,0.01643,0.00032000000000000084,1.9863438857852318
SGL,campus_143,loss1,Top 10,Recall,0.06353,0.06616,0.0026299999999999935,4.139776483551068
SGL,campus_143,loss1,Top 10,NDCG,0.04313,0.04556,0.0024300000000000016,5.6341293763042
SGL,campus_143,loss1,Top 20,Hit Ratio,0.09487,0.09377,-0.0010999999999999899,-1.15948139559396
SGL,campus_143,loss1,Top 20,Precision,0.01201,0.01187,-0.0001399999999999995,-1.1656952539550334
SGL,campus_143,loss1,Top 20,Recall,0.0926,0.09294,0.0003399999999999931,0.36717062634988457
SGL,campus_143,loss1,Top 20,NDCG,0.05257,0.0542,0.0016299999999999995,3.1006277344493047
SGL,campus_143,loss2,Top 10,Hit Ratio,0.06361,0.06306,-0.0005499999999999949,-0.8646439239113268
SGL,campus_143,loss2,Top 10,Precision,0.01611,0.01597,-0.00013999999999999777,-0.8690254500310228
SGL,campus_143,loss2,Top 10,Recall,0.06353,0.06351,-2.0000000000006124e-05,-0.03148118998899122
SGL,campus_143,loss2,Top 10,NDCG,0.04313,0.04361,0.00048000000000000126,1.1129144447020665
SGL,campus_143,loss2,Top 20,Hit Ratio,0.09487,0.09258,-0.0022900000000000004,-2.4138294508274485
SGL,campus_143,loss2,Top 20,Precision,0.01201,0.01172,-0.0002900000000000003,-2.414654454621152
SGL,campus_143,loss2,Top 20,Recall,0.0926,0.0912,-0.0013999999999999985,-1.5118790496760242
SGL,campus_143,loss2,Top 20,NDCG,0.05257,0.05249,-7.999999999999674e-05,-0.15217804831652415
SGL,campus_143,loss3,Top 10,Hit Ratio,0.06361,0.06572,0.0021100000000000008,3.3170885080962123
SGL,campus_143,loss3,Top 10,Precision,0.01611,0.01664,0.0005299999999999992,3.2898820608317765
SGL,campus_143,loss3,Top 10,Recall,0.06353,0.06488,0.00134999999999999,2.1249803242562413
SGL,campus_143,loss3,Top 10,NDCG,0.04313,0.04438,0.0012500000000000011,2.8982146997449596
SGL,campus_143,loss3,Top 20,Hit Ratio,0.09487,0.09505,0.0001799999999999996,0.18973331927901296
SGL,campus_143,loss3,Top 20,Precision,0.01201,0.01203,2.000000000000092e-05,0.16652789342215588
SGL,campus_143,loss3,Top 20,Recall,0.0926,0.09421,0.0016100000000000003,1.73866090712743
SGL,campus_143,loss3,Top 20,NDCG,0.05257,0.05376,0.0011900000000000036,2.2636484687083955
SGL,campus_143,loss4,Top 10,Hit Ratio,0.06361,0.06691,0.0032999999999999974,5.187863543468004
SGL,campus_143,loss4,Top 10,Precision,0.01611,0.01694,0.0008300000000000009,5.152079453755437
SGL,campus_143,loss4,Top 10,Recall,0.06353,0.06742,0.0038899999999999907,6.123091452856904
SGL,campus_143,loss4,Top 10,NDCG,0.04313,0.04577,0.0026399999999999965,6.121029445861341
SGL,campus_143,loss4,Top 20,Hit Ratio,0.09487,0.09725,0.002380000000000007,2.5086961104669623
SGL,campus_143,loss4,Top 20,Precision,0.01201,0.01231,0.0002999999999999999,2.497918401332223
SGL,campus_143,loss4,Top 20,Recall,0.0926,0.0948,0.0021999999999999936,2.3758099352051767
SGL,campus_143,loss4,Top 20,NDCG,0.05257,0.05465,0.0020799999999999985,3.9566292562297862
SGL,campus_143,loss5,Top 10,Hit Ratio,0.06361,0.0648,0.0011899999999999966,1.8707750353717916
SGL,campus_143,loss5,Top 10,Precision,0.01611,0.01641,0.00030000000000000165,1.8621973929236602
SGL,campus_143,loss5,Top 10,Recall,0.06353,0.06497,0.0014399999999999968,2.2666456792066687
SGL,campus_143,loss5,Top 10,NDCG,0.04313,0.04374,0.0006099999999999994,1.4143287734755376
SGL,campus_143,loss5,Top 20,Hit Ratio,0.09487,0.09221,-0.0026599999999999957,-2.803836829345416
SGL,campus_143,loss5,Top 20,Precision,0.01201,0.01167,-0.00034,-2.83097418817652
SGL,campus_143,loss5,Top 20,Recall,0.0926,0.09111,-0.0014900000000000052,-1.6090712742980617
SGL,campus_143,loss5,Top 20,NDCG,0.05257,0.05211,-0.0004600000000000021,-0.8750237778200535
SGL,campus_15,loss1,Top 10,Hit Ratio,0.02471,0.02555,0.0008400000000000005,3.3994334277620415
SGL,campus_15,loss1,Top 10,Precision,0.02364,0.02445,0.0008099999999999982,3.426395939086287
SGL,campus_15,loss1,Top 10,Recall,0.0337,0.03633,0.0026300000000000004,7.804154302670624
SGL,campus_15,loss1,Top 10,NDCG,0.03705,0.03882,0.0017700000000000007,4.777327935222674
SGL,campus_15,loss1,Top 20,Hit Ratio,0.03949,0.04007,0.0005800000000000041,1.4687262598126214
SGL,campus_15,loss1,Top 20,Precision,0.01889,0.01917,0.000279999999999999,1.4822657490735784
SGL,campus_15,loss1,Top 20,Recall,0.05179,0.05281,0.00102,1.969492179957521
SGL,campus_15,loss1,Top 20,NDCG,0.04061,0.04188,0.0012700000000000003,3.127308544693426
SGL,campus_15,loss2,Top 10,Hit Ratio,0.02471,0.02537,0.0006600000000000009,2.6709834075273204
SGL,campus_15,loss2,Top 10,Precision,0.02364,0.02427,0.0006299999999999986,2.6649746192893344
SGL,campus_15,loss2,Top 10,Recall,0.0337,0.03498,0.0012799999999999964,3.7982195845697224
SGL,campus_15,loss2,Top 10,NDCG,0.03705,0.03835,0.0013000000000000025,3.5087719298245683
SGL,campus_15,loss2,Top 20,Hit Ratio,0.03949,0.04014,0.0006500000000000047,1.6459863256520757
SGL,campus_15,loss2,Top 20,Precision,0.01889,0.0192,0.0003099999999999978,1.6410799364743132
SGL,campus_15,loss2,Top 20,Recall,0.05179,0.05248,0.0006899999999999962,1.3323035335006683
SGL,campus_15,loss2,Top 20,NDCG,0.04061,0.04175,0.0011400000000000021,2.807190347205127
SGL,campus_15,loss3,Top 10,Hit Ratio,0.02471,0.02561,0.0009000000000000015,3.64225010117362
SGL,campus_15,loss3,Top 10,Precision,0.02364,0.0245,0.0008599999999999997,3.637901861252114
SGL,campus_15,loss3,Top 10,Recall,0.0337,0.0359,0.0022000000000000006,6.52818991097923
SGL,campus_15,loss3,Top 10,NDCG,0.03705,0.03847,0.0014199999999999977,3.8326585695006687
SGL,campus_15,loss3,Top 20,Hit Ratio,0.03949,0.04009,0.0006000000000000033,1.519371992909606
SGL,campus_15,loss3,Top 20,Precision,0.01889,0.01917,0.000279999999999999,1.4822657490735784
SGL,campus_15,loss3,Top 20,Recall,0.05179,0.05188,8.99999999999998e-05,0.17377872176095732
SGL,campus_15,loss3,Top 20,NDCG,0.04061,0.04143,0.0008200000000000013,2.0192070918493012
SGL,campus_15,loss4,Top 10,Hit Ratio,0.02471,0.02523,0.0005199999999999996,2.1044111695669754
SGL,campus_15,loss4,Top 10,Precision,0.02364,0.02414,0.0005000000000000004,2.1150592216582083
SGL,campus_15,loss4,Top 10,Recall,0.0337,0.03451,0.0008099999999999982,2.4035608308605285
SGL,campus_15,loss4,Top 10,NDCG,0.03705,0.03828,0.001230000000000002,3.3198380566801675
SGL,campus_15,loss4,Top 20,Hit Ratio,0.03949,0.03971,0.00022000000000000491,0.5571030640668648
SGL,campus_15,loss4,Top 20,Precision,0.01889,0.01899,9.99999999999994e-05,0.5293806246691339
SGL,campus_15,loss4,Top 20,Recall,0.05179,0.05234,0.0005499999999999949,1.0619810774280651
SGL,campus_15,loss4,Top 20,NDCG,0.04061,0.04166,0.0010500000000000023,2.585570056636302
SGL,campus_15,loss5,Top 10,Hit Ratio,0.02471,0.02496,0.0002500000000000002,1.0117361392148936
SGL,campus_15,loss5,Top 10,Precision,0.02364,0.02388,0.00023999999999999716,1.015228426395927
SGL,campus_15,loss5,Top 10,Recall,0.0337,0.03322,-0.00048000000000000126,-1.4243323442136535
SGL,campus_15,loss5,Top 10,NDCG,0.03705,0.03716,0.00010999999999999899,0.29689608636976783
SGL,campus_15,loss5,Top 20,Hit Ratio,0.03949,0.03944,-4.999999999999449e-05,-0.1266143327424525
SGL,campus_15,loss5,Top 20,Precision,0.01889,0.01886,-3.0000000000002247e-05,-0.158814187400753
SGL,campus_15,loss5,Top 20,Recall,0.05179,0.05113,-0.0006600000000000009,-1.2743772929136916
SGL,campus_15,loss5,Top 20,NDCG,0.04061,0.04061,0.0,0.0
SGL,campus_34,loss1,Top 10,Hit Ratio,0.06329,0.06097,-0.0023199999999999957,-3.6656659819876687
SGL,campus_34,loss1,Top 10,Precision,0.02307,0.02222,-0.0008500000000000001,-3.6844386649328134
SGL,campus_34,loss1,Top 10,Recall,0.06659,0.06568,-0.0009099999999999941,-1.3665715572908759
SGL,campus_34,loss1,Top 10,NDCG,0.05181,0.05122,-0.0005900000000000002,-1.1387762980119671
SGL,campus_34,loss1,Top 20,Hit Ratio,0.08885,0.08902,0.00017000000000000348,0.19133370849747156
SGL,campus_34,loss1,Top 20,Precision,0.01619,0.01622,2.9999999999998778e-05,0.18529956763433464
SGL,campus_34,loss1,Top 20,Recall,0.09137,0.09411,0.0027399999999999924,2.9987961037539588
SGL,campus_34,loss1,Top 20,NDCG,0.0604,0.06102,0.0006199999999999956,1.0264900662251581
SGL,campus_34,loss2,Top 10,Hit Ratio,0.06329,0.06289,-0.0003999999999999976,-0.6320113762047679
SGL,campus_34,loss2,Top 10,Precision,0.02307,0.02292,-0.00015000000000000083,-0.6501950585175589
SGL,campus_34,loss2,Top 10,Recall,0.06659,0.0662,-0.00039000000000000146,-0.5856735245532384
SGL,campus_34,loss2,Top 10,NDCG,0.05181,0.05092,-0.0008900000000000019,-1.7178150936112757
SGL,campus_34,loss2,Top 20,Hit Ratio,0.08885,0.08774,-0.0011099999999999999,-1.2492965672481708
SGL,campus_34,loss2,Top 20,Precision,0.01619,0.01599,-0.0001999999999999988,-1.2353304508956071
SGL,campus_34,loss2,Top 20,Recall,0.09137,0.09057,-0.000800000000000009,-0.8755609062055478
SGL,campus_34,loss2,Top 20,NDCG,0.0604,0.05933,-0.0010700000000000015,-1.7715231788079495
SGL,campus_34,loss3,Top 10,Hit Ratio,0.06329,0.06179,-0.0015000000000000013,-2.370042660767896
SGL,campus_34,loss3,Top 10,Precision,0.02307,0.02252,-0.0005500000000000019,-2.3840485478977107
SGL,campus_34,loss3,Top 10,Recall,0.06659,0.06576,-0.0008299999999999974,-1.2464333984081655
SGL,campus_34,loss3,Top 10,NDCG,0.05181,0.05098,-0.0008300000000000043,-1.6020073344914194
SGL,campus_34,loss3,Top 20,Hit Ratio,0.08885,0.08931,0.0004600000000000021,0.5177265053460912
SGL,campus_34,loss3,Top 20,Precision,0.01619,0.01628,8.99999999999998e-05,0.5558987029030253
SGL,campus_34,loss3,Top 20,Recall,0.09137,0.09236,0.0009899999999999909,1.0835066214293432
SGL,campus_34,loss3,Top 20,NDCG,0.0604,0.06026,-0.00014000000000000123,-0.2317880794702007
SGL,campus_34,loss4,Top 10,Hit Ratio,0.06329,0.06103,-0.002259999999999998,-3.570864275556957
SGL,campus_34,loss4,Top 10,Precision,0.02307,0.02224,-0.0008300000000000009,-3.59774599046381
SGL,campus_34,loss4,Top 10,Recall,0.06659,0.06477,-0.0018200000000000022,-2.7331431145817726
SGL,campus_34,loss4,Top 10,NDCG,0.05181,0.05026,-0.0015500000000000028,-2.9917004439297483
SGL,campus_34,loss4,Top 20,Hit Ratio,0.08885,0.08885,0.0,0.0
SGL,campus_34,loss4,Top 20,Precision,0.01619,0.01619,0.0,0.0
SGL,campus_34,loss4,Top 20,Recall,0.09137,0.09361,0.002239999999999992,2.4515705373754972
SGL,campus_34,loss4,Top 20,NDCG,0.0604,0.06009,-0.0003100000000000047,-0.5132450331125905
SGL,campus_34,loss5,Top 10,Hit Ratio,0.06329,0.06208,-0.0012099999999999958,-1.9118344130194278
SGL,campus_34,loss5,Top 10,Precision,0.02307,0.02262,-0.000449999999999999,-1.9505851755526615
SGL,campus_34,loss5,Top 10,Recall,0.06659,0.06502,-0.001570000000000002,-2.3577113680732875
SGL,campus_34,loss5,Top 10,NDCG,0.05181,0.05139,-0.0004200000000000037,-0.8106543138390343
SGL,campus_34,loss5,Top 20,Hit Ratio,0.08885,0.08948,0.0006300000000000056,0.7090602138435628
SGL,campus_34,loss5,Top 20,Precision,0.01619,0.01631,0.00012000000000000205,0.7411982705373814
SGL,campus_34,loss5,Top 20,Recall,0.09137,0.09302,0.0016499999999999987,1.8058443690489205
SGL,campus_34,loss5,Top 20,NDCG,0.0604,0.061,0.0005999999999999964,0.9933774834437026
SimGCL,campus_10,loss1,Top 10,Hit Ratio,0.02729,0.02791,0.0006200000000000025,2.271894466837679
SimGCL,campus_10,loss1,Top 10,Precision,0.01821,0.01863,0.00042000000000000023,2.3064250411861624
SimGCL,campus_10,loss1,Top 10,Recall,0.03868,0.03821,-0.0004699999999999982,-1.2150982419855176
SimGCL,campus_10,loss1,Top 10,NDCG,0.03431,0.03464,0.00032999999999999696,0.9618187117458379
SimGCL,campus_10,loss1,Top 20,Hit Ratio,0.04262,0.04315,0.0005300000000000027,1.2435476302205601
SimGCL,campus_10,loss1,Top 20,Precision,0.01422,0.0144,0.0001799999999999996,1.2658227848101238
SimGCL,campus_10,loss1,Top 20,Recall,0.05779,0.05771,-8.000000000000368e-05,-0.13843225471535506
SimGCL,campus_10,loss1,Top 20,NDCG,0.04047,0.04062,0.0001500000000000043,0.37064492216457695
SimGCL,campus_10,loss2,Top 10,Hit Ratio,0.02729,0.02842,0.0011300000000000025,4.140710883107375
SimGCL,campus_10,loss2,Top 10,Precision,0.01821,0.01896,0.0007500000000000007,4.1186161449752925
SimGCL,campus_10,loss2,Top 10,Recall,0.03868,0.03937,0.0006900000000000031,1.7838676318510938
SimGCL,campus_10,loss2,Top 10,NDCG,0.03431,0.03463,0.00032000000000000084,0.9326726901777932
SimGCL,campus_10,loss2,Top 20,Hit Ratio,0.04262,0.04325,0.0006299999999999986,1.4781792585640512
SimGCL,campus_10,loss2,Top 20,Precision,0.01422,0.01443,0.00021000000000000012,1.4767932489451485
SimGCL,campus_10,loss2,Top 20,Recall,0.05779,0.05884,0.0010500000000000023,1.8169233431389553
SimGCL,campus_10,loss2,Top 20,NDCG,0.04047,0.04066,0.00019000000000000267,0.469483568075124
SimGCL,campus_10,loss3,Top 10,Hit Ratio,0.02729,0.02844,0.0011500000000000017,4.213997801392458
SimGCL,campus_10,loss3,Top 10,Precision,0.01821,0.01898,0.0007699999999999999,4.228445908841295
SimGCL,campus_10,loss3,Top 10,Recall,0.03868,0.03906,0.0003799999999999984,0.9824198552223331
SimGCL,campus_10,loss3,Top 10,NDCG,0.03431,0.03511,0.0008000000000000021,2.331681725444483
SimGCL,campus_10,loss3,Top 20,Hit Ratio,0.04262,0.04415,0.0015300000000000036,3.5898639136555692
SimGCL,campus_10,loss3,Top 20,Precision,0.01422,0.01473,0.00051,3.5864978902953584
SimGCL,campus_10,loss3,Top 20,Recall,0.05779,0.05862,0.0008299999999999974,1.436234642671738
SimGCL,campus_10,loss3,Top 20,NDCG,0.04047,0.04131,0.0008400000000000005,2.075611564121573
SimGCL,campus_10,loss4,Top 10,Hit Ratio,0.02729,0.02796,0.0006700000000000005,2.4551117625503864
SimGCL,campus_10,loss4,Top 10,Precision,0.01821,0.01866,0.000449999999999999,2.4711696869851676
SimGCL,campus_10,loss4,Top 10,Recall,0.03868,0.04007,0.0013900000000000023,3.593588417786976
SimGCL,campus_10,loss4,Top 10,NDCG,0.03431,0.03538,0.0010700000000000015,3.118624307781992
SimGCL,campus_10,loss4,Top 20,Hit Ratio,0.04262,0.04307,0.000449999999999999,1.055842327545751
SimGCL,campus_10,loss4,Top 20,Precision,0.01422,0.01437,0.00015000000000000083,1.0548523206751113
SimGCL,campus_10,loss4,Top 20,Recall,0.05779,0.05834,0.0005500000000000019,0.9517217511680254
SimGCL,campus_10,loss4,Top 20,NDCG,0.04047,0.04123,0.0007600000000000037,1.8779342723004788
SimGCL,campus_10,loss5,Top 10,Hit Ratio,0.02729,0.02884,0.0015500000000000028,5.679736167094184
SimGCL,campus_10,loss5,Top 10,Precision,0.01821,0.01924,0.0010299999999999997,5.656232839099394
SimGCL,campus_10,loss5,Top 10,Recall,0.03868,0.04097,0.0022900000000000004,5.920372285418822
SimGCL,campus_10,loss5,Top 10,NDCG,0.03431,0.03613,0.0018200000000000022,5.304575925386191
SimGCL,campus_10,loss5,Top 20,Hit Ratio,0.04262,0.04393,0.0013099999999999987,3.073674331299856
SimGCL,campus_10,loss5,Top 20,Precision,0.01422,0.01465,0.0004299999999999998,3.023909985935301
SimGCL,campus_10,loss5,Top 20,Recall,0.05779,0.05887,0.0010799999999999976,1.8688354386572028
SimGCL,campus_10,loss5,Top 20,NDCG,0.04047,0.04179,0.0013200000000000017,3.2616753150481883
SimGCL,campus_102,loss1,Top 10,Hit Ratio,0.02916,0.03021,0.0010500000000000023,3.6008230452674974
SimGCL,campus_102,loss1,Top 10,Precision,0.02024,0.02097,0.000729999999999998,3.606719367588923
SimGCL,campus_102,loss1,Top 10,Recall,0.03764,0.03845,0.0008099999999999982,2.1519659936238
SimGCL,campus_102,loss1,Top 10,NDCG,0.03468,0.03462,-6.0000000000004494e-05,-0.17301038062285032
SimGCL,campus_102,loss1,Top 20,Hit Ratio,0.0448,0.04665,0.0018499999999999975,4.12946428571428
SimGCL,campus_102,loss1,Top 20,Precision,0.01555,0.01619,0.0006399999999999999,4.115755627009646
SimGCL,campus_102,loss1,Top 20,Recall,0.05688,0.05672,-0.00016000000000000042,-0.2812939521800289
SimGCL,campus_102,loss1,Top 20,NDCG,0.04093,0.04076,-0.00017000000000000348,-0.41534326899585505
SimGCL,campus_102,loss2,Top 10,Hit Ratio,0.02916,0.02889,-0.0002699999999999994,-0.9259259259259239
SimGCL,campus_102,loss2,Top 10,Precision,0.02024,0.02006,-0.0001799999999999996,-0.8893280632411047
SimGCL,campus_102,loss2,Top 10,Recall,0.03764,0.03603,-0.0016100000000000003,-4.277364505844846
SimGCL,campus_102,loss2,Top 10,NDCG,0.03468,0.03384,-0.0008400000000000005,-2.4221453287197243
SimGCL,campus_102,loss2,Top 20,Hit Ratio,0.0448,0.04477,-3.0000000000002247e-05,-0.06696428571429074
SimGCL,campus_102,loss2,Top 20,Precision,0.01555,0.01554,-9.999999999999593e-06,-0.0643086816720231
SimGCL,campus_102,loss2,Top 20,Recall,0.05688,0.05378,-0.0030999999999999986,-5.450070323488043
SimGCL,campus_102,loss2,Top 20,NDCG,0.04093,0.0399,-0.0010300000000000031,-2.5164915709748428
SimGCL,campus_102,loss3,Top 10,Hit Ratio,0.02916,0.02984,0.00068,2.3319615912208507
SimGCL,campus_102,loss3,Top 10,Precision,0.02024,0.02071,0.0004699999999999982,2.32213438735177
SimGCL,campus_102,loss3,Top 10,Recall,0.03764,0.03792,0.00028000000000000247,0.7438894792773711
SimGCL,campus_102,loss3,Top 10,NDCG,0.03468,0.03518,0.0005000000000000004,1.4417531718569794
SimGCL,campus_102,loss3,Top 20,Hit Ratio,0.0448,0.04739,0.002590000000000002,5.781250000000004
SimGCL,campus_102,loss3,Top 20,Precision,0.01555,0.01645,0.0008999999999999998,5.787781350482313
SimGCL,campus_102,loss3,Top 20,Recall,0.05688,0.05869,0.0018099999999999991,3.1821378340365665
SimGCL,campus_102,loss3,Top 20,NDCG,0.04093,0.04216,0.001230000000000002,3.0051307109699534
SimGCL,campus_102,loss4,Top 10,Hit Ratio,0.02916,0.02842,-0.0007399999999999976,-2.5377229080932704
SimGCL,campus_102,loss4,Top 10,Precision,0.02024,0.01973,-0.00051,-2.5197628458498023
SimGCL,campus_102,loss4,Top 10,Recall,0.03764,0.03769,5.000000000000143e-05,0.13283740701381888
SimGCL,campus_102,loss4,Top 10,NDCG,0.03468,0.03337,-0.0013100000000000056,-3.777393310265299
SimGCL,campus_102,loss4,Top 20,Hit Ratio,0.0448,0.04528,0.00048000000000000126,1.0714285714285743
SimGCL,campus_102,loss4,Top 20,Precision,0.01555,0.01571,0.00015999999999999868,1.028938906752403
SimGCL,campus_102,loss4,Top 20,Recall,0.05688,0.05745,0.0005700000000000011,1.002109704641352
SimGCL,campus_102,loss4,Top 20,NDCG,0.04093,0.04022,-0.0007100000000000023,-1.7346689469826588
SimGCL,campus_102,loss5,Top 10,Hit Ratio,0.02916,0.02943,0.0002700000000000029,0.9259259259259358
SimGCL,campus_102,loss5,Top 10,Precision,0.02024,0.02043,0.0001899999999999992,0.9387351778656086
SimGCL,campus_102,loss5,Top 10,Recall,0.03764,0.03721,-0.0004299999999999998,-1.1424017003188094
SimGCL,campus_102,loss5,Top 10,NDCG,0.03468,0.03377,-0.0009100000000000011,-2.623990772779703
SimGCL,campus_102,loss5,Top 20,Hit Ratio,0.0448,0.04524,0.0004400000000000029,0.9821428571428635
SimGCL,campus_102,loss5,Top 20,Precision,0.01555,0.0157,0.0001499999999999991,0.96463022508038
SimGCL,campus_102,loss5,Top 20,Recall,0.05688,0.05603,-0.0008499999999999966,-1.4943741209563934
SimGCL,campus_102,loss5,Top 20,NDCG,0.04093,0.03988,-0.0010500000000000023,-2.565355484974352
SimGCL,campus_143,loss1,Top 10,Hit Ratio,0.03987,0.03731,-0.0025599999999999998,-6.420867820416352
SimGCL,campus_143,loss1,Top 10,Precision,0.0101,0.00945,-0.0006499999999999995,-6.435643564356432
SimGCL,campus_143,loss1,Top 10,Recall,0.04327,0.03808,-0.00519,-11.994453431938986
SimGCL,campus_143,loss1,Top 10,NDCG,0.02891,0.02715,-0.0017600000000000011,-6.087858872362508
SimGCL,campus_143,loss1,Top 20,Hit Ratio,0.06132,0.05802,-0.0032999999999999974,-5.381604696673185
SimGCL,campus_143,loss1,Top 20,Precision,0.00776,0.00735,-0.00041000000000000064,-5.283505154639183
SimGCL,campus_143,loss1,Top 20,Recall,0.06496,0.06069,-0.004270000000000003,-6.57327586206897
SimGCL,campus_143,loss1,Top 20,NDCG,0.03577,0.03413,-0.0016400000000000026,-4.584847637685218
SimGCL,campus_143,loss2,Top 10,Hit Ratio,0.03987,0.0396,-0.0002699999999999994,-0.6772009029345357
SimGCL,campus_143,loss2,Top 10,Precision,0.0101,0.01003,-6.999999999999888e-05,-0.693069306930682
SimGCL,campus_143,loss2,Top 10,Recall,0.04327,0.04251,-0.0007600000000000037,-1.7564132193205537
SimGCL,campus_143,loss2,Top 10,NDCG,0.02891,0.0285,-0.00041000000000000064,-1.418194396402631
SimGCL,campus_143,loss2,Top 20,Hit Ratio,0.06132,0.06022,-0.0010999999999999968,-1.7938682322243913
SimGCL,campus_143,loss2,Top 20,Precision,0.00776,0.00762,-0.00014000000000000037,-1.8041237113402109
SimGCL,campus_143,loss2,Top 20,Recall,0.06496,0.06288,-0.0020799999999999985,-3.2019704433497513
SimGCL,campus_143,loss2,Top 20,NDCG,0.03577,0.03494,-0.0008300000000000043,-2.3203802068772834
SimGCL,campus_143,loss3,Top 10,Hit Ratio,0.03987,0.04097,0.0010999999999999968,2.7589666415851437
SimGCL,campus_143,loss3,Top 10,Precision,0.0101,0.01037,0.00027000000000000114,2.6732673267326845
SimGCL,campus_143,loss3,Top 10,Recall,0.04327,0.04357,0.0002999999999999947,0.6933210076265188
SimGCL,campus_143,loss3,Top 10,NDCG,0.02891,0.0306,0.001689999999999997,5.845728121757167
SimGCL,campus_143,loss3,Top 20,Hit Ratio,0.06132,0.0626,0.0012800000000000034,2.087410306588394
SimGCL,campus_143,loss3,Top 20,Precision,0.00776,0.00793,0.00016999999999999914,2.1907216494845247
SimGCL,campus_143,loss3,Top 20,Recall,0.06496,0.0646,-0.0003599999999999992,-0.5541871921182253
SimGCL,campus_143,loss3,Top 20,NDCG,0.03577,0.03729,0.0015199999999999936,4.249370981269202
SimGCL,campus_143,loss4,Top 10,Hit Ratio,0.03987,0.03795,-0.001920000000000005,-4.815650865312278
SimGCL,campus_143,loss4,Top 10,Precision,0.0101,0.00961,-0.0004899999999999991,-4.8514851485148425
SimGCL,campus_143,loss4,Top 10,Recall,0.04327,0.03869,-0.004580000000000001,-10.58470071643171
SimGCL,campus_143,loss4,Top 10,NDCG,0.02891,0.02576,-0.00315,-10.895883777239709
SimGCL,campus_143,loss4,Top 20,Hit Ratio,0.06132,0.06022,-0.0010999999999999968,-1.7938682322243913
SimGCL,campus_143,loss4,Top 20,Precision,0.00776,0.00762,-0.00014000000000000037,-1.8041237113402109
SimGCL,campus_143,loss4,Top 20,Recall,0.06496,0.06132,-0.0036400000000000043,-5.603448275862076
SimGCL,campus_143,loss4,Top 20,NDCG,0.03577,0.03289,-0.0028800000000000006,-8.051439753983786
SimGCL,campus_143,loss5,Top 10,Hit Ratio,0.03987,0.03611,-0.0037599999999999995,-9.430649611236516
SimGCL,campus_143,loss5,Top 10,Precision,0.0101,0.00914,-0.000959999999999999,-9.504950495049496
SimGCL,campus_143,loss5,Top 10,Recall,0.04327,0.03895,-0.004320000000000004,-9.983822509822057
SimGCL,campus_143,loss5,Top 10,NDCG,0.02891,0.02735,-0.0015600000000000024,-5.396056727775863
SimGCL,campus_143,loss5,Top 20,Hit Ratio,0.06132,0.05802,-0.0032999999999999974,-5.381604696673185
SimGCL,campus_143,loss5,Top 20,Precision,0.00776,0.00735,-0.00041000000000000064,-5.283505154639183
SimGCL,campus_143,loss5,Top 20,Recall,0.06496,0.05904,-0.005920000000000002,-9.113300492610838
SimGCL,campus_143,loss5,Top 20,NDCG,0.03577,0.03393,-0.0018400000000000014,-5.143975398378533
SimGCL,campus_15,loss1,Top 10,Hit Ratio,0.01914,0.01925,0.00010999999999999899,0.5747126436781557
SimGCL,campus_15,loss1,Top 10,Precision,0.01831,0.01842,0.00010999999999999899,0.6007646095029984
SimGCL,campus_15,loss1,Top 10,Recall,0.03058,0.03237,0.0017900000000000034,5.853499018966656
SimGCL,campus_15,loss1,Top 10,NDCG,0.03021,0.03126,0.0010500000000000023,3.475670307845092
SimGCL,campus_15,loss1,Top 20,Hit Ratio,0.03054,0.03026,-0.00028000000000000247,-0.916830386378528
SimGCL,campus_15,loss1,Top 20,Precision,0.01461,0.01448,-0.0001299999999999999,-0.8898015058179323
SimGCL,campus_15,loss1,Top 20,Recall,0.04864,0.04903,0.0003899999999999945,0.8018092105263044
SimGCL,campus_15,loss1,Top 20,NDCG,0.03465,0.03535,0.0006999999999999992,2.020202020202018
SimGCL,campus_15,loss2,Top 10,Hit Ratio,0.01914,0.01962,0.0004799999999999978,2.5078369905956
SimGCL,campus_15,loss2,Top 10,Precision,0.01831,0.01877,0.0004599999999999986,2.5122883670125535
SimGCL,campus_15,loss2,Top 10,Recall,0.03058,0.03211,0.0015300000000000001,5.003270111183781
SimGCL,campus_15,loss2,Top 10,NDCG,0.03021,0.03182,0.0016100000000000003,5.329361138695797
SimGCL,campus_15,loss2,Top 20,Hit Ratio,0.03054,0.0306,5.9999999999997555e-05,0.19646365422396056
SimGCL,campus_15,loss2,Top 20,Precision,0.01461,0.01464,3.0000000000000512e-05,0.2053388090349111
SimGCL,campus_15,loss2,Top 20,Recall,0.04864,0.04807,-0.0005700000000000011,-1.171875000000002
SimGCL,campus_15,loss2,Top 20,NDCG,0.03465,0.03561,0.0009600000000000025,2.770562770562778
SimGCL,campus_15,loss3,Top 10,Hit Ratio,0.01914,0.01952,0.0003799999999999984,1.9853709508881836
SimGCL,campus_15,loss3,Top 10,Precision,0.01831,0.01868,0.0003699999999999988,2.0207536865100972
SimGCL,campus_15,loss3,Top 10,Recall,0.03058,0.03492,0.00434,14.19228253760628
SimGCL,campus_15,loss3,Top 10,NDCG,0.03021,0.03334,0.003130000000000001,10.360807679576302
SimGCL,campus_15,loss3,Top 20,Hit Ratio,0.03054,0.03008,-0.0004600000000000021,-1.5062213490504324
SimGCL,campus_15,loss3,Top 20,Precision,0.01461,0.01439,-0.0002199999999999997,-1.5058179329226538
SimGCL,campus_15,loss3,Top 20,Recall,0.04864,0.05087,0.002229999999999996,4.584703947368412
SimGCL,campus_15,loss3,Top 20,NDCG,0.03465,0.03707,0.0024199999999999985,6.98412698412698
SimGCL,campus_15,loss4,Top 10,Hit Ratio,0.01914,0.0198,0.0006600000000000009,3.4482758620689697
SimGCL,campus_15,loss4,Top 10,Precision,0.01831,0.01895,0.0006400000000000017,3.495357728017486
SimGCL,campus_15,loss4,Top 10,Recall,0.03058,0.03374,0.0031599999999999996,10.333551340745583
SimGCL,campus_15,loss4,Top 10,NDCG,0.03021,0.03277,0.0025599999999999998,8.47401522674611
SimGCL,campus_15,loss4,Top 20,Hit Ratio,0.03054,0.03015,-0.00039000000000000146,-1.2770137524558003
SimGCL,campus_15,loss4,Top 20,Precision,0.01461,0.01442,-0.0001899999999999992,-1.3004791238877427
SimGCL,campus_15,loss4,Top 20,Recall,0.04864,0.04856,-8.000000000000368e-05,-0.16447368421053388
SimGCL,campus_15,loss4,Top 20,NDCG,0.03465,0.03604,0.0013900000000000023,4.011544011544018
SimGCL,campus_15,loss5,Top 10,Hit Ratio,0.01914,0.01861,-0.0005299999999999992,-2.7690700104493167
SimGCL,campus_15,loss5,Top 10,Precision,0.01831,0.0178,-0.00051,-2.785363189513927
SimGCL,campus_15,loss5,Top 10,Recall,0.03058,0.03238,0.0017999999999999995,5.886200130804446
SimGCL,campus_15,loss5,Top 10,NDCG,0.03021,0.03093,0.0007199999999999984,2.3833167825223383
SimGCL,campus_15,loss5,Top 20,Hit Ratio,0.03054,0.02933,-0.0012100000000000027,-3.962017026850041
SimGCL,campus_15,loss5,Top 20,Precision,0.01461,0.01403,-0.0005799999999999989,-3.9698836413415393
SimGCL,campus_15,loss5,Top 20,Recall,0.04864,0.04895,0.0003099999999999978,0.6373355263157848
SimGCL,campus_15,loss5,Top 20,NDCG,0.03465,0.03515,0.0005000000000000004,1.4430014430014442
SimGCL,campus_34,loss1,Top 10,Hit Ratio,0.03925,0.03879,-0.0004600000000000021,-1.171974522292999
SimGCL,campus_34,loss1,Top 10,Precision,0.01431,0.01414,-0.00017,-1.1879804332634523
SimGCL,campus_34,loss1,Top 10,Recall,0.04399,0.04169,-0.0023000000000000034,-5.228461013866795
SimGCL,campus_34,loss1,Top 10,NDCG,0.03485,0.03397,-0.0008799999999999988,-2.5251076040172133
SimGCL,campus_34,loss1,Top 20,Hit Ratio,0.05621,0.05557,-0.0006400000000000017,-1.138587439957306
SimGCL,campus_34,loss1,Top 20,Precision,0.01024,0.01013,-0.00011000000000000072,-1.0742187500000069
SimGCL,campus_34,loss1,Top 20,Recall,0.06202,0.05873,-0.0032900000000000013,-5.304740406320544
SimGCL,campus_34,loss1,Top 20,NDCG,0.04104,0.03985,-0.0011900000000000036,-2.8996101364522504
SimGCL,campus_34,loss2,Top 10,Hit Ratio,0.03925,0.0385,-0.0007500000000000007,-1.9108280254777086
SimGCL,campus_34,loss2,Top 10,Precision,0.01431,0.01403,-0.000279999999999999,-1.9566736547868553
SimGCL,campus_34,loss2,Top 10,Recall,0.04399,0.04139,-0.002599999999999998,-5.910434189588538
SimGCL,campus_34,loss2,Top 10,NDCG,0.03485,0.03395,-0.000899999999999998,-2.582496413199421
SimGCL,campus_34,loss2,Top 20,Hit Ratio,0.05621,0.0558,-0.00041000000000000064,-0.7294075787226484
SimGCL,campus_34,loss2,Top 20,Precision,0.01024,0.01017,-7.000000000000062e-05,-0.683593750000006
SimGCL,campus_34,loss2,Top 20,Recall,0.06202,0.06038,-0.0016399999999999956,-2.644308287649139
SimGCL,campus_34,loss2,Top 20,NDCG,0.04104,0.04036,-0.00068,-1.6569200779727098
SimGCL,campus_34,loss3,Top 10,Hit Ratio,0.03925,0.0367,-0.0025499999999999967,-6.496815286624195
SimGCL,campus_34,loss3,Top 10,Precision,0.01431,0.01338,-0.0009300000000000003,-6.498951781970652
SimGCL,campus_34,loss3,Top 10,Recall,0.04399,0.04102,-0.0029700000000000004,-6.751534439645375
SimGCL,campus_34,loss3,Top 10,NDCG,0.03485,0.03316,-0.001689999999999997,-4.8493543758966915
SimGCL,campus_34,loss3,Top 20,Hit Ratio,0.05621,0.05592,-0.00029000000000000553,-0.5159224337306627
SimGCL,campus_34,loss3,Top 20,Precision,0.01024,0.01019,-5.000000000000143e-05,-0.488281250000014
SimGCL,campus_34,loss3,Top 20,Recall,0.06202,0.0609,-0.001119999999999996,-1.8058690744920929
SimGCL,campus_34,loss3,Top 20,NDCG,0.04104,0.04,-0.0010399999999999993,-2.534113060428848
SimGCL,campus_34,loss4,Top 10,Hit Ratio,0.03925,0.03641,-0.0028400000000000022,-7.235668789808923
SimGCL,campus_34,loss4,Top 10,Precision,0.01431,0.01327,-0.0010399999999999993,-7.267645003494056
SimGCL,campus_34,loss4,Top 10,Recall,0.04399,0.04289,-0.0011000000000000038,-2.5005683109797765
SimGCL,campus_34,loss4,Top 10,NDCG,0.03485,0.03367,-0.0011800000000000005,-3.3859397417503603
SimGCL,campus_34,loss4,Top 20,Hit Ratio,0.05621,0.05424,-0.0019700000000000065,-3.5047144636185843
SimGCL,campus_34,loss4,Top 20,Precision,0.01024,0.00988,-0.00036000000000000094,-3.515625000000009
SimGCL,campus_34,loss4,Top 20,Recall,0.06202,0.0607,-0.0013200000000000017,-2.12834569493712
SimGCL,campus_34,loss4,Top 20,NDCG,0.04104,0.03983,-0.0012100000000000027,-2.9483430799220343
SimGCL,campus_34,loss5,Top 10,Hit Ratio,0.03925,0.03908,-0.00017000000000000348,-0.4331210191082891
SimGCL,campus_34,loss5,Top 10,Precision,0.01431,0.01424,-7.000000000000062e-05,-0.48916841369671993
SimGCL,campus_34,loss5,Top 10,Recall,0.04399,0.04399,0.0,0.0
SimGCL,campus_34,loss5,Top 10,NDCG,0.03485,0.0358,0.0009499999999999995,2.7259684361549485
SimGCL,campus_34,loss5,Top 20,Hit Ratio,0.05621,0.05598,-0.00023000000000000104,-0.4091798612346576
SimGCL,campus_34,loss5,Top 20,Precision,0.01024,0.0102,-4.0000000000000105e-05,-0.39062500000000094
SimGCL,campus_34,loss5,Top 20,Recall,0.06202,0.06328,0.0012600000000000042,2.031602708803619
SimGCL,campus_34,loss5,Top 20,NDCG,0.04104,0.04223,0.0011899999999999966,2.8996101364522335
XSimGCL,campus_10,loss1,Top 10,Hit Ratio,0.03628,0.03613,-0.00014999999999999736,-0.4134509371554503
XSimGCL,campus_10,loss1,Top 10,Precision,0.02421,0.02411,-9.99999999999994e-05,-0.4130524576621207
XSimGCL,campus_10,loss1,Top 10,Recall,0.04889,0.04897,7.999999999999674e-05,0.1636326447126135
XSimGCL,campus_10,loss1,Top 10,NDCG,0.04289,0.04196,-0.0009300000000000003,-2.1683376078339944
XSimGCL,campus_10,loss1,Top 20,Hit Ratio,0.05753,0.05691,-0.0006199999999999956,-1.0776985920389286
XSimGCL,campus_10,loss1,Top 20,Precision,0.01919,0.01899,-0.0001999999999999988,-1.0422094841062992
XSimGCL,campus_10,loss1,Top 20,Recall,0.07427,0.07339,-0.0008800000000000058,-1.1848660293523707
XSimGCL,campus_10,loss1,Top 20,NDCG,0.05101,0.04987,-0.0011400000000000021,-2.2348559106057677
XSimGCL,campus_10,loss2,Top 10,Hit Ratio,0.03628,0.03546,-0.0008200000000000013,-2.260198456449838
XSimGCL,campus_10,loss2,Top 10,Precision,0.02421,0.02366,-0.0005499999999999984,-2.2717885171416703
XSimGCL,campus_10,loss2,Top 10,Recall,0.04889,0.04808,-0.0008100000000000052,-1.6567805277152896
XSimGCL,campus_10,loss2,Top 10,NDCG,0.04289,0.04198,-0.0009099999999999941,-2.1217066915364753
XSimGCL,campus_10,loss2,Top 20,Hit Ratio,0.05753,0.05595,-0.001579999999999998,-2.746393186163737
XSimGCL,campus_10,loss2,Top 20,Precision,0.01919,0.01867,-0.0005199999999999996,-2.7097446586763922
XSimGCL,campus_10,loss2,Top 20,Recall,0.07427,0.07316,-0.0011099999999999999,-1.4945469233876396
XSimGCL,campus_10,loss2,Top 20,NDCG,0.05101,0.05004,-0.0009699999999999986,-1.9015879239364806
XSimGCL,campus_10,loss3,Top 10,Hit Ratio,0.03628,0.03558,-0.0006999999999999992,-1.9294377067254664
XSimGCL,campus_10,loss3,Top 10,Precision,0.02421,0.02374,-0.0004699999999999982,-1.9413465510119712
XSimGCL,campus_10,loss3,Top 10,Recall,0.04889,0.04875,-0.00014000000000000123,-0.2863571282470878
XSimGCL,campus_10,loss3,Top 10,NDCG,0.04289,0.04255,-0.00034,-0.7927255770575893
XSimGCL,campus_10,loss3,Top 20,Hit Ratio,0.05753,0.05761,8.000000000000368e-05,0.1390578828437401
XSimGCL,campus_10,loss3,Top 20,Precision,0.01919,0.01922,3.0000000000002247e-05,0.15633142261595753
XSimGCL,campus_10,loss3,Top 20,Recall,0.07427,0.07749,0.0032200000000000006,4.335532516493874
XSimGCL,campus_10,loss3,Top 20,NDCG,0.05101,0.05172,0.0007100000000000023,1.3918839443246467
XSimGCL,campus_10,loss4,Top 10,Hit Ratio,0.03628,0.03591,-0.00037000000000000227,-1.019845644983468
XSimGCL,campus_10,loss4,Top 10,Precision,0.02421,0.02396,-0.0002500000000000002,-1.0326311441553087
XSimGCL,campus_10,loss4,Top 10,Recall,0.04889,0.04898,8.99999999999998e-05,0.18408672530169728
XSimGCL,campus_10,loss4,Top 10,NDCG,0.04289,0.04266,-0.00023000000000000104,-0.5362555374213128
XSimGCL,campus_10,loss4,Top 20,Hit Ratio,0.05753,0.05733,-0.0001999999999999988,-0.3476447071093322
XSimGCL,campus_10,loss4,Top 20,Precision,0.01919,0.01913,-5.9999999999997555e-05,-0.31266284523187887
XSimGCL,campus_10,loss4,Top 20,Recall,0.07427,0.07455,0.00028000000000000247,0.3770028275212097
XSimGCL,campus_10,loss4,Top 20,NDCG,0.05101,0.05088,-0.00012999999999999817,-0.25485198980591683
XSimGCL,campus_10,loss5,Top 10,Hit Ratio,0.03628,0.03678,0.0005000000000000004,1.378169790518193
XSimGCL,campus_10,loss5,Top 10,Precision,0.02421,0.02454,0.00033000000000000043,1.363073110285008
XSimGCL,campus_10,loss5,Top 10,Recall,0.04889,0.05257,0.0036799999999999958,7.527101656780519
XSimGCL,campus_10,loss5,Top 10,NDCG,0.04289,0.04428,0.0013900000000000023,3.2408486826766203
XSimGCL,campus_10,loss5,Top 20,Hit Ratio,0.05753,0.05828,0.0007500000000000007,1.3036676516600045
XSimGCL,campus_10,loss5,Top 20,Precision,0.01919,0.01944,0.0002500000000000002,1.302761855132883
XSimGCL,campus_10,loss5,Top 20,Recall,0.07427,0.07751,0.003239999999999993,4.362461289888236
XSimGCL,campus_10,loss5,Top 20,NDCG,0.05101,0.05237,0.00136,2.6661438933542443
XSimGCL,campus_102,loss1,Top 10,Hit Ratio,0.048,0.04877,0.0007699999999999999,1.6041666666666663
XSimGCL,campus_102,loss1,Top 10,Precision,0.03332,0.03385,0.0005299999999999958,1.5906362545017878
XSimGCL,campus_102,loss1,Top 10,Recall,0.06076,0.06089,0.00012999999999999817,0.2139565503620773
XSimGCL,campus_102,loss1,Top 10,NDCG,0.05801,0.058,-9.999999999996123e-06,-0.0172384071711707
XSimGCL,campus_102,loss1,Top 20,Hit Ratio,0.07562,0.07363,-0.0019900000000000057,-2.6315789473684283
XSimGCL,campus_102,loss1,Top 20,Precision,0.02624,0.02555,-0.0006899999999999996,-2.629573170731706
XSimGCL,campus_102,loss1,Top 20,Recall,0.09173,0.08866,-0.0030700000000000033,-3.346778589338278
XSimGCL,campus_102,loss1,Top 20,NDCG,0.06844,0.06688,-0.0015600000000000058,-2.279368790181189
XSimGCL,campus_102,loss2,Top 10,Hit Ratio,0.048,0.04887,0.0008699999999999958,1.8124999999999911
XSimGCL,campus_102,loss2,Top 10,Precision,0.03332,0.03392,0.0005999999999999964,1.8007202881152353
XSimGCL,campus_102,loss2,Top 10,Recall,0.06076,0.06358,0.002819999999999996,4.6412113232389665
XSimGCL,campus_102,loss2,Top 10,NDCG,0.05801,0.05945,0.0014400000000000038,2.48233063264955
XSimGCL,campus_102,loss2,Top 20,Hit Ratio,0.07562,0.07387,-0.0017500000000000016,-2.3142025919069047
XSimGCL,campus_102,loss2,Top 20,Precision,0.02624,0.02564,-0.0005999999999999998,-2.286585365853658
XSimGCL,campus_102,loss2,Top 20,Recall,0.09173,0.09073,-0.0010000000000000009,-1.0901558922925987
XSimGCL,campus_102,loss2,Top 20,NDCG,0.06844,0.06826,-0.0001799999999999996,-0.263004091174751
XSimGCL,campus_102,loss3,Top 10,Hit Ratio,0.048,0.04941,0.0014100000000000015,2.937500000000003
XSimGCL,campus_102,loss3,Top 10,Precision,0.03332,0.0343,0.0009799999999999948,2.9411764705882195
XSimGCL,campus_102,loss3,Top 10,Recall,0.06076,0.06352,0.0027599999999999916,4.542462146148768
XSimGCL,campus_102,loss3,Top 10,NDCG,0.05801,0.06082,0.00281,4.843992415100844
XSimGCL,campus_102,loss3,Top 20,Hit Ratio,0.07562,0.07454,-0.0010800000000000115,-1.4281935995768467
XSimGCL,campus_102,loss3,Top 20,Precision,0.02624,0.02587,-0.0003699999999999988,-1.4100609756097515
XSimGCL,campus_102,loss3,Top 20,Recall,0.09173,0.09094,-0.0007900000000000129,-0.8612231549111664
XSimGCL,campus_102,loss3,Top 20,NDCG,0.06844,0.06963,0.0011899999999999966,1.738749269433075
XSimGCL,campus_102,loss4,Top 10,Hit Ratio,0.048,0.04817,0.00016999999999999654,0.35416666666665947
XSimGCL,campus_102,loss4,Top 10,Precision,0.03332,0.03343,0.00010999999999999899,0.3301320528211254
XSimGCL,campus_102,loss4,Top 10,Recall,0.06076,0.06109,0.00032999999999999696,0.543120473996045
XSimGCL,campus_102,loss4,Top 10,NDCG,0.05801,0.05827,0.0002600000000000033,0.44819858645061766
XSimGCL,campus_102,loss4,Top 20,Hit Ratio,0.07562,0.07276,-0.0028600000000000014,-3.7820682359164257
XSimGCL,campus_102,loss4,Top 20,Precision,0.02624,0.02525,-0.0009899999999999978,-3.7728658536585282
XSimGCL,campus_102,loss4,Top 20,Recall,0.09173,0.08912,-0.002610000000000001,-2.8453068788836813
XSimGCL,campus_102,loss4,Top 20,NDCG,0.06844,0.06716,-0.0012800000000000034,-1.8702513150204607
XSimGCL,campus_102,loss5,Top 10,Hit Ratio,0.048,0.04948,0.0014800000000000021,3.0833333333333375
XSimGCL,campus_102,loss5,Top 10,Precision,0.03332,0.03435,0.0010299999999999962,3.0912364945978275
XSimGCL,campus_102,loss5,Top 10,Recall,0.06076,0.0625,0.0017399999999999985,2.8637261356155337
XSimGCL,campus_102,loss5,Top 10,NDCG,0.05801,0.06003,0.002020000000000001,3.482158248577833
XSimGCL,campus_102,loss5,Top 20,Hit Ratio,0.07562,0.07511,-0.0005100000000000104,-0.6744247553557398
XSimGCL,campus_102,loss5,Top 20,Precision,0.02624,0.02607,-0.00017,-0.6478658536585367
XSimGCL,campus_102,loss5,Top 20,Recall,0.09173,0.09139,-0.00034000000000000696,-0.3706530033794908
XSimGCL,campus_102,loss5,Top 20,NDCG,0.06844,0.06931,0.0008699999999999958,1.27118644067796
XSimGCL,campus_143,loss1,Top 10,Hit Ratio,0.08103,0.08002,-0.0010100000000000109,-1.2464519313834517
XSimGCL,campus_143,loss1,Top 10,Precision,0.02052,0.02026,-0.0002599999999999998,-1.267056530214424
XSimGCL,campus_143,loss1,Top 10,Recall,0.08998,0.08573,-0.004250000000000004,-4.7232718381862675
XSimGCL,campus_143,loss1,Top 10,NDCG,0.05865,0.05829,-0.0003599999999999992,-0.6138107416879782
XSimGCL,campus_143,loss1,Top 20,Hit Ratio,0.12374,0.11677,-0.006970000000000004,-5.632778406335868
XSimGCL,campus_143,loss1,Top 20,Precision,0.01566,0.01478,-0.0008800000000000006,-5.619412515964243
XSimGCL,campus_143,loss1,Top 20,Recall,0.13206,0.12246,-0.009600000000000011,-7.269422989550213
XSimGCL,campus_143,loss1,Top 20,NDCG,0.07204,0.06996,-0.0020800000000000124,-2.8872848417545978
XSimGCL,campus_143,loss2,Top 10,Hit Ratio,0.08103,0.07837,-0.0026600000000000096,-3.2827347895841164
XSimGCL,campus_143,loss2,Top 10,Precision,0.02052,0.01984,-0.00068,-3.3138401559454196
XSimGCL,campus_143,loss2,Top 10,Recall,0.08998,0.08412,-0.005860000000000004,-6.512558346299182
XSimGCL,campus_143,loss2,Top 10,NDCG,0.05865,0.05752,-0.001129999999999999,-1.9266837169650453
XSimGCL,campus_143,loss2,Top 20,Hit Ratio,0.12374,0.11723,-0.006510000000000002,-5.261031194439956
XSimGCL,campus_143,loss2,Top 20,Precision,0.01566,0.01484,-0.0008199999999999995,-5.236270753512129
XSimGCL,campus_143,loss2,Top 20,Recall,0.13206,0.12256,-0.009500000000000008,-7.193699833409061
XSimGCL,campus_143,loss2,Top 20,NDCG,0.07204,0.06978,-0.002260000000000012,-3.1371460299833593
XSimGCL,campus_143,loss3,Top 10,Hit Ratio,0.08103,0.08112,8.999999999999286e-05,0.1110699740836639
XSimGCL,campus_143,loss3,Top 10,Precision,0.02052,0.02054,1.9999999999999185e-05,0.09746588693956718
XSimGCL,campus_143,loss3,Top 10,Recall,0.08998,0.08661,-0.003369999999999998,-3.7452767281618113
XSimGCL,campus_143,loss3,Top 10,NDCG,0.05865,0.05856,-8.99999999999998e-05,-0.15345268542199456
XSimGCL,campus_143,loss3,Top 20,Hit Ratio,0.12374,0.122,-0.0017400000000000054,-1.4061742363019278
XSimGCL,campus_143,loss3,Top 20,Precision,0.01566,0.01544,-0.0002199999999999997,-1.4048531289910582
XSimGCL,campus_143,loss3,Top 20,Recall,0.13206,0.12975,-0.0023100000000000065,-1.7492049068605229
XSimGCL,campus_143,loss3,Top 20,NDCG,0.07204,0.07202,-2.0000000000006124e-05,-0.027762354247648696
XSimGCL,campus_143,loss4,Top 10,Hit Ratio,0.08103,0.07974,-0.0012899999999999995,-1.5920029618659748
XSimGCL,campus_143,loss4,Top 10,Precision,0.02052,0.02019,-0.00033000000000000043,-1.608187134502926
XSimGCL,campus_143,loss4,Top 10,Recall,0.08998,0.08618,-0.003799999999999998,-4.223160702378303
XSimGCL,campus_143,loss4,Top 10,NDCG,0.05865,0.05748,-0.0011699999999999974,-1.9948849104859292
XSimGCL,campus_143,loss4,Top 20,Hit Ratio,0.12374,0.11861,-0.0051300000000000096,-4.14578955875223
XSimGCL,campus_143,loss4,Top 20,Precision,0.01566,0.01502,-0.0006399999999999999,-4.08684546615581
XSimGCL,campus_143,loss4,Top 20,Recall,0.13206,0.12359,-0.008470000000000005,-6.413751325155236
XSimGCL,campus_143,loss4,Top 20,NDCG,0.07204,0.06944,-0.002600000000000005,-3.6091060521932325
XSimGCL,campus_143,loss5,Top 10,Hit Ratio,0.08103,0.07947,-0.0015600000000000058,-1.9252128841170009
XSimGCL,campus_143,loss5,Top 10,Precision,0.02052,0.02012,-0.00040000000000000105,-1.949317738791428
XSimGCL,campus_143,loss5,Top 10,Recall,0.08998,0.08662,-0.003360000000000002,-3.7341631473660835
XSimGCL,campus_143,loss5,Top 10,NDCG,0.05865,0.0576,-0.0010500000000000023,-1.7902813299232778
XSimGCL,campus_143,loss5,Top 20,Hit Ratio,0.12374,0.12273,-0.001009999999999997,-0.8162275739453668
XSimGCL,campus_143,loss5,Top 20,Precision,0.01566,0.01554,-0.00012000000000000031,-0.7662835249042165
XSimGCL,campus_143,loss5,Top 20,Recall,0.13206,0.12907,-0.0029900000000000204,-2.2641223686203396
XSimGCL,campus_143,loss5,Top 20,NDCG,0.07204,0.07115,-0.0008900000000000019,-1.2354247640199914
XSimGCL,campus_15,loss1,Top 10,Hit Ratio,0.02617,0.02579,-0.0003799999999999984,-1.4520443255636164
XSimGCL,campus_15,loss1,Top 10,Precision,0.02504,0.02468,-0.0003599999999999992,-1.437699680511179
XSimGCL,campus_15,loss1,Top 10,Recall,0.04099,0.04011,-0.0008799999999999988,-2.146865089046106
XSimGCL,campus_15,loss1,Top 10,NDCG,0.0413,0.04059,-0.0007100000000000023,-1.719128329297826
XSimGCL,campus_15,loss1,Top 20,Hit Ratio,0.04253,0.04182,-0.0007099999999999954,-1.6694098283564434
XSimGCL,campus_15,loss1,Top 20,Precision,0.02034,0.02,-0.00034,-1.6715830875122912
XSimGCL,campus_15,loss1,Top 20,Recall,0.06332,0.06153,-0.00179,-2.8269109286165506
XSimGCL,campus_15,loss1,Top 20,NDCG,0.04659,0.04568,-0.0009100000000000011,-1.95320884309938
XSimGCL,campus_15,loss2,Top 10,Hit Ratio,0.02617,0.02609,-8.000000000000021e-05,-0.30569354222392137
XSimGCL,campus_15,loss2,Top 10,Precision,0.02504,0.02496,-8.000000000000021e-05,-0.3194888178913747
XSimGCL,campus_15,loss2,Top 10,Recall,0.04099,0.04028,-0.0007099999999999954,-1.7321297877530992
XSimGCL,campus_15,loss2,Top 10,NDCG,0.0413,0.04086,-0.0004400000000000029,-1.0653753026634452
XSimGCL,campus_15,loss2,Top 20,Hit Ratio,0.04253,0.04247,-5.9999999999997555e-05,-0.1410768869033566
XSimGCL,campus_15,loss2,Top 20,Precision,0.02034,0.02031,-2.9999999999998778e-05,-0.14749262536872557
XSimGCL,campus_15,loss2,Top 20,Recall,0.06332,0.06245,-0.0008700000000000027,-1.3739734680985514
XSimGCL,campus_15,loss2,Top 20,NDCG,0.04659,0.04627,-0.00032000000000000084,-0.6868426701008818
XSimGCL,campus_15,loss3,Top 10,Hit Ratio,0.02617,0.02589,-0.000279999999999999,-1.069927397783718
XSimGCL,campus_15,loss3,Top 10,Precision,0.02504,0.02477,-0.0002699999999999994,-1.0782747603833842
XSimGCL,campus_15,loss3,Top 10,Recall,0.04099,0.0397,-0.0012899999999999995,-3.1471090509880444
XSimGCL,campus_15,loss3,Top 10,NDCG,0.0413,0.04053,-0.0007700000000000068,-1.8644067796610333
XSimGCL,campus_15,loss3,Top 20,Hit Ratio,0.04253,0.04231,-0.00021999999999999797,-0.5172819186456571
XSimGCL,campus_15,loss3,Top 20,Precision,0.02034,0.02024,-9.99999999999994e-05,-0.4916420845624356
XSimGCL,campus_15,loss3,Top 20,Recall,0.06332,0.06417,0.0008500000000000035,1.34238787113077
XSimGCL,campus_15,loss3,Top 20,NDCG,0.04659,0.04648,-0.00010999999999999899,-0.23610216784717533
XSimGCL,campus_15,loss4,Top 10,Hit Ratio,0.02617,0.02617,0.0,0.0
XSimGCL,campus_15,loss4,Top 10,Precision,0.02504,0.02504,0.0,0.0
XSimGCL,campus_15,loss4,Top 10,Recall,0.04099,0.04089,-9.999999999999593e-05,-0.2439619419370479
XSimGCL,campus_15,loss4,Top 10,NDCG,0.0413,0.0413,0.0,0.0
XSimGCL,campus_15,loss4,Top 20,Hit Ratio,0.04253,0.04185,-0.00068,-1.5988713849047733
XSimGCL,campus_15,loss4,Top 20,Precision,0.02034,0.02002,-0.00032000000000000084,-1.5732546705998076
XSimGCL,campus_15,loss4,Top 20,Recall,0.06332,0.06117,-0.002149999999999999,-3.3954516740366376
XSimGCL,campus_15,loss4,Top 20,NDCG,0.04659,0.04594,-0.0006499999999999978,-1.3951491736424078
XSimGCL,campus_15,loss5,Top 10,Hit Ratio,0.02617,0.0264,0.00023000000000000104,0.8788689338937755
XSimGCL,campus_15,loss5,Top 10,Precision,0.02504,0.02526,0.00022000000000000144,0.8785942492012838
XSimGCL,campus_15,loss5,Top 10,Recall,0.04099,0.04174,0.0007500000000000007,1.8297145645279351
XSimGCL,campus_15,loss5,Top 10,NDCG,0.0413,0.04111,-0.00019000000000000267,-0.4600484261501275
XSimGCL,campus_15,loss5,Top 20,Hit Ratio,0.04253,0.04212,-0.00041000000000000064,-0.9640253938396441
XSimGCL,campus_15,loss5,Top 20,Precision,0.02034,0.02015,-0.0001899999999999992,-0.9341199606686292
XSimGCL,campus_15,loss5,Top 20,Recall,0.06332,0.06285,-0.0004699999999999982,-0.7422615287428904
XSimGCL,campus_15,loss5,Top 20,NDCG,0.04659,0.04603,-0.000559999999999998,-1.2019746726765357
XSimGCL,campus_34,loss1,Top 10,Hit Ratio,0.07334,0.07328,-6.0000000000004494e-05,-0.08181074447778088
XSimGCL,campus_34,loss1,Top 10,Precision,0.02673,0.02671,-1.9999999999999185e-05,-0.07482229704451622
XSimGCL,campus_34,loss1,Top 10,Recall,0.08639,0.08344,-0.0029499999999999943,-3.4147470772080037
XSimGCL,campus_34,loss1,Top 10,NDCG,0.06389,0.06305,-0.0008400000000000074,-1.3147597433088236
XSimGCL,campus_34,loss1,Top 20,Hit Ratio,0.10812,0.10586,-0.002259999999999998,-2.090270070292266
XSimGCL,campus_34,loss1,Top 20,Precision,0.0197,0.01929,-0.00040999999999999717,-2.0812182741116607
XSimGCL,campus_34,loss1,Top 20,Recall,0.12362,0.11667,-0.006949999999999998,-5.622067626597636
XSimGCL,campus_34,loss1,Top 20,NDCG,0.0766,0.07456,-0.00204,-2.6631853785900788
XSimGCL,campus_34,loss2,Top 10,Hit Ratio,0.07334,0.07212,-0.0012199999999999989,-1.6634851377147517
XSimGCL,campus_34,loss2,Top 10,Precision,0.02673,0.02629,-0.0004399999999999994,-1.6460905349794215
XSimGCL,campus_34,loss2,Top 10,Recall,0.08639,0.08296,-0.0034299999999999886,-3.9703669406181143
XSimGCL,campus_34,loss2,Top 10,NDCG,0.06389,0.06289,-0.0010000000000000009,-1.5651901706057298
XSimGCL,campus_34,loss2,Top 20,Hit Ratio,0.10812,0.10632,-0.001799999999999996,-1.6648168701442805
XSimGCL,campus_34,loss2,Top 20,Precision,0.0197,0.01938,-0.00031999999999999737,-1.6243654822334894
XSimGCL,campus_34,loss2,Top 20,Recall,0.12362,0.11817,-0.0054499999999999965,-4.408671735965052
XSimGCL,campus_34,loss2,Top 20,NDCG,0.0766,0.0751,-0.0015000000000000013,-1.9582245430809417
XSimGCL,campus_34,loss3,Top 10,Hit Ratio,0.07334,0.07456,0.0012199999999999989,1.6634851377147517
XSimGCL,campus_34,loss3,Top 10,Precision,0.02673,0.02717,0.0004399999999999994,1.6460905349794215
XSimGCL,campus_34,loss3,Top 10,Recall,0.08639,0.08575,-0.0006399999999999878,-0.7408264845468084
XSimGCL,campus_34,loss3,Top 10,NDCG,0.06389,0.06499,0.0011000000000000038,1.7217091876663073
XSimGCL,campus_34,loss3,Top 20,Hit Ratio,0.10812,0.10853,0.0004100000000000076,0.3792082870884273
XSimGCL,campus_34,loss3,Top 20,Precision,0.0197,0.01978,8.000000000000021e-05,0.4060913705583767
XSimGCL,campus_34,loss3,Top 20,Recall,0.12362,0.12212,-0.0014999999999999875,-1.2133958906325737
XSimGCL,campus_34,loss3,Top 20,NDCG,0.0766,0.0774,0.0007999999999999952,1.044386422976495
XSimGCL,campus_34,loss4,Top 10,Hit Ratio,0.07334,0.07189,-0.0014500000000000068,-1.9770929915462323
XSimGCL,campus_34,loss4,Top 10,Precision,0.02673,0.0262,-0.0005299999999999992,-1.9827908716797578
XSimGCL,campus_34,loss4,Top 10,Recall,0.08639,0.08369,-0.002699999999999994,-3.125361731681901
XSimGCL,campus_34,loss4,Top 10,NDCG,0.06389,0.06222,-0.0016700000000000048,-2.6138675849115742
XSimGCL,campus_34,loss4,Top 20,Hit Ratio,0.10812,0.1065,-0.0016199999999999964,-1.4983351831298526
XSimGCL,campus_34,loss4,Top 20,Precision,0.0197,0.01941,-0.0002899999999999986,-1.4720812182741045
XSimGCL,campus_34,loss4,Top 20,Recall,0.12362,0.12004,-0.00358,-2.8959715256431
XSimGCL,campus_34,loss4,Top 20,NDCG,0.0766,0.0748,-0.001799999999999996,-2.349869451697123
XSimGCL,campus_34,loss5,Top 10,Hit Ratio,0.07334,0.07328,-6.0000000000004494e-05,-0.08181074447778088
XSimGCL,campus_34,loss5,Top 10,Precision,0.02673,0.02671,-1.9999999999999185e-05,-0.07482229704451622
XSimGCL,campus_34,loss5,Top 10,Recall,0.08639,0.08291,-0.003479999999999997,-4.028244009723345
XSimGCL,campus_34,loss5,Top 10,NDCG,0.06389,0.06312,-0.0007700000000000068,-1.2051964313664216
XSimGCL,campus_34,loss5,Top 20,Hit Ratio,0.10812,0.1087,0.0005800000000000111,0.5364409914909463
XSimGCL,campus_34,loss5,Top 20,Precision,0.0197,0.01981,0.00011000000000000246,0.5583756345177789
XSimGCL,campus_34,loss5,Top 20,Recall,0.12362,0.12036,-0.003259999999999999,-2.6371137356414813
XSimGCL,campus_34,loss5,Top 20,NDCG,0.0766,0.07602,-0.0005799999999999972,-0.7571801566579598
