Model,Campus,Loss,TopK,Metric,Baseline(loss0),Value,AbsDiff,RelDiff(%)
LightGCN,campus_10,loss1,Top 10,Hit Ratio,0.03976,0.03861,-0.0011499999999999982,-2.8923541247484867
LightGCN,campus_10,loss1,Top 10,Precision,0.03556,0.03454,-0.00102,-2.8683914510686166
LightGCN,campus_10,loss1,Top 10,Recall,0.05421,0.05248,-0.0017300000000000024,-3.1912931193506777
LightGCN,campus_10,loss1,Top 10,NDCG,0.05607,0.0549,-0.0011700000000000044,-2.0866773675762516
LightGCN,campus_10,loss1,Top 20,Hit Ratio,0.06051,0.05865,-0.0018600000000000005,-3.073872087258305
LightGCN,campus_10,loss1,Top 20,Precision,0.02706,0.02623,-0.0008300000000000009,-3.067257945306729
LightGCN,campus_10,loss1,Top 20,Recall,0.0813,0.0767,-0.004599999999999993,-5.658056580565797
LightGCN,campus_10,loss1,Top 20,NDCG,0.06245,0.06062,-0.0018299999999999983,-2.930344275420334
LightGCN,campus_10,loss2,Top 10,Hit Ratio,0.03976,0.03827,-0.0014899999999999983,-3.7474849094567366
LightGCN,campus_10,loss2,Top 10,Precision,0.03556,0.03423,-0.0013300000000000048,-3.740157480314974
LightGCN,campus_10,loss2,Top 10,Recall,0.05421,0.05284,-0.0013700000000000032,-2.5272090020291516
LightGCN,campus_10,loss2,Top 10,NDCG,0.05607,0.05473,-0.001340000000000001,-2.3898698056001444
LightGCN,campus_10,loss2,Top 20,Hit Ratio,0.06051,0.05871,-0.001800000000000003,-2.974714923153203
LightGCN,campus_10,loss2,Top 20,Precision,0.02706,0.02626,-0.0008000000000000021,-2.956393200295647
LightGCN,campus_10,loss2,Top 20,Recall,0.0813,0.07667,-0.004629999999999995,-5.69495694956949
LightGCN,campus_10,loss2,Top 20,NDCG,0.06245,0.06062,-0.0018299999999999983,-2.930344275420334
LightGCN,campus_10,loss3,Top 10,Hit Ratio,0.03976,0.03916,-0.0005999999999999964,-1.5090543259557254
LightGCN,campus_10,loss3,Top 10,Precision,0.03556,0.03503,-0.0005300000000000027,-1.4904386951631121
LightGCN,campus_10,loss3,Top 10,Recall,0.05421,0.05453,0.00032000000000000084,0.5902969931746925
LightGCN,campus_10,loss3,Top 10,NDCG,0.05607,0.0562,0.00012999999999999817,0.2318530408418016
LightGCN,campus_10,loss3,Top 20,Hit Ratio,0.06051,0.05975,-0.0007600000000000037,-1.2559907453313564
LightGCN,campus_10,loss3,Top 20,Precision,0.02706,0.02672,-0.00034,-1.2564671101256468
LightGCN,campus_10,loss3,Top 20,Recall,0.0813,0.0806,-0.0006999999999999923,-0.8610086100860914
LightGCN,campus_10,loss3,Top 20,NDCG,0.06245,0.0625,5.000000000000143e-05,0.08006405124099508
LightGCN,campus_10,loss4,Top 10,Hit Ratio,0.03976,0.03855,-0.0012099999999999958,-3.043259557344054
LightGCN,campus_10,loss4,Top 10,Precision,0.03556,0.03449,-0.0010700000000000015,-3.0089988751406116
LightGCN,campus_10,loss4,Top 10,Recall,0.05421,0.05296,-0.0012500000000000011,-2.3058476295886385
LightGCN,campus_10,loss4,Top 10,NDCG,0.05607,0.05503,-0.0010399999999999993,-1.8548243267344378
LightGCN,campus_10,loss4,Top 20,Hit Ratio,0.06051,0.05947,-0.0010399999999999993,-1.7187241778218465
LightGCN,campus_10,loss4,Top 20,Precision,0.02706,0.0266,-0.0004600000000000021,-1.6999260901700002
LightGCN,campus_10,loss4,Top 20,Recall,0.0813,0.07751,-0.0037900000000000017,-4.661746617466177
LightGCN,campus_10,loss4,Top 20,NDCG,0.06245,0.06119,-0.0012599999999999972,-2.017614091273014
LightGCN,campus_10,loss5,Top 10,Hit Ratio,0.03976,0.03905,-0.0007099999999999954,-1.7857142857142743
LightGCN,campus_10,loss5,Top 10,Precision,0.03556,0.03493,-0.0006299999999999986,-1.7716535433070828
LightGCN,campus_10,loss5,Top 10,Recall,0.05421,0.05459,0.0003799999999999984,0.7009776793949426
LightGCN,campus_10,loss5,Top 10,NDCG,0.05607,0.05506,-0.001010000000000004,-1.8013197788478756
LightGCN,campus_10,loss5,Top 20,Hit Ratio,0.06051,0.05833,-0.0021800000000000014,-3.602710295818875
LightGCN,campus_10,loss5,Top 20,Precision,0.02706,0.02609,-0.0009700000000000021,-3.5846267553584705
LightGCN,campus_10,loss5,Top 20,Recall,0.0813,0.07694,-0.004360000000000003,-5.362853628536289
LightGCN,campus_10,loss5,Top 20,NDCG,0.06245,0.06015,-0.0022999999999999965,-3.682946357085663
LightGCN,campus_102,loss1,Top 10,Hit Ratio,0.05445,0.0573,0.0028499999999999984,5.234159779614322
LightGCN,campus_102,loss1,Top 10,Precision,0.05104,0.05371,0.0026699999999999988,5.23119122257053
LightGCN,campus_102,loss1,Top 10,Recall,0.06923,0.07081,0.001579999999999998,2.2822475805286695
LightGCN,campus_102,loss1,Top 10,NDCG,0.07945,0.08121,0.0017599999999999977,2.2152297042164855
LightGCN,campus_102,loss1,Top 20,Hit Ratio,0.08327,0.08706,0.0037900000000000017,4.551459108922783
LightGCN,campus_102,loss1,Top 20,Precision,0.03903,0.0408,0.0017700000000000007,4.534973097617219
LightGCN,campus_102,loss1,Top 20,Recall,0.09953,0.10248,0.002950000000000008,2.963930473224162
LightGCN,campus_102,loss1,Top 20,NDCG,0.08629,0.0882,0.001909999999999995,2.2134662185652973
LightGCN,campus_102,loss2,Top 10,Hit Ratio,0.05445,0.05664,0.0021900000000000044,4.022038567493121
LightGCN,campus_102,loss2,Top 10,Precision,0.05104,0.05309,0.0020499999999999963,4.0164576802507765
LightGCN,campus_102,loss2,Top 10,Recall,0.06923,0.06973,0.0005000000000000004,0.7222302470027451
LightGCN,campus_102,loss2,Top 10,NDCG,0.07945,0.08021,0.0007599999999999968,0.9565764631843885
LightGCN,campus_102,loss2,Top 20,Hit Ratio,0.08327,0.0868,0.0035300000000000054,4.2392218085745235
LightGCN,campus_102,loss2,Top 20,Precision,0.03903,0.04068,0.0016499999999999987,4.227517294388928
LightGCN,campus_102,loss2,Top 20,Recall,0.09953,0.10059,0.0010600000000000054,1.065005525972074
LightGCN,campus_102,loss2,Top 20,NDCG,0.08629,0.08733,0.0010399999999999993,1.2052381504229912
LightGCN,campus_102,loss3,Top 10,Hit Ratio,0.05445,0.05384,-0.0006099999999999994,-1.1202938475665738
LightGCN,campus_102,loss3,Top 10,Precision,0.05104,0.05046,-0.0005800000000000041,-1.1363636363636445
LightGCN,campus_102,loss3,Top 10,Recall,0.06923,0.06724,-0.0019900000000000057,-2.8744763830709315
LightGCN,campus_102,loss3,Top 10,NDCG,0.07945,0.07741,-0.00204,-2.567652611705475
LightGCN,campus_102,loss3,Top 20,Hit Ratio,0.08327,0.08135,-0.0019199999999999912,-2.3057523718025594
LightGCN,campus_102,loss3,Top 20,Precision,0.03903,0.03812,-0.0009100000000000011,-2.331539841147838
LightGCN,campus_102,loss3,Top 20,Recall,0.09953,0.09599,-0.0035399999999999876,-3.556716567868972
LightGCN,campus_102,loss3,Top 20,NDCG,0.08629,0.08346,-0.002829999999999999,-3.2796384285548723
LightGCN,campus_102,loss4,Top 10,Hit Ratio,0.05445,0.05401,-0.00043999999999999595,-0.8080808080808006
LightGCN,campus_102,loss4,Top 10,Precision,0.05104,0.05063,-0.00041000000000000064,-0.803291536050158
LightGCN,campus_102,loss4,Top 10,Recall,0.06923,0.06733,-0.001899999999999999,-2.7444749386104275
LightGCN,campus_102,loss4,Top 10,NDCG,0.07945,0.07624,-0.0032100000000000045,-4.040276903713033
LightGCN,campus_102,loss4,Top 20,Hit Ratio,0.08327,0.08439,0.0011200000000000099,1.3450222168848442
LightGCN,campus_102,loss4,Top 20,Precision,0.03903,0.03955,0.0005199999999999996,1.3323084806559047
LightGCN,campus_102,loss4,Top 20,Recall,0.09953,0.09881,-0.0007199999999999984,-0.7233999799055545
LightGCN,campus_102,loss4,Top 20,NDCG,0.08629,0.08385,-0.0024400000000000116,-2.8276741221462642
LightGCN,campus_102,loss5,Top 10,Hit Ratio,0.05445,0.05473,0.00028000000000000247,0.5142332415059734
LightGCN,campus_102,loss5,Top 10,Precision,0.05104,0.0513,0.00025999999999999635,0.5094043887147264
LightGCN,campus_102,loss5,Top 10,Recall,0.06923,0.06798,-0.0012500000000000011,-1.805575617506863
LightGCN,campus_102,loss5,Top 10,NDCG,0.07945,0.07794,-0.0015100000000000113,-1.9005663939584785
LightGCN,campus_102,loss5,Top 20,Hit Ratio,0.08327,0.08305,-0.00021999999999999797,-0.2642007926023754
LightGCN,campus_102,loss5,Top 20,Precision,0.03903,0.03892,-0.00010999999999999899,-0.28183448629259283
LightGCN,campus_102,loss5,Top 20,Recall,0.09953,0.09794,-0.0015899999999999942,-1.5975082889580974
LightGCN,campus_102,loss5,Top 20,NDCG,0.08629,0.08454,-0.0017500000000000016,-2.0280449646540752
LightGCN,campus_143,loss1,Top 10,Hit Ratio,0.08871,0.08987,0.0011600000000000082,1.3076316086123416
LightGCN,campus_143,loss1,Top 10,Precision,0.02852,0.02889,0.0003699999999999988,1.2973352033660548
LightGCN,campus_143,loss1,Top 10,Recall,0.09728,0.09394,-0.0033400000000000096,-3.4333881578947465
LightGCN,campus_143,loss1,Top 10,NDCG,0.0718,0.06896,-0.002840000000000009,-3.9554317548746645
LightGCN,campus_143,loss1,Top 20,Hit Ratio,0.14064,0.13559,-0.005049999999999999,-3.590728100113765
LightGCN,campus_143,loss1,Top 20,Precision,0.02261,0.02179,-0.0008200000000000013,-3.6267138434321153
LightGCN,campus_143,loss1,Top 20,Recall,0.14953,0.13618,-0.01335,-8.927974319534544
LightGCN,campus_143,loss1,Top 20,NDCG,0.08935,0.08338,-0.005970000000000003,-6.681589255735873
LightGCN,campus_143,loss2,Top 10,Hit Ratio,0.08871,0.09182,0.0031100000000000017,3.5058054334347895
LightGCN,campus_143,loss2,Top 10,Precision,0.02852,0.02952,0.0010000000000000009,3.5063113604488114
LightGCN,campus_143,loss2,Top 10,Recall,0.09728,0.09593,-0.001350000000000004,-1.38774671052632
LightGCN,campus_143,loss2,Top 10,NDCG,0.0718,0.07041,-0.0013900000000000023,-1.9359331476323152
LightGCN,campus_143,loss2,Top 20,Hit Ratio,0.14064,0.1396,-0.0010399999999999854,-0.7394766780432206
LightGCN,campus_143,loss2,Top 20,Precision,0.02261,0.02244,-0.00017,-0.7518796992481203
LightGCN,campus_143,loss2,Top 20,Recall,0.14953,0.14042,-0.009110000000000007,-6.092422925165524
LightGCN,campus_143,loss2,Top 20,NDCG,0.08935,0.08569,-0.0036599999999999966,-4.096250699496359
LightGCN,campus_143,loss3,Top 10,Hit Ratio,0.08871,0.08884,0.0001300000000000051,0.1465449216548361
LightGCN,campus_143,loss3,Top 10,Precision,0.02852,0.02856,3.999999999999837e-05,0.14025245441794662
LightGCN,campus_143,loss3,Top 10,Recall,0.09728,0.09587,-0.0014100000000000085,-1.4494243421052717
LightGCN,campus_143,loss3,Top 10,NDCG,0.0718,0.07041,-0.0013900000000000023,-1.9359331476323152
LightGCN,campus_143,loss3,Top 20,Hit Ratio,0.14064,0.14064,0.0,0.0
LightGCN,campus_143,loss3,Top 20,Precision,0.02261,0.02261,0.0,0.0
LightGCN,campus_143,loss3,Top 20,Recall,0.14953,0.14581,-0.003720000000000001,-2.4877950912860305
LightGCN,campus_143,loss3,Top 20,NDCG,0.08935,0.08731,-0.00204,-2.2831561275881365
LightGCN,campus_143,loss4,Top 10,Hit Ratio,0.08871,0.08787,-0.0008399999999999935,-0.9469056476158196
LightGCN,campus_143,loss4,Top 10,Precision,0.02852,0.02825,-0.0002699999999999994,-0.946704067321176
LightGCN,campus_143,loss4,Top 10,Recall,0.09728,0.09367,-0.003610000000000002,-3.710937500000002
LightGCN,campus_143,loss4,Top 10,NDCG,0.0718,0.06879,-0.003009999999999999,-4.192200557103062
LightGCN,campus_143,loss4,Top 20,Hit Ratio,0.14064,0.13695,-0.003689999999999999,-2.623720136518771
LightGCN,campus_143,loss4,Top 20,Precision,0.02261,0.02201,-0.0006000000000000033,-2.6536930561698506
LightGCN,campus_143,loss4,Top 20,Recall,0.14953,0.13976,-0.009770000000000001,-6.533805925232396
LightGCN,campus_143,loss4,Top 20,NDCG,0.08935,0.0846,-0.004750000000000004,-5.316172355903754
LightGCN,campus_143,loss5,Top 10,Hit Ratio,0.08871,0.08677,-0.0019399999999999973,-2.1869011385413115
LightGCN,campus_143,loss5,Top 10,Precision,0.02852,0.02789,-0.0006299999999999986,-2.208976157082744
LightGCN,campus_143,loss5,Top 10,Recall,0.09728,0.09206,-0.005220000000000002,-5.365953947368423
LightGCN,campus_143,loss5,Top 10,NDCG,0.0718,0.06933,-0.00247,-3.4401114206128134
LightGCN,campus_143,loss5,Top 20,Hit Ratio,0.14064,0.13902,-0.0016199999999999826,-1.1518771331057898
LightGCN,campus_143,loss5,Top 20,Precision,0.02261,0.02235,-0.0002600000000000033,-1.14993365767361
LightGCN,campus_143,loss5,Top 20,Recall,0.14953,0.14331,-0.006220000000000003,-4.159700394569653
LightGCN,campus_143,loss5,Top 20,NDCG,0.08935,0.08667,-0.002680000000000002,-2.999440402909907
LightGCN,campus_15,loss1,Top 10,Hit Ratio,0.03193,0.03225,0.00032000000000000084,1.00219229564673
LightGCN,campus_15,loss1,Top 10,Precision,0.04269,0.04313,0.0004400000000000029,1.0306863434059568
LightGCN,campus_15,loss1,Top 10,Recall,0.04438,0.04387,-0.0005100000000000035,-1.149166291122135
LightGCN,campus_15,loss1,Top 10,NDCG,0.05969,0.06006,0.00037000000000000227,0.6198693248450364
LightGCN,campus_15,loss1,Top 20,Hit Ratio,0.05018,0.05016,-1.9999999999999185e-05,-0.03985651654045274
LightGCN,campus_15,loss1,Top 20,Precision,0.03355,0.03354,-1.0000000000003062e-05,-0.02980625931446516
LightGCN,campus_15,loss1,Top 20,Recall,0.06836,0.06472,-0.0036400000000000043,-5.324751316559397
LightGCN,campus_15,loss1,Top 20,NDCG,0.06198,0.06096,-0.00102,-1.6456921587608908
LightGCN,campus_15,loss2,Top 10,Hit Ratio,0.03193,0.03208,0.00014999999999999736,0.46977763858439514
LightGCN,campus_15,loss2,Top 10,Precision,0.04269,0.0429,0.00021000000000000185,0.49191848208011674
LightGCN,campus_15,loss2,Top 10,Recall,0.04438,0.04322,-0.0011600000000000013,-2.6137899954934682
LightGCN,campus_15,loss2,Top 10,NDCG,0.05969,0.05968,-1.0000000000003062e-05,-0.016753224995816822
LightGCN,campus_15,loss2,Top 20,Hit Ratio,0.05018,0.04996,-0.00022000000000000491,-0.4384216819450078
LightGCN,campus_15,loss2,Top 20,Precision,0.03355,0.03341,-0.00014000000000000123,-0.41728763040238814
LightGCN,campus_15,loss2,Top 20,Recall,0.06836,0.06404,-0.004320000000000004,-6.319485078993569
LightGCN,campus_15,loss2,Top 20,NDCG,0.06198,0.06065,-0.0013299999999999979,-2.1458535011293933
LightGCN,campus_15,loss3,Top 10,Hit Ratio,0.03193,0.03208,0.00014999999999999736,0.46977763858439514
LightGCN,campus_15,loss3,Top 10,Precision,0.04269,0.0429,0.00021000000000000185,0.49191848208011674
LightGCN,campus_15,loss3,Top 10,Recall,0.04438,0.04451,0.00012999999999999817,0.29292474087426357
LightGCN,campus_15,loss3,Top 10,NDCG,0.05969,0.05971,1.9999999999999185e-05,0.03350644999162202
LightGCN,campus_15,loss3,Top 20,Hit Ratio,0.05018,0.04969,-0.0004900000000000043,-0.9764846552411406
LightGCN,campus_15,loss3,Top 20,Precision,0.03355,0.03322,-0.0003300000000000039,-0.9836065573770607
LightGCN,campus_15,loss3,Top 20,Recall,0.06836,0.06607,-0.0022900000000000004,-3.349912229373903
LightGCN,campus_15,loss3,Top 20,NDCG,0.06198,0.06096,-0.00102,-1.6456921587608908
LightGCN,campus_15,loss4,Top 10,Hit Ratio,0.03193,0.03148,-0.000449999999999999,-1.409332915753207
LightGCN,campus_15,loss4,Top 10,Precision,0.04269,0.0421,-0.0005900000000000002,-1.382056687748888
LightGCN,campus_15,loss4,Top 10,Recall,0.04438,0.0431,-0.0012800000000000034,-2.884182063992797
LightGCN,campus_15,loss4,Top 10,NDCG,0.05969,0.05911,-0.0005799999999999972,-0.9716870497570735
LightGCN,campus_15,loss4,Top 20,Hit Ratio,0.05018,0.04939,-0.000789999999999999,-1.5743324033479456
LightGCN,campus_15,loss4,Top 20,Precision,0.03355,0.03302,-0.0005300000000000027,-1.5797317436661777
LightGCN,campus_15,loss4,Top 20,Recall,0.06836,0.06525,-0.0031100000000000017,-4.5494441193680535
LightGCN,campus_15,loss4,Top 20,NDCG,0.06198,0.06063,-0.001349999999999997,-2.1781219748305856
LightGCN,campus_15,loss5,Top 10,Hit Ratio,0.03193,0.03192,-1.0000000000003062e-05,-0.03131850923896982
LightGCN,campus_15,loss5,Top 10,Precision,0.04269,0.04268,-9.999999999996123e-06,-0.023424689622853417
LightGCN,campus_15,loss5,Top 10,Recall,0.04438,0.0434,-0.0009800000000000017,-2.208201892744483
LightGCN,campus_15,loss5,Top 10,NDCG,0.05969,0.05974,5.000000000000143e-05,0.08376612497906087
LightGCN,campus_15,loss5,Top 20,Hit Ratio,0.05018,0.05001,-0.00017000000000000348,-0.33878039059386905
LightGCN,campus_15,loss5,Top 20,Precision,0.03355,0.03344,-0.00011000000000000593,-0.327868852459034
LightGCN,campus_15,loss5,Top 20,Recall,0.06836,0.06605,-0.0023100000000000065,-3.3791691047396233
LightGCN,campus_15,loss5,Top 20,NDCG,0.06198,0.06139,-0.0005900000000000002,-0.9519199741852215
LightGCN,campus_34,loss1,Top 10,Hit Ratio,0.08745,0.0829,-0.0045499999999999985,-5.202973127501428
LightGCN,campus_34,loss1,Top 10,Precision,0.04417,0.04188,-0.0022900000000000004,-5.184514376273489
LightGCN,campus_34,loss1,Top 10,Recall,0.10401,0.09519,-0.008820000000000008,-8.479953850591297
LightGCN,campus_34,loss1,Top 10,NDCG,0.08536,0.08021,-0.005150000000000002,-6.033270852858483
LightGCN,campus_34,loss1,Top 20,Hit Ratio,0.12715,0.12119,-0.005960000000000007,-4.687377113645306
LightGCN,campus_34,loss1,Top 20,Precision,0.03211,0.03061,-0.0015000000000000013,-4.671441918405486
LightGCN,campus_34,loss1,Top 20,Recall,0.14394,0.13506,-0.008879999999999999,-6.169237182159232
LightGCN,campus_34,loss1,Top 20,NDCG,0.09928,0.09397,-0.005309999999999995,-5.348509266720383
LightGCN,campus_34,loss2,Top 10,Hit Ratio,0.08745,0.08542,-0.002030000000000004,-2.321326472269873
LightGCN,campus_34,loss2,Top 10,Precision,0.04417,0.04315,-0.00102,-2.309259678514829
LightGCN,campus_34,loss2,Top 10,Recall,0.10401,0.09541,-0.00860000000000001,-8.26843572733392
LightGCN,campus_34,loss2,Top 10,NDCG,0.08536,0.08232,-0.003040000000000001,-3.5613870665417067
LightGCN,campus_34,loss2,Top 20,Hit Ratio,0.12715,0.1233,-0.003850000000000006,-3.027919779787657
LightGCN,campus_34,loss2,Top 20,Precision,0.03211,0.03114,-0.0009699999999999986,-3.020865773902207
LightGCN,campus_34,loss2,Top 20,Recall,0.14394,0.13447,-0.009470000000000006,-6.5791301931360335
LightGCN,campus_34,loss2,Top 20,NDCG,0.09928,0.09573,-0.0035499999999999976,-3.5757453666398042
LightGCN,campus_34,loss3,Top 10,Hit Ratio,0.08745,0.08392,-0.0035300000000000054,-4.036592338479137
LightGCN,campus_34,loss3,Top 10,Precision,0.04417,0.04239,-0.0017800000000000038,-4.029884537016082
LightGCN,campus_34,loss3,Top 10,Recall,0.10401,0.09858,-0.005430000000000004,-5.220651860398042
LightGCN,campus_34,loss3,Top 10,NDCG,0.08536,0.08103,-0.0043300000000000005,-5.072633552014995
LightGCN,campus_34,loss3,Top 20,Hit Ratio,0.12715,0.12419,-0.002960000000000018,-2.32795910342117
LightGCN,campus_34,loss3,Top 20,Precision,0.03211,0.03137,-0.0007399999999999976,-2.3045780130800297
LightGCN,campus_34,loss3,Top 20,Recall,0.14394,0.13965,-0.004290000000000016,-2.9804085035431536
LightGCN,campus_34,loss3,Top 20,NDCG,0.09928,0.09547,-0.003809999999999994,-3.837630942788068
LightGCN,campus_34,loss4,Top 10,Hit Ratio,0.08745,0.08311,-0.004339999999999997,-4.9628359062321294
LightGCN,campus_34,loss4,Top 10,Precision,0.04417,0.04198,-0.0021899999999999975,-4.958116368575951
LightGCN,campus_34,loss4,Top 10,Recall,0.10401,0.09599,-0.00802,-7.710797038746274
LightGCN,campus_34,loss4,Top 10,NDCG,0.08536,0.07933,-0.006030000000000008,-7.064198687910037
LightGCN,campus_34,loss4,Top 20,Hit Ratio,0.12715,0.12099,-0.006160000000000013,-4.844671647660253
LightGCN,campus_34,loss4,Top 20,Precision,0.03211,0.03056,-0.0015499999999999993,-4.827156649018995
LightGCN,campus_34,loss4,Top 20,Recall,0.14394,0.13565,-0.00829000000000002,-5.75934417118245
LightGCN,campus_34,loss4,Top 20,NDCG,0.09928,0.09298,-0.0063,-6.345688960515713
LightGCN,campus_34,loss5,Top 10,Hit Ratio,0.08745,0.08481,-0.0026400000000000035,-3.0188679245283057
LightGCN,campus_34,loss5,Top 10,Precision,0.04417,0.04284,-0.0013299999999999979,-3.011093502377174
LightGCN,campus_34,loss5,Top 10,Recall,0.10401,0.09663,-0.0073800000000000116,-7.095471589270273
LightGCN,campus_34,loss5,Top 10,NDCG,0.08536,0.08146,-0.0039000000000000007,-4.568884723523899
LightGCN,campus_34,loss5,Top 20,Hit Ratio,0.12715,0.12359,-0.0035600000000000076,-2.799842705465991
LightGCN,campus_34,loss5,Top 20,Precision,0.03211,0.03121,-0.000899999999999998,-2.8028651510432825
LightGCN,campus_34,loss5,Top 20,Recall,0.14394,0.13632,-0.007620000000000016,-5.293872446852866
LightGCN,campus_34,loss5,Top 20,NDCG,0.09928,0.09514,-0.004139999999999991,-4.170024174053174
MF,campus_10,loss1,Top 10,Hit Ratio,0.03535,0.03322,-0.00213,-6.025459688826025
MF,campus_10,loss1,Top 10,Precision,0.03163,0.02971,-0.001919999999999998,-6.0701865317736265
MF,campus_10,loss1,Top 10,Recall,0.04686,0.04206,-0.004799999999999999,-10.24327784891165
MF,campus_10,loss1,Top 10,NDCG,0.04969,0.04653,-0.003159999999999996,-6.359428456429858
MF,campus_10,loss1,Top 20,Hit Ratio,0.05476,0.05164,-0.0031200000000000047,-5.6975894813732735
MF,campus_10,loss1,Top 20,Precision,0.02449,0.02309,-0.001400000000000002,-5.716619028174772
MF,campus_10,loss1,Top 20,Recall,0.0696,0.06594,-0.0036599999999999966,-5.258620689655167
MF,campus_10,loss1,Top 20,NDCG,0.05542,0.05219,-0.0032299999999999968,-5.8282208588957
MF,campus_10,loss2,Top 10,Hit Ratio,0.03535,0.02259,-0.01276,-36.096181046676094
MF,campus_10,loss2,Top 10,Precision,0.03163,0.02021,-0.01142,-36.10496364211192
MF,campus_10,loss2,Top 10,Recall,0.04686,0.03022,-0.01664,-35.51002987622706
MF,campus_10,loss2,Top 10,NDCG,0.04969,0.03064,-0.019049999999999997,-38.33769370094586
MF,campus_10,loss2,Top 20,Hit Ratio,0.05476,0.03659,-0.018170000000000006,-33.18115412710008
MF,campus_10,loss2,Top 20,Precision,0.02449,0.01637,-0.008120000000000002,-33.15639036341365
MF,campus_10,loss2,Top 20,Recall,0.0696,0.0467,-0.022899999999999997,-32.90229885057471
MF,campus_10,loss2,Top 20,NDCG,0.05542,0.0354,-0.020019999999999996,-36.124142908697216
MF,campus_10,loss3,Top 10,Hit Ratio,0.03535,0.03705,0.0017000000000000001,4.809052333804809
MF,campus_10,loss3,Top 10,Precision,0.03163,0.03314,0.0015100000000000044,4.773948782801153
MF,campus_10,loss3,Top 10,Recall,0.04686,0.04858,0.0017199999999999993,3.670507895860007
MF,campus_10,loss3,Top 10,NDCG,0.04969,0.05181,0.002120000000000004,4.26645200241498
MF,campus_10,loss3,Top 20,Hit Ratio,0.05476,0.05733,0.002569999999999996,4.69320672023374
MF,campus_10,loss3,Top 20,Precision,0.02449,0.02564,0.0011499999999999982,4.695794201714978
MF,campus_10,loss3,Top 20,Recall,0.0696,0.07035,0.0007500000000000007,1.077586206896553
MF,campus_10,loss3,Top 20,NDCG,0.05542,0.05736,0.0019400000000000042,3.5005413208228155
MF,campus_10,loss4,Top 10,Hit Ratio,0.03535,0.03795,0.002599999999999998,7.35502121640735
MF,campus_10,loss4,Top 10,Precision,0.03163,0.03395,0.0023200000000000026,7.334808725893148
MF,campus_10,loss4,Top 10,Recall,0.04686,0.05305,0.006190000000000001,13.209560392658986
MF,campus_10,loss4,Top 10,NDCG,0.04969,0.05316,0.003470000000000001,6.983296437915075
MF,campus_10,loss4,Top 20,Hit Ratio,0.05476,0.05826,0.003499999999999996,6.391526661796925
MF,campus_10,loss4,Top 20,Precision,0.02449,0.02606,0.0015699999999999985,6.41077991016741
MF,campus_10,loss4,Top 20,Recall,0.0696,0.07885,0.009250000000000008,13.290229885057483
MF,campus_10,loss4,Top 20,NDCG,0.05542,0.05947,0.004050000000000005,7.307831107903294
MF,campus_10,loss5,Top 10,Hit Ratio,0.03535,0.03569,0.00034,0.9618104667609619
MF,campus_10,loss5,Top 10,Precision,0.03163,0.03193,0.00030000000000000165,0.9484666455896354
MF,campus_10,loss5,Top 10,Recall,0.04686,0.04629,-0.0005700000000000011,-1.216389244558261
MF,campus_10,loss5,Top 10,NDCG,0.04969,0.04907,-0.0006199999999999956,-1.2477359629704077
MF,campus_10,loss5,Top 20,Hit Ratio,0.05476,0.05641,0.0016499999999999987,3.013148283418551
MF,campus_10,loss5,Top 20,Precision,0.02449,0.02523,0.0007399999999999976,3.021641486320937
MF,campus_10,loss5,Top 20,Recall,0.0696,0.06965,5.000000000000837e-05,0.07183908045978214
MF,campus_10,loss5,Top 20,NDCG,0.05542,0.05526,-0.00016000000000000042,-0.28870443883074776
MF,campus_102,loss1,Top 10,Hit Ratio,0.04214,0.05057,0.00843,20.004746084480303
MF,campus_102,loss1,Top 10,Precision,0.0395,0.0474,0.007899999999999997,19.999999999999993
MF,campus_102,loss1,Top 10,Recall,0.05129,0.06238,0.011089999999999996,21.62214856697211
MF,campus_102,loss1,Top 10,NDCG,0.05748,0.07239,0.014909999999999993,25.939457202505206
MF,campus_102,loss1,Top 20,Hit Ratio,0.06698,0.0758,0.008820000000000008,13.168109883547341
MF,campus_102,loss1,Top 20,Precision,0.03139,0.03553,0.004139999999999998,13.18891366677285
MF,campus_102,loss1,Top 20,Recall,0.07731,0.08921,0.011899999999999994,15.392575346009563
MF,campus_102,loss1,Top 20,NDCG,0.06421,0.07822,0.014009999999999995,21.819031303535265
MF,campus_102,loss2,Top 10,Hit Ratio,0.04214,0.01875,-0.023389999999999998,-55.505457997152355
MF,campus_102,loss2,Top 10,Precision,0.0395,0.01757,-0.02193,-55.51898734177215
MF,campus_102,loss2,Top 10,Recall,0.05129,0.02384,-0.027450000000000002,-53.51920452329889
MF,campus_102,loss2,Top 10,NDCG,0.05748,0.02565,-0.031830000000000004,-55.37578288100209
MF,campus_102,loss2,Top 20,Hit Ratio,0.06698,0.03171,-0.035269999999999996,-52.65750970438936
MF,campus_102,loss2,Top 20,Precision,0.03139,0.01486,-0.016530000000000003,-52.66008282892641
MF,campus_102,loss2,Top 20,Recall,0.07731,0.03865,-0.03866000000000001,-50.006467468632785
MF,campus_102,loss2,Top 20,NDCG,0.06421,0.03009,-0.034120000000000004,-53.13814047656129
MF,campus_102,loss3,Top 10,Hit Ratio,0.04214,0.03824,-0.0038999999999999937,-9.254864736592298
MF,campus_102,loss3,Top 10,Precision,0.0395,0.03584,-0.0036600000000000035,-9.265822784810135
MF,campus_102,loss3,Top 10,Recall,0.05129,0.04857,-0.00272,-5.303178007408852
MF,campus_102,loss3,Top 10,NDCG,0.05748,0.05272,-0.00476,-8.281141266527488
MF,campus_102,loss3,Top 20,Hit Ratio,0.06698,0.06185,-0.005129999999999996,-7.659002687369358
MF,campus_102,loss3,Top 20,Precision,0.03139,0.02899,-0.002400000000000003,-7.645747053201665
MF,campus_102,loss3,Top 20,Recall,0.07731,0.07505,-0.002259999999999998,-2.9232958220152607
MF,campus_102,loss3,Top 20,NDCG,0.06421,0.06016,-0.004050000000000005,-6.307428749415986
MF,campus_102,loss4,Top 10,Hit Ratio,0.04214,0.05434,0.012200000000000003,28.95111532985288
MF,campus_102,loss4,Top 10,Precision,0.0395,0.05093,0.011430000000000003,28.936708860759502
MF,campus_102,loss4,Top 10,Recall,0.05129,0.06673,0.015439999999999995,30.103333983232588
MF,campus_102,loss4,Top 10,NDCG,0.05748,0.07628,0.018799999999999997,32.70702853166318
MF,campus_102,loss4,Top 20,Hit Ratio,0.06698,0.085,0.018020000000000008,26.9035532994924
MF,campus_102,loss4,Top 20,Precision,0.03139,0.03984,0.00845,26.91940108314749
MF,campus_102,loss4,Top 20,Recall,0.07731,0.09989,0.022580000000000003,29.207088345621525
MF,campus_102,loss4,Top 20,NDCG,0.06421,0.08455,0.020339999999999997,31.677308830400243
MF,campus_102,loss5,Top 10,Hit Ratio,0.04214,0.04297,0.0008300000000000043,1.9696250593260665
MF,campus_102,loss5,Top 10,Precision,0.0395,0.04028,0.0007800000000000029,1.9746835443038049
MF,campus_102,loss5,Top 10,Recall,0.05129,0.05202,0.0007299999999999945,1.4232793916942768
MF,campus_102,loss5,Top 10,NDCG,0.05748,0.05742,-6.0000000000004494e-05,-0.10438413361169883
MF,campus_102,loss5,Top 20,Hit Ratio,0.06698,0.07085,0.0038699999999999984,5.777844132576886
MF,campus_102,loss5,Top 20,Precision,0.03139,0.03321,0.0018200000000000022,5.7980248486779296
MF,campus_102,loss5,Top 20,Recall,0.07731,0.08342,0.0061099999999999904,7.903246669253641
MF,campus_102,loss5,Top 20,NDCG,0.06421,0.06622,0.002009999999999998,3.1303535274879266
MF,campus_143,loss1,Top 10,Hit Ratio,0.07142,0.07686,0.00544,7.616914029683562
MF,campus_143,loss1,Top 10,Precision,0.02296,0.02471,0.001749999999999998,7.621951219512186
MF,campus_143,loss1,Top 10,Recall,0.07152,0.07861,0.007089999999999999,9.913310961968678
MF,campus_143,loss1,Top 10,NDCG,0.05109,0.059,0.007909999999999993,15.48248189469562
MF,campus_143,loss1,Top 20,Hit Ratio,0.11331,0.11681,0.003500000000000003,3.088871238196102
MF,campus_143,loss1,Top 20,Precision,0.01821,0.01878,0.0005700000000000011,3.1301482701812247
MF,campus_143,loss1,Top 20,Recall,0.11062,0.11516,0.004540000000000002,4.104140300126562
MF,campus_143,loss1,Top 20,NDCG,0.06435,0.07148,0.0071299999999999975,11.080031080031075
MF,campus_143,loss2,Top 10,Hit Ratio,0.07142,0.07485,0.0034300000000000025,4.802576309157103
MF,campus_143,loss2,Top 10,Precision,0.02296,0.02406,0.0011000000000000003,4.7909407665505235
MF,campus_143,loss2,Top 10,Recall,0.07152,0.0753,0.0037800000000000056,5.2852348993288665
MF,campus_143,loss2,Top 10,NDCG,0.05109,0.05809,0.006999999999999999,13.701311411235073
MF,campus_143,loss2,Top 20,Hit Ratio,0.11331,0.11189,-0.0014199999999999907,-1.2531991880681235
MF,campus_143,loss2,Top 20,Precision,0.01821,0.01799,-0.00022000000000000144,-1.2081274025260924
MF,campus_143,loss2,Top 20,Recall,0.11062,0.11153,0.000910000000000008,0.8226360513469607
MF,campus_143,loss2,Top 20,NDCG,0.06435,0.07019,0.005839999999999998,9.075369075369071
MF,campus_143,loss3,Top 10,Hit Ratio,0.07142,0.07472,0.0032999999999999974,4.620554466535981
MF,campus_143,loss3,Top 10,Precision,0.02296,0.02402,0.0010599999999999984,4.616724738675951
MF,campus_143,loss3,Top 10,Recall,0.07152,0.07233,0.0008100000000000052,1.132550335570477
MF,campus_143,loss3,Top 10,NDCG,0.05109,0.05493,0.003839999999999996,7.516147974163233
MF,campus_143,loss3,Top 20,Hit Ratio,0.11331,0.11538,0.0020700000000000024,1.826846703733124
MF,campus_143,loss3,Top 20,Precision,0.01821,0.01855,0.00034,1.8671059857221308
MF,campus_143,loss3,Top 20,Recall,0.11062,0.11167,0.0010500000000000093,0.9491954438618779
MF,campus_143,loss3,Top 20,NDCG,0.06435,0.06812,0.0037699999999999956,5.858585858585851
MF,campus_143,loss4,Top 10,Hit Ratio,0.07142,0.08353,0.012109999999999996,16.956034724166894
MF,campus_143,loss4,Top 10,Precision,0.02296,0.02685,0.0038899999999999976,16.94250871080138
MF,campus_143,loss4,Top 10,Recall,0.07152,0.08684,0.01532,21.420581655480987
MF,campus_143,loss4,Top 10,NDCG,0.05109,0.06288,0.011790000000000002,23.076923076923077
MF,campus_143,loss4,Top 20,Hit Ratio,0.11331,0.12833,0.015020000000000006,13.255670285058693
MF,campus_143,loss4,Top 20,Precision,0.01821,0.02063,0.0024199999999999985,13.289401427786924
MF,campus_143,loss4,Top 20,Recall,0.11062,0.13371,0.02309,20.87325980835292
MF,campus_143,loss4,Top 20,NDCG,0.06435,0.07832,0.013969999999999996,21.709401709401703
MF,campus_143,loss5,Top 10,Hit Ratio,0.07142,0.07569,0.004269999999999996,5.978717446093526
MF,campus_143,loss5,Top 10,Precision,0.02296,0.02433,0.0013699999999999997,5.966898954703831
MF,campus_143,loss5,Top 10,Recall,0.07152,0.07805,0.006529999999999994,9.130313199105137
MF,campus_143,loss5,Top 10,NDCG,0.05109,0.05594,0.004849999999999993,9.493051477784288
MF,campus_143,loss5,Top 20,Hit Ratio,0.11331,0.11538,0.0020700000000000024,1.826846703733124
MF,campus_143,loss5,Top 20,Precision,0.01821,0.01855,0.00034,1.8671059857221308
MF,campus_143,loss5,Top 20,Recall,0.11062,0.11625,0.00563000000000001,5.089495570421271
MF,campus_143,loss5,Top 20,NDCG,0.06435,0.06882,0.004470000000000002,6.946386946386948
MF,campus_15,loss1,Top 10,Hit Ratio,0.02778,0.02697,-0.0008099999999999982,-2.9157667386609005
MF,campus_15,loss1,Top 10,Precision,0.03715,0.03607,-0.0010800000000000046,-2.907133243607011
MF,campus_15,loss1,Top 10,Recall,0.03659,0.03842,0.0018300000000000052,5.001366493577495
MF,campus_15,loss1,Top 10,NDCG,0.04975,0.05051,0.0007599999999999968,1.5276381909547674
MF,campus_15,loss1,Top 20,Hit Ratio,0.04496,0.04173,-0.0032299999999999968,-7.184163701067608
MF,campus_15,loss1,Top 20,Precision,0.03006,0.0279,-0.0021599999999999987,-7.185628742514965
MF,campus_15,loss1,Top 20,Recall,0.05554,0.05669,0.0011499999999999982,2.0705797623334505
MF,campus_15,loss1,Top 20,NDCG,0.05146,0.05159,0.00012999999999999817,0.2526233968130552
MF,campus_15,loss2,Top 10,Hit Ratio,0.02778,0.00872,-0.01906,-68.61051115910728
MF,campus_15,loss2,Top 10,Precision,0.03715,0.01166,-0.025490000000000002,-68.61372812920592
MF,campus_15,loss2,Top 10,Recall,0.03659,0.01236,-0.024229999999999998,-66.22027876468981
MF,campus_15,loss2,Top 10,NDCG,0.04975,0.015,-0.03475,-69.84924623115577
MF,campus_15,loss2,Top 20,Hit Ratio,0.04496,0.01714,-0.02782,-61.877224199288264
MF,campus_15,loss2,Top 20,Precision,0.03006,0.01146,-0.0186,-61.87624750499001
MF,campus_15,loss2,Top 20,Recall,0.05554,0.02338,-0.032159999999999994,-57.9042131796903
MF,campus_15,loss2,Top 20,NDCG,0.05146,0.01833,-0.03313,-64.38010104935873
MF,campus_15,loss3,Top 10,Hit Ratio,0.02778,0.02302,-0.00476,-17.13462922966163
MF,campus_15,loss3,Top 10,Precision,0.03715,0.03078,-0.006370000000000004,-17.14670255720055
MF,campus_15,loss3,Top 10,Recall,0.03659,0.03199,-0.0046,-12.571740912817711
MF,campus_15,loss3,Top 10,NDCG,0.04975,0.04171,-0.008040000000000005,-16.160804020100514
MF,campus_15,loss3,Top 20,Hit Ratio,0.04496,0.03904,-0.005920000000000002,-13.167259786476873
MF,campus_15,loss3,Top 20,Precision,0.03006,0.0261,-0.003959999999999998,-13.173652694610771
MF,campus_15,loss3,Top 20,Recall,0.05554,0.05158,-0.003959999999999998,-7.129996398991715
MF,campus_15,loss3,Top 20,NDCG,0.05146,0.04522,-0.0062399999999999956,-12.125923047026808
MF,campus_15,loss4,Top 10,Hit Ratio,0.02778,0.02962,0.0018400000000000014,6.623470122390214
MF,campus_15,loss4,Top 10,Precision,0.03715,0.03961,0.002459999999999997,6.621803499327044
MF,campus_15,loss4,Top 10,Recall,0.03659,0.0421,0.005510000000000001,15.058759223831652
MF,campus_15,loss4,Top 10,NDCG,0.04975,0.0545,0.004749999999999997,9.54773869346733
MF,campus_15,loss4,Top 20,Hit Ratio,0.04496,0.0474,0.0024399999999999977,5.427046263345191
MF,campus_15,loss4,Top 20,Precision,0.03006,0.03169,0.001630000000000003,5.422488356620104
MF,campus_15,loss4,Top 20,Recall,0.05554,0.06296,0.007420000000000003,13.359740727403679
MF,campus_15,loss4,Top 20,NDCG,0.05146,0.05644,0.004979999999999998,9.677419354838706
MF,campus_15,loss5,Top 10,Hit Ratio,0.02778,0.02691,-0.0008699999999999992,-3.1317494600431943
MF,campus_15,loss5,Top 10,Precision,0.03715,0.03599,-0.0011600000000000013,-3.12247644683715
MF,campus_15,loss5,Top 10,Recall,0.03659,0.03767,0.0010800000000000046,2.951626127357214
MF,campus_15,loss5,Top 10,NDCG,0.04975,0.05043,0.00068,1.3668341708542715
MF,campus_15,loss5,Top 20,Hit Ratio,0.04496,0.04336,-0.0015999999999999973,-3.5587188612099583
MF,campus_15,loss5,Top 20,Precision,0.03006,0.02899,-0.0010700000000000015,-3.5595475715236247
MF,campus_15,loss5,Top 20,Recall,0.05554,0.05724,0.0017000000000000001,3.060857039971192
MF,campus_15,loss5,Top 20,NDCG,0.05146,0.05249,0.0010300000000000031,2.0015546055188556
MF,campus_34,loss1,Top 10,Hit Ratio,0.06895,0.06968,0.0007300000000000084,1.0587382160986345
MF,campus_34,loss1,Top 10,Precision,0.03483,0.0352,0.00037000000000000227,1.0623026126902162
MF,campus_34,loss1,Top 10,Recall,0.07755,0.08285,0.005299999999999999,6.834300451321727
MF,campus_34,loss1,Top 10,NDCG,0.06655,0.06751,0.0009600000000000025,1.4425244177310332
MF,campus_34,loss1,Top 20,Hit Ratio,0.10477,0.10497,0.00019999999999999185,0.19089433998281172
MF,campus_34,loss1,Top 20,Precision,0.02646,0.02651,4.999999999999796e-05,0.1889644746787527
MF,campus_34,loss1,Top 20,Recall,0.11435,0.12208,0.007730000000000001,6.759947529514649
MF,campus_34,loss1,Top 20,NDCG,0.07922,0.08085,0.0016300000000000064,2.0575612219136663
MF,campus_34,loss2,Top 10,Hit Ratio,0.06895,0.06356,-0.005389999999999992,-7.817258883248719
MF,campus_34,loss2,Top 10,Precision,0.03483,0.0321,-0.0027300000000000033,-7.838070628768312
MF,campus_34,loss2,Top 10,Recall,0.07755,0.07446,-0.0030899999999999955,-3.984526112185681
MF,campus_34,loss2,Top 10,NDCG,0.06655,0.06225,-0.004299999999999998,-6.461307287753566
MF,campus_34,loss2,Top 20,Hit Ratio,0.10477,0.09499,-0.009779999999999997,-9.334733225159871
MF,campus_34,loss2,Top 20,Precision,0.02646,0.02399,-0.00247,-9.334845049130763
MF,campus_34,loss2,Top 20,Recall,0.11435,0.10756,-0.0067899999999999905,-5.937909925666805
MF,campus_34,loss2,Top 20,NDCG,0.07922,0.07347,-0.005750000000000005,-7.258268114112604
MF,campus_34,loss3,Top 10,Hit Ratio,0.06895,0.06956,0.0006099999999999994,0.8846990572878889
MF,campus_34,loss3,Top 10,Precision,0.03483,0.03514,0.0003099999999999978,0.8900373241458448
MF,campus_34,loss3,Top 10,Recall,0.07755,0.07279,-0.00476,-6.137975499677628
MF,campus_34,loss3,Top 10,NDCG,0.06655,0.06401,-0.0025400000000000006,-3.816679188580016
MF,campus_34,loss3,Top 20,Hit Ratio,0.10477,0.1057,0.0009300000000000003,0.8876586809201109
MF,campus_34,loss3,Top 20,Precision,0.02646,0.0267,0.00024000000000000063,0.9070294784580522
MF,campus_34,loss3,Top 20,Recall,0.11435,0.10754,-0.006809999999999997,-5.955400087450807
MF,campus_34,loss3,Top 20,NDCG,0.07922,0.07601,-0.0032100000000000045,-4.052007068921995
MF,campus_34,loss4,Top 10,Hit Ratio,0.06895,0.07378,0.004830000000000001,7.005076142131982
MF,campus_34,loss4,Top 10,Precision,0.03483,0.03727,0.0024399999999999977,7.005455067470565
MF,campus_34,loss4,Top 10,Recall,0.07755,0.0876,0.010050000000000003,12.959381044487433
MF,campus_34,loss4,Top 10,NDCG,0.06655,0.07161,0.005059999999999995,7.603305785123959
MF,campus_34,loss4,Top 20,Hit Ratio,0.10477,0.11507,0.010300000000000004,9.831058509115207
MF,campus_34,loss4,Top 20,Precision,0.02646,0.02906,0.002599999999999998,9.826152683295533
MF,campus_34,loss4,Top 20,Recall,0.11435,0.1337,0.01935000000000002,16.921731526016632
MF,campus_34,loss4,Top 20,NDCG,0.07922,0.0874,0.008180000000000007,10.325675334511496
MF,campus_34,loss5,Top 10,Hit Ratio,0.06895,0.07155,0.002600000000000005,3.7708484408992096
MF,campus_34,loss5,Top 10,Precision,0.03483,0.03614,0.0013099999999999987,3.7611254665518192
MF,campus_34,loss5,Top 10,Recall,0.07755,0.07683,-0.0007199999999999984,-0.9284332688587988
MF,campus_34,loss5,Top 10,NDCG,0.06655,0.06674,0.00018999999999999573,0.2854996243425932
MF,campus_34,loss5,Top 20,Hit Ratio,0.10477,0.10744,0.002669999999999992,2.5484394387706324
MF,campus_34,loss5,Top 20,Precision,0.02646,0.02714,0.00068,2.5699168556311416
MF,campus_34,loss5,Top 20,Recall,0.11435,0.11345,-0.000899999999999998,-0.7870572802798409
MF,campus_34,loss5,Top 20,NDCG,0.07922,0.07915,-7.000000000000062e-05,-0.08836152486745849
MixGCF,campus_10,loss1,Top 10,Hit Ratio,0.03465,0.02867,-0.005979999999999999,-17.258297258297254
MixGCF,campus_10,loss1,Top 10,Precision,0.03099,0.02565,-0.005340000000000001,-17.231364956437563
MixGCF,campus_10,loss1,Top 10,Recall,0.04606,0.0365,-0.009559999999999999,-20.75553625705601
MixGCF,campus_10,loss1,Top 10,NDCG,0.04869,0.03891,-0.009779999999999997,-20.086260012322853
MixGCF,campus_10,loss1,Top 20,Hit Ratio,0.05469,0.04395,-0.01074,-19.637959407569937
MixGCF,campus_10,loss1,Top 20,Precision,0.02446,0.01966,-0.004799999999999999,-19.6238757154538
MixGCF,campus_10,loss1,Top 20,Recall,0.06905,0.05358,-0.015469999999999998,-22.40405503258508
MixGCF,campus_10,loss1,Top 20,NDCG,0.05485,0.04302,-0.01183,-21.567912488605288
MixGCF,campus_10,loss2,Top 10,Hit Ratio,0.03465,0.02795,-0.006700000000000001,-19.33621933621934
MixGCF,campus_10,loss2,Top 10,Precision,0.03099,0.025,-0.005989999999999999,-19.328815747015163
MixGCF,campus_10,loss2,Top 10,Recall,0.04606,0.03492,-0.011139999999999997,-24.18584455058619
MixGCF,campus_10,loss2,Top 10,NDCG,0.04869,0.03897,-0.00972,-19.963031423290204
MixGCF,campus_10,loss2,Top 20,Hit Ratio,0.05469,0.04234,-0.01235,-22.581824830864875
MixGCF,campus_10,loss2,Top 20,Precision,0.02446,0.01894,-0.005520000000000001,-22.567457072771877
MixGCF,campus_10,loss2,Top 20,Recall,0.06905,0.05008,-0.01897,-27.472845763939173
MixGCF,campus_10,loss2,Top 20,NDCG,0.05485,0.04223,-0.012620000000000006,-23.00820419325434
MixGCF,campus_10,loss3,Top 10,Hit Ratio,0.03465,0.03417,-0.00048000000000000126,-1.385281385281389
MixGCF,campus_10,loss3,Top 10,Precision,0.03099,0.03057,-0.00042000000000000023,-1.355275895450146
MixGCF,campus_10,loss3,Top 10,Recall,0.04606,0.04373,-0.0023299999999999987,-5.058619192357792
MixGCF,campus_10,loss3,Top 10,NDCG,0.04869,0.04719,-0.0014999999999999944,-3.080714725816378
MixGCF,campus_10,loss3,Top 20,Hit Ratio,0.05469,0.05255,-0.002140000000000003,-3.9129639787895467
MixGCF,campus_10,loss3,Top 20,Precision,0.02446,0.02351,-0.0009499999999999995,-3.8838920686835627
MixGCF,campus_10,loss3,Top 20,Recall,0.06905,0.06445,-0.004600000000000007,-6.661839246922529
MixGCF,campus_10,loss3,Top 20,NDCG,0.05485,0.05225,-0.002600000000000005,-4.740200546946226
MixGCF,campus_10,loss4,Top 10,Hit Ratio,0.03465,0.004,-0.03065,-88.45598845598846
MixGCF,campus_10,loss4,Top 10,Precision,0.03099,0.00357,-0.02742,-88.48015488867377
MixGCF,campus_10,loss4,Top 10,Recall,0.04606,0.00422,-0.041839999999999995,-90.8380373425966
MixGCF,campus_10,loss4,Top 10,NDCG,0.04869,0.00413,-0.044559999999999995,-91.51776545491887
MixGCF,campus_10,loss4,Top 20,Hit Ratio,0.05469,0.00788,-0.046810000000000004,-85.59151581641983
MixGCF,campus_10,loss4,Top 20,Precision,0.02446,0.00353,-0.020929999999999997,-85.56827473426
MixGCF,campus_10,loss4,Top 20,Recall,0.06905,0.00822,-0.06083,-88.09558291093411
MixGCF,campus_10,loss4,Top 20,NDCG,0.05485,0.00547,-0.04938,-90.02734731084776
MixGCF,campus_10,loss5,Top 10,Hit Ratio,0.03465,0.03387,-0.0007800000000000029,-2.2510822510822597
MixGCF,campus_10,loss5,Top 10,Precision,0.03099,0.0303,-0.0006899999999999996,-2.22652468538238
MixGCF,campus_10,loss5,Top 10,Recall,0.04606,0.04242,-0.0036399999999999974,-7.902735562310026
MixGCF,campus_10,loss5,Top 10,NDCG,0.04869,0.04744,-0.0012499999999999942,-2.567262271513646
MixGCF,campus_10,loss5,Top 20,Hit Ratio,0.05469,0.0527,-0.0019900000000000057,-3.638690802706172
MixGCF,campus_10,loss5,Top 20,Precision,0.02446,0.02357,-0.0008899999999999984,-3.638593622240386
MixGCF,campus_10,loss5,Top 20,Recall,0.06905,0.06322,-0.005830000000000002,-8.443157132512674
MixGCF,campus_10,loss5,Top 20,NDCG,0.05485,0.0526,-0.002250000000000002,-4.102096627164999
MixGCF,campus_102,loss1,Top 10,Hit Ratio,0.04343,0.02006,-0.023370000000000002,-53.81072991020033
MixGCF,campus_102,loss1,Top 10,Precision,0.04071,0.01881,-0.021900000000000003,-53.79513633014001
MixGCF,campus_102,loss1,Top 10,Recall,0.05219,0.02614,-0.02605,-49.91377658555279
MixGCF,campus_102,loss1,Top 10,NDCG,0.06444,0.03267,-0.03177,-49.30167597765363
MixGCF,campus_102,loss1,Top 20,Hit Ratio,0.06477,0.02834,-0.03642999999999999,-56.2451752354485
MixGCF,campus_102,loss1,Top 20,Precision,0.03035,0.01328,-0.01707,-56.24382207578253
MixGCF,campus_102,loss1,Top 20,Recall,0.0745,0.03533,-0.039169999999999996,-52.577181208053695
MixGCF,campus_102,loss1,Top 20,NDCG,0.0685,0.03369,-0.03481000000000001,-50.81751824817518
MixGCF,campus_102,loss2,Top 10,Hit Ratio,0.04343,0.02821,-0.015220000000000004,-35.044899838821095
MixGCF,campus_102,loss2,Top 10,Precision,0.04071,0.02644,-0.014270000000000001,-35.05281257676246
MixGCF,campus_102,loss2,Top 10,Recall,0.05219,0.03269,-0.019500000000000003,-37.36347959379192
MixGCF,campus_102,loss2,Top 10,NDCG,0.06444,0.03773,-0.026709999999999998,-41.44941030415891
MixGCF,campus_102,loss2,Top 20,Hit Ratio,0.06477,0.04475,-0.020019999999999996,-30.90937162266481
MixGCF,campus_102,loss2,Top 20,Precision,0.03035,0.02097,-0.00938,-30.906095551894563
MixGCF,campus_102,loss2,Top 20,Recall,0.0745,0.04918,-0.025319999999999995,-33.98657718120805
MixGCF,campus_102,loss2,Top 20,NDCG,0.0685,0.04158,-0.026920000000000006,-39.29927007299271
MixGCF,campus_102,loss3,Top 10,Hit Ratio,0.04343,0.03283,-0.010600000000000005,-24.407091871977908
MixGCF,campus_102,loss3,Top 10,Precision,0.04071,0.03077,-0.009940000000000004,-24.416605256693696
MixGCF,campus_102,loss3,Top 10,Recall,0.05219,0.03814,-0.01405,-26.920866066296224
MixGCF,campus_102,loss3,Top 10,NDCG,0.06444,0.04213,-0.022309999999999997,-34.62135319677218
MixGCF,campus_102,loss3,Top 20,Hit Ratio,0.06477,0.05235,-0.012419999999999994,-19.1755442334414
MixGCF,campus_102,loss3,Top 20,Precision,0.03035,0.02453,-0.005819999999999999,-19.17627677100494
MixGCF,campus_102,loss3,Top 20,Recall,0.0745,0.0588,-0.0157,-21.073825503355703
MixGCF,campus_102,loss3,Top 20,NDCG,0.0685,0.04729,-0.021210000000000007,-30.963503649635044
MixGCF,campus_102,loss4,Top 10,Hit Ratio,0.04343,0.0053,-0.038130000000000004,-87.79645406401106
MixGCF,campus_102,loss4,Top 10,Precision,0.04071,0.00497,-0.03574,-87.79169737165316
MixGCF,campus_102,loss4,Top 10,Recall,0.05219,0.005,-0.04719,-90.41962061697643
MixGCF,campus_102,loss4,Top 10,NDCG,0.06444,0.0054,-0.059039999999999995,-91.62011173184356
MixGCF,campus_102,loss4,Top 20,Hit Ratio,0.06477,0.01082,-0.05395,-83.29473521692142
MixGCF,campus_102,loss4,Top 20,Precision,0.03035,0.00507,-0.025279999999999997,-83.29489291598023
MixGCF,campus_102,loss4,Top 20,Recall,0.0745,0.01034,-0.06416,-86.12080536912752
MixGCF,campus_102,loss4,Top 20,NDCG,0.0685,0.0073,-0.061200000000000004,-89.34306569343066
MixGCF,campus_102,loss5,Top 10,Hit Ratio,0.04343,0.03318,-0.010250000000000002,-23.60119732903523
MixGCF,campus_102,loss5,Top 10,Precision,0.04071,0.0311,-0.009610000000000004,-23.60599361336282
MixGCF,campus_102,loss5,Top 10,Recall,0.05219,0.038,-0.014190000000000001,-27.189116689020885
MixGCF,campus_102,loss5,Top 10,NDCG,0.06444,0.04243,-0.022009999999999995,-34.155803848541275
MixGCF,campus_102,loss5,Top 20,Hit Ratio,0.06477,0.05241,-0.012359999999999996,-19.082908754052795
MixGCF,campus_102,loss5,Top 20,Precision,0.03035,0.02456,-0.00579,-19.077429983525537
MixGCF,campus_102,loss5,Top 20,Recall,0.0745,0.05882,-0.01568,-21.04697986577181
MixGCF,campus_102,loss5,Top 20,NDCG,0.0685,0.04754,-0.020960000000000006,-30.59854014598541
MixGCF,campus_143,loss1,Top 10,Hit Ratio,0.07297,0.04811,-0.024859999999999993,-34.06879539536795
MixGCF,campus_143,loss1,Top 10,Precision,0.02346,0.01547,-0.007990000000000002,-34.05797101449276
MixGCF,campus_143,loss1,Top 10,Recall,0.07358,0.04415,-0.029430000000000005,-39.997281870073394
MixGCF,campus_143,loss1,Top 10,NDCG,0.05679,0.03597,-0.020819999999999998,-36.66138404648706
MixGCF,campus_143,loss1,Top 20,Hit Ratio,0.10418,0.06663,-0.03755,-36.043386446534846
MixGCF,campus_143,loss1,Top 20,Precision,0.01675,0.01071,-0.00604,-36.05970149253731
MixGCF,campus_143,loss1,Top 20,Recall,0.10286,0.06114,-0.04171999999999999,-40.55998444487653
MixGCF,campus_143,loss1,Top 20,NDCG,0.06678,0.04172,-0.025060000000000006,-37.526205450733755
MixGCF,campus_143,loss2,Top 10,Hit Ratio,0.07297,0.04921,-0.023759999999999996,-32.56132657256406
MixGCF,campus_143,loss2,Top 10,Precision,0.02346,0.01582,-0.007640000000000001,-32.56606990622336
MixGCF,campus_143,loss2,Top 10,Recall,0.07358,0.04502,-0.02856000000000001,-38.81489535199783
MixGCF,campus_143,loss2,Top 10,NDCG,0.05679,0.0361,-0.02069,-36.43247050537066
MixGCF,campus_143,loss2,Top 20,Hit Ratio,0.10418,0.06825,-0.03592999999999999,-34.488385486657705
MixGCF,campus_143,loss2,Top 20,Precision,0.01675,0.01097,-0.00578,-34.507462686567166
MixGCF,campus_143,loss2,Top 20,Recall,0.10286,0.06228,-0.04057999999999999,-39.45168189772505
MixGCF,campus_143,loss2,Top 20,NDCG,0.06678,0.04183,-0.024950000000000007,-37.361485474693026
MixGCF,campus_143,loss3,Top 10,Hit Ratio,0.07297,0.0597,-0.01326999999999999,-18.18555570782512
MixGCF,campus_143,loss3,Top 10,Precision,0.02346,0.01919,-0.004270000000000003,-18.201193520886626
MixGCF,campus_143,loss3,Top 10,Recall,0.07358,0.05997,-0.013610000000000004,-18.496874150584404
MixGCF,campus_143,loss3,Top 10,NDCG,0.05679,0.04608,-0.010709999999999997,-18.85895404120443
MixGCF,campus_143,loss3,Top 20,Hit Ratio,0.10418,0.08722,-0.01695999999999999,-16.279516221923586
MixGCF,campus_143,loss3,Top 20,Precision,0.01675,0.01402,-0.0027300000000000015,-16.298507462686576
MixGCF,campus_143,loss3,Top 20,Recall,0.10286,0.0885,-0.014359999999999998,-13.960723313241296
MixGCF,campus_143,loss3,Top 20,NDCG,0.06678,0.05544,-0.011340000000000003,-16.9811320754717
MixGCF,campus_143,loss4,Top 10,Hit Ratio,0.07297,0.01988,-0.05309,-72.75592709332604
MixGCF,campus_143,loss4,Top 10,Precision,0.02346,0.00639,-0.017070000000000002,-72.76214833759592
MixGCF,campus_143,loss4,Top 10,Recall,0.07358,0.01907,-0.05451,-74.08263114976896
MixGCF,campus_143,loss4,Top 10,NDCG,0.05679,0.01289,-0.0439,-77.30234196161297
MixGCF,campus_143,loss4,Top 20,Hit Ratio,0.10418,0.03399,-0.07019,-67.37377615665196
MixGCF,campus_143,loss4,Top 20,Precision,0.01675,0.00546,-0.011290000000000001,-67.40298507462687
MixGCF,campus_143,loss4,Top 20,Recall,0.10286,0.0317,-0.07116,-69.1814116274548
MixGCF,campus_143,loss4,Top 20,NDCG,0.06678,0.01718,-0.049600000000000005,-74.27373465109314
MixGCF,campus_143,loss5,Top 10,Hit Ratio,0.07297,0.05815,-0.014819999999999993,-20.309716321776065
MixGCF,campus_143,loss5,Top 10,Precision,0.02346,0.01869,-0.004770000000000003,-20.332480818414336
MixGCF,campus_143,loss5,Top 10,Recall,0.07358,0.05744,-0.01614000000000001,-21.93530850774668
MixGCF,campus_143,loss5,Top 10,NDCG,0.05679,0.04508,-0.011709999999999998,-20.619827434407462
MixGCF,campus_143,loss5,Top 20,Hit Ratio,0.10418,0.08754,-0.016639999999999988,-15.972355538491062
MixGCF,campus_143,loss5,Top 20,Precision,0.01675,0.01407,-0.002680000000000002,-16.000000000000007
MixGCF,campus_143,loss5,Top 20,Recall,0.10286,0.08609,-0.016769999999999993,-16.30371378572817
MixGCF,campus_143,loss5,Top 20,NDCG,0.06678,0.05468,-0.012100000000000007,-18.119197364480392
MixGCF,campus_15,loss1,Top 10,Hit Ratio,0.03173,0.02656,-0.005170000000000001,-16.293728332808072
MixGCF,campus_15,loss1,Top 10,Precision,0.04243,0.03551,-0.0069200000000000025,-16.309215177940143
MixGCF,campus_15,loss1,Top 10,Recall,0.0402,0.03004,-0.010159999999999999,-25.273631840796018
MixGCF,campus_15,loss1,Top 10,NDCG,0.05807,0.04741,-0.010659999999999996,-18.357155157568446
MixGCF,campus_15,loss1,Top 20,Hit Ratio,0.04932,0.04144,-0.007880000000000005,-15.977291159772921
MixGCF,campus_15,loss1,Top 20,Precision,0.03298,0.02771,-0.005270000000000004,-15.97938144329898
MixGCF,campus_15,loss1,Top 20,Recall,0.05788,0.04418,-0.013700000000000004,-23.66966136834831
MixGCF,campus_15,loss1,Top 20,NDCG,0.05808,0.04646,-0.011619999999999998,-20.006887052341597
MixGCF,campus_15,loss2,Top 10,Hit Ratio,0.03173,0.0274,-0.0043300000000000005,-13.646391427670975
MixGCF,campus_15,loss2,Top 10,Precision,0.04243,0.03664,-0.0057900000000000035,-13.646005185010612
MixGCF,campus_15,loss2,Top 10,Recall,0.0402,0.03083,-0.00937,-23.308457711442788
MixGCF,campus_15,loss2,Top 10,NDCG,0.05807,0.048,-0.010069999999999996,-17.341140003444114
MixGCF,campus_15,loss2,Top 20,Hit Ratio,0.04932,0.04275,-0.0065699999999999995,-13.321167883211677
MixGCF,campus_15,loss2,Top 20,Precision,0.03298,0.02858,-0.004400000000000001,-13.341419041843544
MixGCF,campus_15,loss2,Top 20,Recall,0.05788,0.04623,-0.01165,-20.127850725639256
MixGCF,campus_15,loss2,Top 20,NDCG,0.05808,0.04732,-0.010759999999999999,-18.52617079889807
MixGCF,campus_15,loss3,Top 10,Hit Ratio,0.03173,0.02876,-0.0029700000000000004,-9.36022691459187
MixGCF,campus_15,loss3,Top 10,Precision,0.04243,0.03846,-0.003970000000000001,-9.356587320292249
MixGCF,campus_15,loss3,Top 10,Recall,0.0402,0.03631,-0.0038899999999999976,-9.67661691542288
MixGCF,campus_15,loss3,Top 10,NDCG,0.05807,0.05184,-0.006229999999999999,-10.72843120371965
MixGCF,campus_15,loss3,Top 20,Hit Ratio,0.04932,0.04425,-0.005070000000000005,-10.279805352798062
MixGCF,campus_15,loss3,Top 20,Precision,0.03298,0.02959,-0.0033900000000000007,-10.278956943602184
MixGCF,campus_15,loss3,Top 20,Recall,0.05788,0.05268,-0.005200000000000003,-8.98410504492053
MixGCF,campus_15,loss3,Top 20,NDCG,0.05808,0.05149,-0.006589999999999999,-11.346418732782366
MixGCF,campus_15,loss4,Top 10,Hit Ratio,0.03173,0.00279,-0.02894,-91.20705956508036
MixGCF,campus_15,loss4,Top 10,Precision,0.04243,0.00373,-0.038700000000000005,-91.20905020032997
MixGCF,campus_15,loss4,Top 10,Recall,0.0402,0.00374,-0.03646,-90.69651741293532
MixGCF,campus_15,loss4,Top 10,NDCG,0.05807,0.00429,-0.053779999999999994,-92.61236438780782
MixGCF,campus_15,loss4,Top 20,Hit Ratio,0.04932,0.0056,-0.04372,-88.64557988645579
MixGCF,campus_15,loss4,Top 20,Precision,0.03298,0.00375,-0.029230000000000003,-88.6294724075197
MixGCF,campus_15,loss4,Top 20,Recall,0.05788,0.00732,-0.05056,-87.35314443676572
MixGCF,campus_15,loss4,Top 20,NDCG,0.05808,0.00537,-0.05271,-90.75413223140497
MixGCF,campus_15,loss5,Top 10,Hit Ratio,0.03173,0.02881,-0.0029200000000000025,-9.202647336905144
MixGCF,campus_15,loss5,Top 10,Precision,0.04243,0.03853,-0.0039000000000000007,-9.191609710110772
MixGCF,campus_15,loss5,Top 10,Recall,0.0402,0.03607,-0.004130000000000002,-10.273631840796025
MixGCF,campus_15,loss5,Top 10,NDCG,0.05807,0.05141,-0.006659999999999999,-11.468916824522129
MixGCF,campus_15,loss5,Top 20,Hit Ratio,0.04932,0.04444,-0.004880000000000002,-9.894566098945665
MixGCF,campus_15,loss5,Top 20,Precision,0.03298,0.02971,-0.003270000000000002,-9.91510006064282
MixGCF,campus_15,loss5,Top 20,Recall,0.05788,0.05332,-0.0045600000000000016,-7.878369039391847
MixGCF,campus_15,loss5,Top 20,NDCG,0.05808,0.05124,-0.006839999999999999,-11.77685950413223
MixGCF,campus_34,loss1,Top 10,Hit Ratio,0.07394,0.03078,-0.043160000000000004,-58.37165269137138
MixGCF,campus_34,loss1,Top 10,Precision,0.03735,0.01555,-0.0218,-58.36680053547523
MixGCF,campus_34,loss1,Top 10,Recall,0.088,0.0315,-0.056499999999999995,-64.20454545454545
MixGCF,campus_34,loss1,Top 10,NDCG,0.07278,0.02865,-0.04413,-60.63478977741138
MixGCF,campus_34,loss1,Top 20,Hit Ratio,0.10071,0.04656,-0.05415,-53.76824545725351
MixGCF,campus_34,loss1,Top 20,Precision,0.02544,0.01176,-0.013680000000000001,-53.77358490566038
MixGCF,campus_34,loss1,Top 20,Recall,0.11585,0.04674,-0.06911,-59.65472593871386
MixGCF,campus_34,loss1,Top 20,NDCG,0.08209,0.03379,-0.048299999999999996,-58.83786088439518
MixGCF,campus_34,loss2,Top 10,Hit Ratio,0.07394,0.04965,-0.024290000000000006,-32.850960238030844
MixGCF,campus_34,loss2,Top 10,Precision,0.03735,0.02508,-0.01227,-32.85140562248996
MixGCF,campus_34,loss2,Top 10,Recall,0.088,0.05311,-0.03489,-39.64772727272727
MixGCF,campus_34,loss2,Top 10,NDCG,0.07278,0.04772,-0.02506,-34.43253641110195
MixGCF,campus_34,loss2,Top 20,Hit Ratio,0.10071,0.07151,-0.02919999999999999,-28.99414159467778
MixGCF,campus_34,loss2,Top 20,Precision,0.02544,0.01806,-0.007380000000000001,-29.009433962264154
MixGCF,campus_34,loss2,Top 20,Recall,0.11585,0.07404,-0.04181,-36.0897712559344
MixGCF,campus_34,loss2,Top 20,NDCG,0.08209,0.05493,-0.027159999999999997,-33.08563771470337
MixGCF,campus_34,loss3,Top 10,Hit Ratio,0.07394,0.0563,-0.017640000000000003,-23.857181498512308
MixGCF,campus_34,loss3,Top 10,Precision,0.03735,0.02844,-0.008910000000000001,-23.855421686746993
MixGCF,campus_34,loss3,Top 10,Recall,0.088,0.06147,-0.026529999999999998,-30.14772727272727
MixGCF,campus_34,loss3,Top 10,NDCG,0.07278,0.05386,-0.01892,-25.99615278922781
MixGCF,campus_34,loss3,Top 20,Hit Ratio,0.10071,0.07974,-0.02096999999999999,-20.822162645218935
MixGCF,campus_34,loss3,Top 20,Precision,0.02544,0.02014,-0.005299999999999999,-20.83333333333333
MixGCF,campus_34,loss3,Top 20,Recall,0.11585,0.0856,-0.03025,-26.111350884764782
MixGCF,campus_34,loss3,Top 20,NDCG,0.08209,0.06183,-0.020259999999999993,-24.68022901693263
MixGCF,campus_34,loss4,Top 10,Hit Ratio,0.07394,0.03156,-0.04238000000000001,-57.316743305382744
MixGCF,campus_34,loss4,Top 10,Precision,0.03735,0.01594,-0.021410000000000002,-57.32262382864792
MixGCF,campus_34,loss4,Top 10,Recall,0.088,0.0363,-0.051699999999999996,-58.75
MixGCF,campus_34,loss4,Top 10,NDCG,0.07278,0.03441,-0.038369999999999994,-52.720527617477316
MixGCF,campus_34,loss4,Top 20,Hit Ratio,0.10071,0.04437,-0.056339999999999994,-55.94280607685433
MixGCF,campus_34,loss4,Top 20,Precision,0.02544,0.01121,-0.014230000000000001,-55.935534591194966
MixGCF,campus_34,loss4,Top 20,Recall,0.11585,0.04969,-0.06616,-57.10832973672852
MixGCF,campus_34,loss4,Top 20,NDCG,0.08209,0.03872,-0.04337,-52.832257278596664
MixGCF,campus_34,loss5,Top 10,Hit Ratio,0.07394,0.05764,-0.01630000000000001,-22.044901271301065
MixGCF,campus_34,loss5,Top 10,Precision,0.03735,0.02911,-0.00824,-22.0615796519411
MixGCF,campus_34,loss5,Top 10,Recall,0.088,0.06401,-0.023989999999999997,-27.261363636363633
MixGCF,campus_34,loss5,Top 10,NDCG,0.07278,0.05588,-0.0169,-23.22066501786205
MixGCF,campus_34,loss5,Top 20,Hit Ratio,0.10071,0.08124,-0.019469999999999987,-19.332737563300554
MixGCF,campus_34,loss5,Top 20,Precision,0.02544,0.02052,-0.004920000000000001,-19.339622641509436
MixGCF,campus_34,loss5,Top 20,Recall,0.11585,0.08659,-0.029259999999999994,-25.25679758308157
MixGCF,campus_34,loss5,Top 20,NDCG,0.08209,0.06349,-0.01859999999999999,-22.65805822877329
NCL,campus_10,loss1,Top 10,Hit Ratio,0.04014,0.03735,-0.002790000000000001,-6.950672645739912
NCL,campus_10,loss1,Top 10,Precision,0.03591,0.03341,-0.0024999999999999953,-6.961849067112212
NCL,campus_10,loss1,Top 10,Recall,0.05498,0.05057,-0.004410000000000004,-8.021098581302299
NCL,campus_10,loss1,Top 10,NDCG,0.0564,0.05273,-0.0036699999999999997,-6.50709219858156
NCL,campus_10,loss1,Top 20,Hit Ratio,0.06203,0.05749,-0.004540000000000002,-7.319039174592942
NCL,campus_10,loss1,Top 20,Precision,0.02774,0.02571,-0.0020300000000000006,-7.31795241528479
NCL,campus_10,loss1,Top 20,Recall,0.08348,0.07406,-0.009419999999999998,-11.284139913751796
NCL,campus_10,loss1,Top 20,NDCG,0.06344,0.05871,-0.004729999999999998,-7.455863808322823
NCL,campus_10,loss2,Top 10,Hit Ratio,0.04014,0.03763,-0.0025100000000000053,-6.253114100647745
NCL,campus_10,loss2,Top 10,Precision,0.03591,0.03367,-0.002239999999999999,-6.2378167641325515
NCL,campus_10,loss2,Top 10,Recall,0.05498,0.05162,-0.003360000000000002,-6.11131320480175
NCL,campus_10,loss2,Top 10,NDCG,0.0564,0.05336,-0.003040000000000001,-5.390070921985818
NCL,campus_10,loss2,Top 20,Hit Ratio,0.06203,0.05844,-0.003590000000000003,-5.78752216669354
NCL,campus_10,loss2,Top 20,Precision,0.02774,0.02614,-0.0016000000000000007,-5.767844268204761
NCL,campus_10,loss2,Top 20,Recall,0.08348,0.07616,-0.007319999999999993,-8.768567321514126
NCL,campus_10,loss2,Top 20,NDCG,0.06344,0.05986,-0.00358,-5.64312736443884
NCL,campus_10,loss3,Top 10,Hit Ratio,0.04014,0.03916,-0.0009800000000000017,-2.441454907822625
NCL,campus_10,loss3,Top 10,Precision,0.03591,0.03503,-0.0008799999999999988,-2.4505708716235004
NCL,campus_10,loss3,Top 10,Recall,0.05498,0.05468,-0.00030000000000000165,-0.5456529647144447
NCL,campus_10,loss3,Top 10,NDCG,0.0564,0.05538,-0.00102,-1.8085106382978726
NCL,campus_10,loss3,Top 20,Hit Ratio,0.06203,0.0604,-0.0016299999999999995,-2.6277607609221336
NCL,campus_10,loss3,Top 20,Precision,0.02774,0.02702,-0.0007200000000000019,-2.5955299206921483
NCL,campus_10,loss3,Top 20,Recall,0.08348,0.08088,-0.002600000000000005,-3.1145184475323493
NCL,campus_10,loss3,Top 20,NDCG,0.06344,0.06182,-0.0016199999999999964,-2.5535939470365645
NCL,campus_10,loss4,Top 10,Hit Ratio,0.04014,0.03689,-0.003250000000000003,-8.096661684105637
NCL,campus_10,loss4,Top 10,Precision,0.03591,0.033,-0.002909999999999996,-8.10359231411862
NCL,campus_10,loss4,Top 10,Recall,0.05498,0.04998,-0.0050000000000000044,-9.094216078574034
NCL,campus_10,loss4,Top 10,NDCG,0.0564,0.05215,-0.004249999999999997,-7.535460992907796
NCL,campus_10,loss4,Top 20,Hit Ratio,0.06203,0.05775,-0.004279999999999999,-6.899887151378363
NCL,campus_10,loss4,Top 20,Precision,0.02774,0.02583,-0.001910000000000002,-6.885364095169437
NCL,campus_10,loss4,Top 20,Recall,0.08348,0.07487,-0.008609999999999993,-10.313847628174404
NCL,campus_10,loss4,Top 20,NDCG,0.06344,0.05851,-0.004929999999999997,-7.771122320302644
NCL,campus_10,loss5,Top 10,Hit Ratio,0.04014,0.04004,-0.00010000000000000286,-0.2491280518186419
NCL,campus_10,loss5,Top 10,Precision,0.03591,0.03582,-8.99999999999998e-05,-0.2506265664160396
NCL,campus_10,loss5,Top 10,Recall,0.05498,0.05489,-8.99999999999998e-05,-0.16369588941433214
NCL,campus_10,loss5,Top 10,NDCG,0.0564,0.05616,-0.00023999999999999716,-0.425531914893612
NCL,campus_10,loss5,Top 20,Hit Ratio,0.06203,0.06076,-0.0012700000000000003,-2.0473964210865714
NCL,campus_10,loss5,Top 20,Precision,0.02774,0.02717,-0.0005700000000000011,-2.054794520547949
NCL,campus_10,loss5,Top 20,Recall,0.08348,0.07943,-0.004049999999999998,-4.851461427886917
NCL,campus_10,loss5,Top 20,NDCG,0.06344,0.06201,-0.0014299999999999938,-2.254098360655728
NCL,campus_102,loss1,Top 10,Hit Ratio,0.05756,0.04994,-0.007620000000000002,-13.23835997220292
NCL,campus_102,loss1,Top 10,Precision,0.05395,0.04681,-0.0071400000000000005,-13.23447636700649
NCL,campus_102,loss1,Top 10,Recall,0.0719,0.0626,-0.009300000000000003,-12.934631432545205
NCL,campus_102,loss1,Top 10,NDCG,0.08348,0.07091,-0.012569999999999998,-15.057498802108288
NCL,campus_102,loss1,Top 20,Hit Ratio,0.08704,0.0767,-0.010340000000000002,-11.879595588235295
NCL,campus_102,loss1,Top 20,Precision,0.04079,0.03595,-0.004839999999999997,-11.865653346408427
NCL,campus_102,loss1,Top 20,Recall,0.10284,0.09122,-0.011620000000000005,-11.299105406456638
NCL,campus_102,loss1,Top 20,NDCG,0.09026,0.07755,-0.012710000000000013,-14.081542211389333
NCL,campus_102,loss2,Top 10,Hit Ratio,0.05756,0.04994,-0.007620000000000002,-13.23835997220292
NCL,campus_102,loss2,Top 10,Precision,0.05395,0.04681,-0.0071400000000000005,-13.23447636700649
NCL,campus_102,loss2,Top 10,Recall,0.0719,0.06274,-0.009160000000000001,-12.739916550764951
NCL,campus_102,loss2,Top 10,NDCG,0.08348,0.07197,-0.011509999999999992,-13.787733588883555
NCL,campus_102,loss2,Top 20,Hit Ratio,0.08704,0.0764,-0.01064000000000001,-12.224264705882364
NCL,campus_102,loss2,Top 20,Precision,0.04079,0.0358,-0.004990000000000001,-12.233390536896302
NCL,campus_102,loss2,Top 20,Recall,0.10284,0.09047,-0.012370000000000006,-12.028393621159088
NCL,campus_102,loss2,Top 20,NDCG,0.09026,0.07809,-0.01217,-13.483270551739418
NCL,campus_102,loss3,Top 10,Hit Ratio,0.05756,0.05482,-0.0027399999999999994,-4.760250173731757
NCL,campus_102,loss3,Top 10,Precision,0.05395,0.05139,-0.0025599999999999998,-4.7451343836886
NCL,campus_102,loss3,Top 10,Recall,0.0719,0.06759,-0.004310000000000008,-5.994436717663432
NCL,campus_102,loss3,Top 10,NDCG,0.08348,0.07968,-0.003799999999999998,-4.551988500239576
NCL,campus_102,loss3,Top 20,Hit Ratio,0.08704,0.08284,-0.004200000000000009,-4.825367647058834
NCL,campus_102,loss3,Top 20,Precision,0.04079,0.03882,-0.0019699999999999995,-4.829615101740622
NCL,campus_102,loss3,Top 20,Recall,0.10284,0.09654,-0.0063,-6.1260210035005835
NCL,campus_102,loss3,Top 20,NDCG,0.09026,0.08569,-0.004570000000000005,-5.063150897407494
NCL,campus_102,loss4,Top 10,Hit Ratio,0.05756,0.04932,-0.008239999999999997,-14.315496872828348
NCL,campus_102,loss4,Top 10,Precision,0.05395,0.04623,-0.007719999999999998,-14.309545875810933
NCL,campus_102,loss4,Top 10,Recall,0.0719,0.06168,-0.010220000000000007,-14.214186369958284
NCL,campus_102,loss4,Top 10,NDCG,0.08348,0.07067,-0.012810000000000002,-15.344992812649739
NCL,campus_102,loss4,Top 20,Hit Ratio,0.08704,0.07554,-0.01150000000000001,-13.212316176470598
NCL,campus_102,loss4,Top 20,Precision,0.04079,0.0354,-0.005389999999999999,-13.214023044863934
NCL,campus_102,loss4,Top 20,Recall,0.10284,0.08885,-0.013990000000000002,-13.603656164916378
NCL,campus_102,loss4,Top 20,NDCG,0.09026,0.07665,-0.013610000000000011,-15.078661644139165
NCL,campus_102,loss5,Top 10,Hit Ratio,0.05756,0.05491,-0.0026499999999999996,-4.603891591382904
NCL,campus_102,loss5,Top 10,Precision,0.05395,0.05147,-0.002479999999999996,-4.5968489341983245
NCL,campus_102,loss5,Top 10,Recall,0.0719,0.06856,-0.0033400000000000096,-4.645340751043128
NCL,campus_102,loss5,Top 10,NDCG,0.08348,0.07993,-0.0035499999999999976,-4.252515572592235
NCL,campus_102,loss5,Top 20,Hit Ratio,0.08704,0.08347,-0.0035700000000000037,-4.101562500000004
NCL,campus_102,loss5,Top 20,Precision,0.04079,0.03912,-0.0016699999999999979,-4.094140720764888
NCL,campus_102,loss5,Top 20,Recall,0.10284,0.09911,-0.003729999999999997,-3.6269933877868503
NCL,campus_102,loss5,Top 20,NDCG,0.09026,0.08657,-0.0036900000000000127,-4.088189674274332
NCL,campus_143,loss1,Top 10,Hit Ratio,0.0924,0.08903,-0.003369999999999998,-3.6471861471861455
NCL,campus_143,loss1,Top 10,Precision,0.0297,0.02862,-0.001080000000000001,-3.63636363636364
NCL,campus_143,loss1,Top 10,Recall,0.10041,0.09375,-0.006659999999999999,-6.632805497460412
NCL,campus_143,loss1,Top 10,NDCG,0.07434,0.06964,-0.00470000000000001,-6.322302932472438
NCL,campus_143,loss1,Top 20,Hit Ratio,0.14621,0.13267,-0.013539999999999996,-9.260652486150054
NCL,campus_143,loss1,Top 20,Precision,0.0235,0.02133,-0.002170000000000002,-9.234042553191497
NCL,campus_143,loss1,Top 20,Recall,0.15391,0.13397,-0.019939999999999986,-12.955623416282233
NCL,campus_143,loss1,Top 20,NDCG,0.09229,0.08322,-0.009069999999999995,-9.827716979087652
NCL,campus_143,loss2,Top 10,Hit Ratio,0.0924,0.09052,-0.0018799999999999928,-2.034632034632027
NCL,campus_143,loss2,Top 10,Precision,0.0297,0.0291,-0.0005999999999999998,-2.02020202020202
NCL,campus_143,loss2,Top 10,Recall,0.10041,0.09402,-0.006389999999999993,-6.363907977293091
NCL,campus_143,loss2,Top 10,NDCG,0.07434,0.06952,-0.004820000000000005,-6.483723432875982
NCL,campus_143,loss2,Top 20,Hit Ratio,0.14621,0.13319,-0.013020000000000004,-8.90499965802613
NCL,campus_143,loss2,Top 20,Precision,0.0235,0.02141,-0.0020900000000000016,-8.893617021276603
NCL,campus_143,loss2,Top 20,Recall,0.15391,0.13392,-0.01998999999999998,-12.98810993437722
NCL,campus_143,loss2,Top 20,NDCG,0.09229,0.08299,-0.009300000000000003,-10.076931411853941
NCL,campus_143,loss3,Top 10,Hit Ratio,0.0924,0.09033,-0.0020700000000000024,-2.2402597402597433
NCL,campus_143,loss3,Top 10,Precision,0.0297,0.02904,-0.0006600000000000009,-2.222222222222225
NCL,campus_143,loss3,Top 10,Recall,0.10041,0.09719,-0.0032200000000000006,-3.206851907180561
NCL,campus_143,loss3,Top 10,NDCG,0.07434,0.07181,-0.0025300000000000045,-3.4032822168415446
NCL,campus_143,loss3,Top 20,Hit Ratio,0.14621,0.13947,-0.006739999999999996,-4.609807810683261
NCL,campus_143,loss3,Top 20,Precision,0.0235,0.02242,-0.001080000000000001,-4.595744680851069
NCL,campus_143,loss3,Top 20,Recall,0.15391,0.14502,-0.008889999999999981,-5.776102917289313
NCL,campus_143,loss3,Top 20,NDCG,0.09229,0.08793,-0.004360000000000003,-4.724238812439054
NCL,campus_143,loss4,Top 10,Hit Ratio,0.0924,0.08806,-0.004339999999999997,-4.696969696969693
NCL,campus_143,loss4,Top 10,Precision,0.0297,0.02831,-0.0013900000000000023,-4.680134680134688
NCL,campus_143,loss4,Top 10,Recall,0.10041,0.09105,-0.009359999999999993,-9.321780699133546
NCL,campus_143,loss4,Top 10,NDCG,0.07434,0.06802,-0.006320000000000006,-8.501479687920375
NCL,campus_143,loss4,Top 20,Hit Ratio,0.14621,0.13384,-0.01237000000000002,-8.460433622871227
NCL,campus_143,loss4,Top 20,Precision,0.0235,0.02151,-0.0019899999999999987,-8.468085106382974
NCL,campus_143,loss4,Top 20,Recall,0.15391,0.13413,-0.019779999999999992,-12.85166655837827
NCL,campus_143,loss4,Top 20,NDCG,0.09229,0.08251,-0.009779999999999997,-10.597031097627042
NCL,campus_143,loss5,Top 10,Hit Ratio,0.0924,0.09305,0.0006499999999999978,0.7034632034632011
NCL,campus_143,loss5,Top 10,Precision,0.0297,0.02991,0.00020999999999999838,0.7070707070707016
NCL,campus_143,loss5,Top 10,Recall,0.10041,0.09958,-0.0008299999999999974,-0.826610895329148
NCL,campus_143,loss5,Top 10,NDCG,0.07434,0.0732,-0.0011400000000000021,-1.5334947538337398
NCL,campus_143,loss5,Top 20,Hit Ratio,0.14621,0.1431,-0.0031100000000000017,-2.1270774912796675
NCL,campus_143,loss5,Top 20,Precision,0.0235,0.023,-0.0005000000000000004,-2.1276595744680873
NCL,campus_143,loss5,Top 20,Recall,0.15391,0.14793,-0.005979999999999985,-3.8853875641608635
NCL,campus_143,loss5,Top 20,NDCG,0.09229,0.08951,-0.002779999999999991,-3.0122440134358985
NCL,campus_15,loss1,Top 10,Hit Ratio,0.03177,0.03116,-0.0006099999999999994,-1.9200503619767058
NCL,campus_15,loss1,Top 10,Precision,0.04248,0.04166,-0.0008199999999999943,-1.9303201506591205
NCL,campus_15,loss1,Top 10,Recall,0.04638,0.04224,-0.004139999999999998,-8.926261319534277
NCL,campus_15,loss1,Top 10,NDCG,0.05991,0.0571,-0.00281,-4.690368886663329
NCL,campus_15,loss1,Top 20,Hit Ratio,0.05022,0.04862,-0.0016000000000000042,-3.1859816806053445
NCL,campus_15,loss1,Top 20,Precision,0.03358,0.03251,-0.0010700000000000015,-3.1864204883859486
NCL,campus_15,loss1,Top 20,Recall,0.06956,0.06384,-0.005720000000000003,-8.223116733755036
NCL,campus_15,loss1,Top 20,NDCG,0.06227,0.05852,-0.0037499999999999964,-6.02216155452063
NCL,campus_15,loss2,Top 10,Hit Ratio,0.03177,0.0309,-0.0008699999999999992,-2.738432483474974
NCL,campus_15,loss2,Top 10,Precision,0.04248,0.04132,-0.0011599999999999944,-2.7306967984933954
NCL,campus_15,loss2,Top 10,Recall,0.04638,0.0426,-0.0037799999999999986,-8.150064683053039
NCL,campus_15,loss2,Top 10,NDCG,0.05991,0.05695,-0.0029599999999999974,-4.940744450008341
NCL,campus_15,loss2,Top 20,Hit Ratio,0.05022,0.04853,-0.001690000000000004,-3.3651931501393944
NCL,campus_15,loss2,Top 20,Precision,0.03358,0.03245,-0.001129999999999999,-3.3650982727814145
NCL,campus_15,loss2,Top 20,Recall,0.06956,0.06397,-0.005589999999999998,-8.036227717078779
NCL,campus_15,loss2,Top 20,NDCG,0.06227,0.05869,-0.00358,-5.749156897382367
NCL,campus_15,loss3,Top 10,Hit Ratio,0.03177,0.03163,-0.00014000000000000123,-0.4406672961913794
NCL,campus_15,loss3,Top 10,Precision,0.04248,0.04229,-0.00018999999999999573,-0.4472693032014966
NCL,campus_15,loss3,Top 10,Recall,0.04638,0.04394,-0.0024399999999999977,-5.260888313928413
NCL,campus_15,loss3,Top 10,NDCG,0.05991,0.05896,-0.0009499999999999995,-1.5857119011851102
NCL,campus_15,loss3,Top 20,Hit Ratio,0.05022,0.0494,-0.0008200000000000013,-1.6328156113102374
NCL,campus_15,loss3,Top 20,Precision,0.03358,0.03303,-0.0005500000000000019,-1.637879690291846
NCL,campus_15,loss3,Top 20,Recall,0.06956,0.06524,-0.0043199999999999905,-6.210465784933857
NCL,campus_15,loss3,Top 20,NDCG,0.06227,0.06049,-0.0017799999999999969,-2.858519351212457
NCL,campus_15,loss4,Top 10,Hit Ratio,0.03177,0.03033,-0.0014400000000000003,-4.5325779036827205
NCL,campus_15,loss4,Top 10,Precision,0.04248,0.04056,-0.001919999999999998,-4.519774011299431
NCL,campus_15,loss4,Top 10,Recall,0.04638,0.04231,-0.004069999999999997,-8.775334195774034
NCL,campus_15,loss4,Top 10,NDCG,0.05991,0.05692,-0.0029899999999999996,-4.990819562677349
NCL,campus_15,loss4,Top 20,Hit Ratio,0.05022,0.04784,-0.00238,-4.739147749900438
NCL,campus_15,loss4,Top 20,Precision,0.03358,0.03199,-0.0015900000000000011,-4.734961286480051
NCL,campus_15,loss4,Top 20,Recall,0.06956,0.06385,-0.005709999999999993,-8.208740655549155
NCL,campus_15,loss4,Top 20,NDCG,0.06227,0.0587,-0.003569999999999997,-5.73309779990364
NCL,campus_15,loss5,Top 10,Hit Ratio,0.03177,0.0313,-0.0004699999999999982,-1.4793830657853264
NCL,campus_15,loss5,Top 10,Precision,0.04248,0.04186,-0.0006199999999999956,-1.459510357815432
NCL,campus_15,loss5,Top 10,Recall,0.04638,0.04586,-0.0005199999999999996,-1.121172919361793
NCL,campus_15,loss5,Top 10,NDCG,0.05991,0.05912,-0.000789999999999999,-1.3186446336170907
NCL,campus_15,loss5,Top 20,Hit Ratio,0.05022,0.04964,-0.0005800000000000041,-1.1549183592194427
NCL,campus_15,loss5,Top 20,Precision,0.03358,0.03319,-0.00039000000000000146,-1.161405598570582
NCL,campus_15,loss5,Top 20,Recall,0.06956,0.06996,0.0003999999999999976,0.5750431282346141
NCL,campus_15,loss5,Top 20,NDCG,0.06227,0.0617,-0.0005700000000000011,-0.9153685562871383
NCL,campus_34,loss1,Top 10,Hit Ratio,0.08866,0.0844,-0.00426,-4.80487254680803
NCL,campus_34,loss1,Top 10,Precision,0.04479,0.04263,-0.002160000000000002,-4.822505023442737
NCL,campus_34,loss1,Top 10,Recall,0.10705,0.09887,-0.008180000000000007,-7.641289117234942
NCL,campus_34,loss1,Top 10,NDCG,0.08601,0.08245,-0.0035600000000000076,-4.139053598418798
NCL,campus_34,loss1,Top 20,Hit Ratio,0.13024,0.12079,-0.00945,-7.25583538083538
NCL,campus_34,loss1,Top 20,Precision,0.03289,0.03051,-0.0023800000000000036,-7.236242018850724
NCL,campus_34,loss1,Top 20,Recall,0.14807,0.13727,-0.010800000000000004,-7.293847504558657
NCL,campus_34,loss1,Top 20,NDCG,0.10054,0.09559,-0.00495000000000001,-4.923413566739616
NCL,campus_34,loss2,Top 10,Hit Ratio,0.08866,0.08376,-0.004900000000000002,-5.526731333182948
NCL,campus_34,loss2,Top 10,Precision,0.04479,0.04231,-0.002480000000000003,-5.536950212100922
NCL,campus_34,loss2,Top 10,Recall,0.10705,0.09921,-0.00784,-7.323680523120037
NCL,campus_34,loss2,Top 10,NDCG,0.08601,0.08095,-0.005060000000000009,-5.883036856179524
NCL,campus_34,loss2,Top 20,Hit Ratio,0.13024,0.12115,-0.00909,-6.979422604422606
NCL,campus_34,loss2,Top 20,Precision,0.03289,0.0306,-0.002290000000000004,-6.962602614776539
NCL,campus_34,loss2,Top 20,Recall,0.14807,0.13779,-0.010280000000000011,-6.942662254339171
NCL,campus_34,loss2,Top 20,NDCG,0.10054,0.09445,-0.006089999999999998,-6.057290630594786
NCL,campus_34,loss3,Top 10,Hit Ratio,0.08866,0.08647,-0.0021899999999999975,-2.4701105346266607
NCL,campus_34,loss3,Top 10,Precision,0.04479,0.04368,-0.0011100000000000068,-2.4782317481580862
NCL,campus_34,loss3,Top 10,Recall,0.10705,0.10095,-0.006100000000000008,-5.698271835590853
NCL,campus_34,loss3,Top 10,NDCG,0.08601,0.08358,-0.0024300000000000016,-2.8252528775723773
NCL,campus_34,loss3,Top 20,Hit Ratio,0.13024,0.12513,-0.005110000000000003,-3.9235257985258016
NCL,campus_34,loss3,Top 20,Precision,0.03289,0.0316,-0.0012899999999999995,-3.9221647917300073
NCL,campus_34,loss3,Top 20,Recall,0.14807,0.13919,-0.008879999999999999,-5.997163503748226
NCL,campus_34,loss3,Top 20,NDCG,0.10054,0.09715,-0.003390000000000004,-3.3717923214640977
NCL,campus_34,loss4,Top 10,Hit Ratio,0.08866,0.08282,-0.005839999999999998,-6.586961425671101
NCL,campus_34,loss4,Top 10,Precision,0.04479,0.04184,-0.0029500000000000012,-6.586291582942623
NCL,campus_34,loss4,Top 10,Recall,0.10705,0.09861,-0.008440000000000003,-7.884166277440451
NCL,campus_34,loss4,Top 10,NDCG,0.08601,0.08053,-0.005479999999999999,-6.371352168352515
NCL,campus_34,loss4,Top 20,Hit Ratio,0.13024,0.12022,-0.010020000000000001,-7.693488943488945
NCL,campus_34,loss4,Top 20,Precision,0.03289,0.03036,-0.002530000000000001,-7.692307692307694
NCL,campus_34,loss4,Top 20,Recall,0.14807,0.13622,-0.01185,-8.002971567501858
NCL,campus_34,loss4,Top 20,NDCG,0.10054,0.09376,-0.006780000000000008,-6.743584642928195
NCL,campus_34,loss5,Top 10,Hit Ratio,0.08866,0.08745,-0.0012100000000000027,-1.3647642679900773
NCL,campus_34,loss5,Top 10,Precision,0.04479,0.04417,-0.0006200000000000025,-1.3842375530252342
NCL,campus_34,loss5,Top 10,Recall,0.10705,0.10164,-0.005410000000000012,-5.053713218122384
NCL,campus_34,loss5,Top 10,NDCG,0.08601,0.08541,-0.0006000000000000033,-0.697593303104294
NCL,campus_34,loss5,Top 20,Hit Ratio,0.13024,0.12825,-0.0019899999999999918,-1.5279484029483967
NCL,campus_34,loss5,Top 20,Precision,0.03289,0.03239,-0.0005000000000000004,-1.5202189115232607
NCL,campus_34,loss5,Top 20,Recall,0.14807,0.1448,-0.003269999999999995,-2.208414938880256
NCL,campus_34,loss5,Top 20,NDCG,0.10054,0.10028,-0.0002600000000000102,-0.25860354087926224
SGL,campus_10,loss1,Top 10,Hit Ratio,0.03652,0.03604,-0.0004799999999999943,-1.3143483023000941
SGL,campus_10,loss1,Top 10,Precision,0.03267,0.03224,-0.0004299999999999998,-1.316192225283134
SGL,campus_10,loss1,Top 10,Recall,0.04907,0.04856,-0.0005100000000000035,-1.0393315671489778
SGL,campus_10,loss1,Top 10,NDCG,0.05196,0.05167,-0.0002899999999999986,-0.5581216320246316
SGL,campus_10,loss1,Top 20,Hit Ratio,0.05563,0.05565,1.9999999999999185e-05,0.03595182455509471
SGL,campus_10,loss1,Top 20,Precision,0.02488,0.02489,9.999999999999593e-06,0.04019292604501444
SGL,campus_10,loss1,Top 20,Recall,0.06917,0.06951,0.00034000000000000696,0.49154257626139514
SGL,campus_10,loss1,Top 20,NDCG,0.0569,0.05712,0.00021999999999999797,0.3866432337434059
SGL,campus_10,loss2,Top 10,Hit Ratio,0.03652,0.0365,-1.9999999999999185e-05,-0.054764512595835674
SGL,campus_10,loss2,Top 10,Precision,0.03267,0.03265,-1.9999999999999185e-05,-0.06121824303642236
SGL,campus_10,loss2,Top 10,Recall,0.04907,0.04866,-0.00041000000000000064,-0.8355410637864288
SGL,campus_10,loss2,Top 10,NDCG,0.05196,0.05256,0.0006000000000000033,1.1547344110854567
SGL,campus_10,loss2,Top 20,Hit Ratio,0.05563,0.05616,0.0005300000000000027,0.9527233507100534
SGL,campus_10,loss2,Top 20,Precision,0.02488,0.02512,0.00024000000000000063,0.9646302250803883
SGL,campus_10,loss2,Top 20,Recall,0.06917,0.07085,0.001680000000000001,2.4287986121150804
SGL,campus_10,loss2,Top 20,NDCG,0.0569,0.05821,0.0013099999999999987,2.3022847100175725
SGL,campus_10,loss3,Top 10,Hit Ratio,0.03652,0.0371,0.0005800000000000041,1.5881708652793105
SGL,campus_10,loss3,Top 10,Precision,0.03267,0.03319,0.0005199999999999996,1.591674318947045
SGL,campus_10,loss3,Top 10,Recall,0.04907,0.05018,0.0011099999999999999,2.2620745873242303
SGL,campus_10,loss3,Top 10,NDCG,0.05196,0.05257,0.0006099999999999994,1.1739799846035401
SGL,campus_10,loss3,Top 20,Hit Ratio,0.05563,0.0566,0.0009699999999999986,1.7436634909221618
SGL,campus_10,loss3,Top 20,Precision,0.02488,0.02532,0.0004399999999999994,1.768488745980705
SGL,campus_10,loss3,Top 20,Recall,0.06917,0.07149,0.0023200000000000026,3.354055226254161
SGL,campus_10,loss3,Top 20,NDCG,0.0569,0.05794,0.0010399999999999993,1.8277680140597528
SGL,campus_10,loss4,Top 10,Hit Ratio,0.03652,0.0365,-1.9999999999999185e-05,-0.054764512595835674
SGL,campus_10,loss4,Top 10,Precision,0.03267,0.03265,-1.9999999999999185e-05,-0.06121824303642236
SGL,campus_10,loss4,Top 10,Recall,0.04907,0.04873,-0.00034,-0.6928877114326473
SGL,campus_10,loss4,Top 10,NDCG,0.05196,0.0516,-0.0003599999999999992,-0.6928406466512687
SGL,campus_10,loss4,Top 20,Hit Ratio,0.05563,0.05683,0.0011999999999999997,2.15710947330577
SGL,campus_10,loss4,Top 20,Precision,0.02488,0.02542,0.0005400000000000023,2.1704180064308773
SGL,campus_10,loss4,Top 20,Recall,0.06917,0.07104,0.0018700000000000105,2.703484169437633
SGL,campus_10,loss4,Top 20,NDCG,0.0569,0.05748,0.0005800000000000041,1.0193321616871778
SGL,campus_10,loss5,Top 10,Hit Ratio,0.03652,0.03642,-9.999999999999593e-05,-0.27382256297917834
SGL,campus_10,loss5,Top 10,Precision,0.03267,0.03257,-9.999999999999593e-05,-0.30609121518211185
SGL,campus_10,loss5,Top 10,Recall,0.04907,0.04965,0.0005799999999999972,1.1819849195027454
SGL,campus_10,loss5,Top 10,NDCG,0.05196,0.05183,-0.00012999999999999817,-0.2501924557351774
SGL,campus_10,loss5,Top 20,Hit Ratio,0.05563,0.05577,0.00014000000000000123,0.25166277188567543
SGL,campus_10,loss5,Top 20,Precision,0.02488,0.02494,6.0000000000001025e-05,0.2411575562701006
SGL,campus_10,loss5,Top 20,Recall,0.06917,0.06988,0.0007100000000000023,1.0264565563105426
SGL,campus_10,loss5,Top 20,NDCG,0.0569,0.05699,8.99999999999998e-05,0.1581722319859399
SGL,campus_102,loss1,Top 10,Hit Ratio,0.0414,0.04098,-0.00041999999999999676,-1.0144927536231805
SGL,campus_102,loss1,Top 10,Precision,0.0388,0.03841,-0.00039000000000000146,-1.0051546391752615
SGL,campus_102,loss1,Top 10,Recall,0.05023,0.04902,-0.0012099999999999958,-2.4089189727254547
SGL,campus_102,loss1,Top 10,NDCG,0.05689,0.05634,-0.0005500000000000019,-0.966777992617335
SGL,campus_102,loss1,Top 20,Hit Ratio,0.0652,0.06459,-0.0006099999999999994,-0.9355828220858888
SGL,campus_102,loss1,Top 20,Precision,0.03056,0.03027,-0.00029000000000000206,-0.9489528795811586
SGL,campus_102,loss1,Top 20,Recall,0.07504,0.07314,-0.001899999999999999,-2.531982942430702
SGL,campus_102,loss1,Top 20,NDCG,0.06289,0.06215,-0.0007400000000000045,-1.1766576562251623
SGL,campus_102,loss2,Top 10,Hit Ratio,0.0414,0.04129,-0.00010999999999999899,-0.265700483091785
SGL,campus_102,loss2,Top 10,Precision,0.0388,0.0387,-0.00010000000000000286,-0.25773195876289395
SGL,campus_102,loss2,Top 10,Recall,0.05023,0.04973,-0.0004999999999999935,-0.9954210631096826
SGL,campus_102,loss2,Top 10,NDCG,0.05689,0.05688,-1.0000000000003062e-05,-0.017577781683956867
SGL,campus_102,loss2,Top 20,Hit Ratio,0.0652,0.06483,-0.00036999999999999533,-0.5674846625766801
SGL,campus_102,loss2,Top 20,Precision,0.03056,0.03038,-0.0001799999999999996,-0.589005235602093
SGL,campus_102,loss2,Top 20,Recall,0.07504,0.07475,-0.0002899999999999986,-0.3864605543710003
SGL,campus_102,loss2,Top 20,NDCG,0.06289,0.06288,-9.999999999996123e-06,-0.015900779138171606
SGL,campus_102,loss3,Top 10,Hit Ratio,0.0414,0.04175,0.0003500000000000031,0.8454106280193311
SGL,campus_102,loss3,Top 10,Precision,0.0388,0.03913,0.00032999999999999696,0.8505154639175179
SGL,campus_102,loss3,Top 10,Recall,0.05023,0.04985,-0.0003799999999999984,-0.7565200079633653
SGL,campus_102,loss3,Top 10,NDCG,0.05689,0.05598,-0.0009100000000000011,-1.5995781332395869
SGL,campus_102,loss3,Top 20,Hit Ratio,0.0652,0.0656,0.00040000000000001146,0.6134969325153551
SGL,campus_102,loss3,Top 20,Precision,0.03056,0.03074,0.0001799999999999996,0.589005235602093
SGL,campus_102,loss3,Top 20,Recall,0.07504,0.07569,0.0006499999999999978,0.8662046908315537
SGL,campus_102,loss3,Top 20,NDCG,0.06289,0.0623,-0.0005900000000000002,-0.9381459691524887
SGL,campus_102,loss4,Top 10,Hit Ratio,0.0414,0.04094,-0.0004600000000000021,-1.1111111111111163
SGL,campus_102,loss4,Top 10,Precision,0.0388,0.03837,-0.0004299999999999998,-1.108247422680412
SGL,campus_102,loss4,Top 10,Recall,0.05023,0.04835,-0.0018799999999999997,-3.742783197292454
SGL,campus_102,loss4,Top 10,NDCG,0.05689,0.0558,-0.0010900000000000007,-1.915978203550713
SGL,campus_102,loss4,Top 20,Hit Ratio,0.0652,0.06428,-0.0009199999999999903,-1.4110429447852613
SGL,campus_102,loss4,Top 20,Precision,0.03056,0.03013,-0.0004299999999999998,-1.4070680628272245
SGL,campus_102,loss4,Top 20,Recall,0.07504,0.07479,-0.0002500000000000002,-0.33315565031982974
SGL,campus_102,loss4,Top 20,NDCG,0.06289,0.06204,-0.0008500000000000035,-1.351566226745116
SGL,campus_102,loss5,Top 10,Hit Ratio,0.0414,0.0412,-0.0001999999999999988,-0.4830917874396106
SGL,campus_102,loss5,Top 10,Precision,0.0388,0.03862,-0.0001799999999999996,-0.46391752577319484
SGL,campus_102,loss5,Top 10,Recall,0.05023,0.04888,-0.001349999999999997,-2.687636870396172
SGL,campus_102,loss5,Top 10,NDCG,0.05689,0.0553,-0.0015900000000000011,-2.794867287748288
SGL,campus_102,loss5,Top 20,Hit Ratio,0.0652,0.06507,-0.00012999999999999123,-0.19938650306747124
SGL,campus_102,loss5,Top 20,Precision,0.03056,0.0305,-6.0000000000001025e-05,-0.19633507853403476
SGL,campus_102,loss5,Top 20,Recall,0.07504,0.07412,-0.0009199999999999903,-1.2260127931769595
SGL,campus_102,loss5,Top 20,NDCG,0.06289,0.0614,-0.0014899999999999983,-2.369216091588485
SGL,campus_143,loss1,Top 10,Hit Ratio,0.07453,0.07317,-0.00136,-1.8247685495773516
SGL,campus_143,loss1,Top 10,Precision,0.02396,0.02352,-0.0004399999999999994,-1.836393989983303
SGL,campus_143,loss1,Top 10,Recall,0.0763,0.07288,-0.0034200000000000064,-4.482306684141554
SGL,campus_143,loss1,Top 10,NDCG,0.0569,0.05606,-0.0008400000000000005,-1.4762741652021099
SGL,campus_143,loss1,Top 20,Hit Ratio,0.10949,0.10839,-0.0011000000000000038,-1.00465795963102
SGL,campus_143,loss1,Top 20,Precision,0.0176,0.01742,-0.0001799999999999996,-1.0227272727272705
SGL,campus_143,loss1,Top 20,Recall,0.1079,0.10467,-0.0032299999999999968,-2.9935125115847976
SGL,campus_143,loss1,Top 20,NDCG,0.06767,0.06698,-0.0006899999999999962,-1.0196542042263872
SGL,campus_143,loss2,Top 10,Hit Ratio,0.07453,0.07595,0.0014200000000000046,1.9052730444116526
SGL,campus_143,loss2,Top 10,Precision,0.02396,0.02442,0.0004600000000000021,1.9198664440734643
SGL,campus_143,loss2,Top 10,Recall,0.0763,0.07627,-3.0000000000002247e-05,-0.0393184796854551
SGL,campus_143,loss2,Top 10,NDCG,0.0569,0.05771,0.0008099999999999982,1.4235500878734593
SGL,campus_143,loss2,Top 20,Hit Ratio,0.10949,0.11137,0.0018799999999999928,1.717051785551185
SGL,campus_143,loss2,Top 20,Precision,0.0176,0.0179,0.0002999999999999982,1.704545454545444
SGL,campus_143,loss2,Top 20,Recall,0.1079,0.1077,-0.00019999999999999185,-0.18535681186282843
SGL,campus_143,loss2,Top 20,NDCG,0.06767,0.06852,0.0008500000000000035,1.2560957588296195
SGL,campus_143,loss3,Top 10,Hit Ratio,0.07453,0.0753,0.0007700000000000068,1.0331410170401272
SGL,campus_143,loss3,Top 10,Precision,0.02396,0.02421,0.0002500000000000002,1.043405676126879
SGL,campus_143,loss3,Top 10,Recall,0.0763,0.07416,-0.002140000000000003,-2.804718217562258
SGL,campus_143,loss3,Top 10,NDCG,0.0569,0.05566,-0.001239999999999998,-2.1792618629173957
SGL,campus_143,loss3,Top 20,Hit Ratio,0.10949,0.10878,-0.0007100000000000023,-0.648461046670931
SGL,campus_143,loss3,Top 20,Precision,0.0176,0.01749,-0.00011000000000000246,-0.6250000000000139
SGL,campus_143,loss3,Top 20,Recall,0.1079,0.10568,-0.0022199999999999998,-2.057460611677479
SGL,campus_143,loss3,Top 20,NDCG,0.06767,0.06623,-0.0014399999999999968,-2.1279739914289895
SGL,campus_143,loss4,Top 10,Hit Ratio,0.07453,0.07479,0.00025999999999999635,0.34885281094860643
SGL,campus_143,loss4,Top 10,Precision,0.02396,0.02404,8.000000000000021e-05,0.3338898163606019
SGL,campus_143,loss4,Top 10,Recall,0.0763,0.07479,-0.0015100000000000113,-1.9790301441677736
SGL,campus_143,loss4,Top 10,NDCG,0.0569,0.05652,-0.0003799999999999984,-0.6678383128295227
SGL,campus_143,loss4,Top 20,Hit Ratio,0.10949,0.10846,-0.0010300000000000031,-0.9407251803817728
SGL,campus_143,loss4,Top 20,Precision,0.0176,0.01743,-0.00017,-0.9659090909090908
SGL,campus_143,loss4,Top 20,Recall,0.1079,0.10711,-0.000789999999999999,-0.7321594068582011
SGL,campus_143,loss4,Top 20,NDCG,0.06767,0.06736,-0.00030999999999999084,-0.45810551204372824
SGL,campus_143,loss5,Top 10,Hit Ratio,0.07453,0.07194,-0.002589999999999995,-3.475110693680391
SGL,campus_143,loss5,Top 10,Precision,0.02396,0.02313,-0.0008299999999999974,-3.464106844741225
SGL,campus_143,loss5,Top 10,Recall,0.0763,0.07247,-0.00383,-5.019659239842725
SGL,campus_143,loss5,Top 10,NDCG,0.0569,0.05444,-0.002459999999999997,-4.323374340949028
SGL,campus_143,loss5,Top 20,Hit Ratio,0.10949,0.10852,-0.0009699999999999986,-0.8859256553109861
SGL,campus_143,loss5,Top 20,Precision,0.0176,0.01744,-0.00016000000000000042,-0.9090909090909115
SGL,campus_143,loss5,Top 20,Recall,0.1079,0.10406,-0.003839999999999996,-3.558850787766447
SGL,campus_143,loss5,Top 20,NDCG,0.06767,0.06543,-0.002239999999999992,-3.3101817644450895
SGL,campus_15,loss1,Top 10,Hit Ratio,0.03086,0.03087,1.0000000000003062e-05,0.03240440699936184
SGL,campus_15,loss1,Top 10,Precision,0.04126,0.04128,1.9999999999999185e-05,0.048473097430923866
SGL,campus_15,loss1,Top 10,Recall,0.04157,0.04127,-0.00030000000000000165,-0.721674284339672
SGL,campus_15,loss1,Top 10,NDCG,0.05704,0.05683,-0.00021000000000000185,-0.36816269284712805
SGL,campus_15,loss1,Top 20,Hit Ratio,0.04832,0.04821,-0.00010999999999999899,-0.22764900662251447
SGL,campus_15,loss1,Top 20,Precision,0.03231,0.03223,-7.999999999999674e-05,-0.24760136180747988
SGL,campus_15,loss1,Top 20,Recall,0.0629,0.06084,-0.0020599999999999993,-3.27503974562798
SGL,campus_15,loss1,Top 20,NDCG,0.05844,0.0577,-0.0007399999999999976,-1.266255989048593
SGL,campus_15,loss2,Top 10,Hit Ratio,0.03086,0.03054,-0.00031999999999999737,-1.0369410239792527
SGL,campus_15,loss2,Top 10,Precision,0.04126,0.04084,-0.00041999999999999676,-1.0179350460494347
SGL,campus_15,loss2,Top 10,Recall,0.04157,0.04059,-0.0009800000000000017,-2.3574693288429196
SGL,campus_15,loss2,Top 10,NDCG,0.05704,0.05671,-0.00032999999999999696,-0.578541374474048
SGL,campus_15,loss2,Top 20,Hit Ratio,0.04832,0.04798,-0.00034,-0.7036423841059603
SGL,campus_15,loss2,Top 20,Precision,0.03231,0.03208,-0.00023000000000000104,-0.7118539151965368
SGL,campus_15,loss2,Top 20,Recall,0.0629,0.06095,-0.0019500000000000003,-3.1001589825119242
SGL,campus_15,loss2,Top 20,NDCG,0.05844,0.05789,-0.0005500000000000019,-0.9411362080766631
SGL,campus_15,loss3,Top 10,Hit Ratio,0.03086,0.03116,0.00030000000000000165,0.9721322099805628
SGL,campus_15,loss3,Top 10,Precision,0.04126,0.04166,0.0004000000000000045,0.9694619486185277
SGL,campus_15,loss3,Top 10,Recall,0.04157,0.04233,0.0007599999999999968,1.8282415203271511
SGL,campus_15,loss3,Top 10,NDCG,0.05704,0.05761,0.0005700000000000011,0.9992987377279121
SGL,campus_15,loss3,Top 20,Hit Ratio,0.04832,0.04855,0.00023000000000000104,0.4759933774834459
SGL,campus_15,loss3,Top 20,Precision,0.03231,0.03246,0.0001500000000000043,0.46425255338905697
SGL,campus_15,loss3,Top 20,Recall,0.0629,0.06313,0.00023000000000000798,0.365659777424496
SGL,campus_15,loss3,Top 20,NDCG,0.05844,0.0588,0.0003599999999999992,0.6160164271047214
SGL,campus_15,loss4,Top 10,Hit Ratio,0.03086,0.0309,4.000000000000184e-05,0.1296176279974136
SGL,campus_15,loss4,Top 10,Precision,0.04126,0.04132,6.0000000000004494e-05,0.1454192922927884
SGL,campus_15,loss4,Top 10,Recall,0.04157,0.04068,-0.0008900000000000019,-2.1409670435410195
SGL,campus_15,loss4,Top 10,NDCG,0.05704,0.05651,-0.0005300000000000027,-0.9291725105189388
SGL,campus_15,loss4,Top 20,Hit Ratio,0.04832,0.04825,-7.000000000000062e-05,-0.14486754966887547
SGL,campus_15,loss4,Top 20,Precision,0.03231,0.03226,-5.000000000000143e-05,-0.15475085112968565
SGL,campus_15,loss4,Top 20,Recall,0.0629,0.06029,-0.0026099999999999943,-4.149443561208258
SGL,campus_15,loss4,Top 20,NDCG,0.05844,0.05741,-0.0010299999999999962,-1.7624914442162836
SGL,campus_15,loss5,Top 10,Hit Ratio,0.03086,0.03057,-0.0002899999999999986,-0.9397278029812008
SGL,campus_15,loss5,Top 10,Precision,0.04126,0.04088,-0.0003799999999999984,-0.9209888511875871
SGL,campus_15,loss5,Top 10,Recall,0.04157,0.04145,-0.00012000000000000205,-0.28866971373587214
SGL,campus_15,loss5,Top 10,NDCG,0.05704,0.05734,0.00030000000000000165,0.5259467040673241
SGL,campus_15,loss5,Top 20,Hit Ratio,0.04832,0.04803,-0.0002899999999999986,-0.6001655629139043
SGL,campus_15,loss5,Top 20,Precision,0.03231,0.03211,-0.0001999999999999988,-0.6190034045187212
SGL,campus_15,loss5,Top 20,Recall,0.0629,0.06135,-0.0015499999999999958,-2.4642289348171635
SGL,campus_15,loss5,Top 20,NDCG,0.05844,0.05851,7.000000000000062e-05,0.11978097193703048
SGL,campus_34,loss1,Top 10,Hit Ratio,0.07147,0.06826,-0.0032100000000000045,-4.491394990905281
SGL,campus_34,loss1,Top 10,Precision,0.0361,0.03448,-0.0016200000000000034,-4.48753462603879
SGL,campus_34,loss1,Top 10,Recall,0.07908,0.07345,-0.005629999999999996,-7.119372787051083
SGL,campus_34,loss1,Top 10,NDCG,0.06784,0.06565,-0.0021899999999999975,-3.228183962264147
SGL,campus_34,loss1,Top 20,Hit Ratio,0.10205,0.09921,-0.0028399999999999953,-2.7829495345418866
SGL,campus_34,loss1,Top 20,Precision,0.02577,0.02506,-0.0007100000000000023,-2.755141637563067
SGL,campus_34,loss1,Top 20,Recall,0.11111,0.10511,-0.006000000000000005,-5.400054000540011
SGL,campus_34,loss1,Top 20,NDCG,0.07858,0.07645,-0.002129999999999993,-2.7106133876304317
SGL,campus_34,loss2,Top 10,Hit Ratio,0.07147,0.06761,-0.0038600000000000023,-5.400867496851829
SGL,campus_34,loss2,Top 10,Precision,0.0361,0.03415,-0.0019500000000000003,-5.401662049861497
SGL,campus_34,loss2,Top 10,Recall,0.07908,0.07477,-0.004309999999999994,-5.450177035912993
SGL,campus_34,loss2,Top 10,NDCG,0.06784,0.06478,-0.0030599999999999933,-4.51061320754716
SGL,campus_34,loss2,Top 20,Hit Ratio,0.10205,0.0986,-0.0034500000000000086,-3.380695737383644
SGL,campus_34,loss2,Top 20,Precision,0.02577,0.0249,-0.0008700000000000027,-3.3760186263096728
SGL,campus_34,loss2,Top 20,Recall,0.11111,0.10475,-0.0063600000000000045,-5.724057240572409
SGL,campus_34,loss2,Top 20,NDCG,0.07858,0.07517,-0.0034099999999999964,-4.339526597098494
SGL,campus_34,loss3,Top 10,Hit Ratio,0.07147,0.06802,-0.0034500000000000086,-4.827200223870167
SGL,campus_34,loss3,Top 10,Precision,0.0361,0.03436,-0.0017399999999999985,-4.819944598337946
SGL,campus_34,loss3,Top 10,Recall,0.07908,0.07458,-0.004500000000000004,-5.690440060698033
SGL,campus_34,loss3,Top 10,NDCG,0.06784,0.06581,-0.002030000000000004,-2.9923349056603836
SGL,campus_34,loss3,Top 20,Hit Ratio,0.10205,0.09929,-0.0027599999999999986,-2.704556589906907
SGL,campus_34,loss3,Top 20,Precision,0.02577,0.02508,-0.0006899999999999996,-2.677532013969731
SGL,campus_34,loss3,Top 20,Recall,0.11111,0.10789,-0.0032200000000000006,-2.8980289802898036
SGL,campus_34,loss3,Top 20,NDCG,0.07858,0.07695,-0.0016299999999999926,-2.074319165181971
SGL,campus_34,loss4,Top 10,Hit Ratio,0.07147,0.06765,-0.003820000000000004,-5.344899958024351
SGL,campus_34,loss4,Top 10,Precision,0.0361,0.03417,-0.0019300000000000012,-5.346260387811638
SGL,campus_34,loss4,Top 10,Recall,0.07908,0.07473,-0.004349999999999993,-5.500758725341417
SGL,campus_34,loss4,Top 10,NDCG,0.06784,0.06561,-0.002229999999999996,-3.2871462264150884
SGL,campus_34,loss4,Top 20,Hit Ratio,0.10205,0.10022,-0.0018299999999999983,-1.793238608525231
SGL,campus_34,loss4,Top 20,Precision,0.02577,0.02531,-0.0004600000000000021,-1.785021342646496
SGL,campus_34,loss4,Top 20,Recall,0.11111,0.10774,-0.003369999999999998,-3.0330303303033013
SGL,campus_34,loss4,Top 20,NDCG,0.07858,0.07694,-0.0016400000000000026,-2.0870450496309525
SGL,campus_34,loss5,Top 10,Hit Ratio,0.07147,0.07049,-0.0009800000000000086,-1.3712047012732735
SGL,campus_34,loss5,Top 10,Precision,0.0361,0.03561,-0.0004899999999999974,-1.3573407202215992
SGL,campus_34,loss5,Top 10,Recall,0.07908,0.07967,0.0005900000000000072,0.746079919069306
SGL,campus_34,loss5,Top 10,NDCG,0.06784,0.06768,-0.00015999999999999348,-0.23584905660376398
SGL,campus_34,loss5,Top 20,Hit Ratio,0.10205,0.10172,-0.00032999999999999696,-0.3233708966193013
SGL,campus_34,loss5,Top 20,Precision,0.02577,0.02569,-8.000000000000021e-05,-0.31043849437330306
SGL,campus_34,loss5,Top 20,Recall,0.11111,0.10929,-0.0018200000000000022,-1.6380163801638037
SGL,campus_34,loss5,Top 20,NDCG,0.07858,0.07799,-0.0005899999999999933,-0.7508271824891745
SimGCL,campus_10,loss1,Top 10,Hit Ratio,0.0292,0.02899,-0.00021000000000000185,-0.7191780821917871
SimGCL,campus_10,loss1,Top 10,Precision,0.02612,0.02593,-0.0001899999999999992,-0.7274119448698284
SimGCL,campus_10,loss1,Top 10,Recall,0.04218,0.04357,0.0013899999999999954,3.2954006638217055
SimGCL,campus_10,loss1,Top 10,NDCG,0.04376,0.04428,0.0005199999999999996,1.1882998171846426
SimGCL,campus_10,loss1,Top 20,Hit Ratio,0.04478,0.0434,-0.0013799999999999993,-3.0817329164805702
SimGCL,campus_10,loss1,Top 20,Precision,0.02003,0.01941,-0.000619999999999999,-3.0953569645531656
SimGCL,campus_10,loss1,Top 20,Recall,0.06127,0.06195,0.00068,1.1098416843479681
SimGCL,campus_10,loss1,Top 20,NDCG,0.04895,0.04915,0.0001999999999999988,0.40858018386108025
SimGCL,campus_10,loss2,Top 10,Hit Ratio,0.0292,0.02841,-0.000789999999999999,-2.705479452054791
SimGCL,campus_10,loss2,Top 10,Precision,0.02612,0.02541,-0.0007100000000000023,-2.7182235834609583
SimGCL,campus_10,loss2,Top 10,Recall,0.04218,0.04366,0.0014799999999999952,3.50877192982455
SimGCL,campus_10,loss2,Top 10,NDCG,0.04376,0.04384,7.999999999999674e-05,0.18281535648993769
SimGCL,campus_10,loss2,Top 20,Hit Ratio,0.04478,0.04363,-0.0011499999999999982,-2.568110763733806
SimGCL,campus_10,loss2,Top 20,Precision,0.02003,0.01951,-0.0005199999999999996,-2.596105841238141
SimGCL,campus_10,loss2,Top 20,Recall,0.06127,0.0629,0.0016299999999999995,2.66035580218704
SimGCL,campus_10,loss2,Top 20,NDCG,0.04895,0.0491,0.00014999999999999736,0.3064351378958067
SimGCL,campus_10,loss3,Top 10,Hit Ratio,0.0292,0.02987,0.0006700000000000005,2.2945205479452073
SimGCL,campus_10,loss3,Top 10,Precision,0.02612,0.02672,0.0005999999999999998,2.29709035222052
SimGCL,campus_10,loss3,Top 10,Recall,0.04218,0.04443,0.002249999999999995,5.334281650071112
SimGCL,campus_10,loss3,Top 10,NDCG,0.04376,0.04593,0.0021699999999999983,4.958866544789759
SimGCL,campus_10,loss3,Top 20,Hit Ratio,0.04478,0.04513,0.0003500000000000031,0.7815989280929055
SimGCL,campus_10,loss3,Top 20,Precision,0.02003,0.02019,0.00016000000000000042,0.7988017973040461
SimGCL,campus_10,loss3,Top 20,Recall,0.06127,0.06453,0.003260000000000006,5.320711604374092
SimGCL,campus_10,loss3,Top 20,NDCG,0.04895,0.05118,0.002230000000000003,4.555669050051078
SimGCL,campus_10,loss4,Top 10,Hit Ratio,0.0292,0.02876,-0.0004399999999999994,-1.5068493150684912
SimGCL,campus_10,loss4,Top 10,Precision,0.02612,0.02573,-0.00039000000000000146,-1.493108728943344
SimGCL,campus_10,loss4,Top 10,Recall,0.04218,0.04194,-0.0002400000000000041,-0.5689900426742629
SimGCL,campus_10,loss4,Top 10,NDCG,0.04376,0.0435,-0.0002600000000000033,-0.5941499085923292
SimGCL,campus_10,loss4,Top 20,Hit Ratio,0.04478,0.04382,-0.0009600000000000025,-2.1438142027690987
SimGCL,campus_10,loss4,Top 20,Precision,0.02003,0.0196,-0.0004299999999999998,-2.146779830254617
SimGCL,campus_10,loss4,Top 20,Recall,0.06127,0.06036,-0.0009100000000000011,-1.4852293128774297
SimGCL,campus_10,loss4,Top 20,NDCG,0.04895,0.04845,-0.0005000000000000004,-1.0214504596527076
SimGCL,campus_10,loss5,Top 10,Hit Ratio,0.0292,0.02943,0.00023000000000000104,0.7876712328767158
SimGCL,campus_10,loss5,Top 10,Precision,0.02612,0.02633,0.00020999999999999838,0.803981623277176
SimGCL,campus_10,loss5,Top 10,Recall,0.04218,0.04413,0.0019500000000000003,4.623044096728308
SimGCL,campus_10,loss5,Top 10,NDCG,0.04376,0.04485,0.0010900000000000007,2.490859232175504
SimGCL,campus_10,loss5,Top 20,Hit Ratio,0.04478,0.04531,0.0005300000000000027,1.1835640911121097
SimGCL,campus_10,loss5,Top 20,Precision,0.02003,0.02026,0.00023000000000000104,1.1482775836245684
SimGCL,campus_10,loss5,Top 20,Recall,0.06127,0.06493,0.0036600000000000035,5.973559653990539
SimGCL,campus_10,loss5,Top 20,NDCG,0.04895,0.05063,0.001680000000000001,3.4320735444330968
SimGCL,campus_102,loss1,Top 10,Hit Ratio,0.03296,0.0322,-0.0007600000000000037,-2.305825242718458
SimGCL,campus_102,loss1,Top 10,Precision,0.0309,0.03018,-0.0007200000000000019,-2.330097087378647
SimGCL,campus_102,loss1,Top 10,Recall,0.04011,0.04013,1.9999999999999185e-05,0.04986287708800594
SimGCL,campus_102,loss1,Top 10,NDCG,0.04425,0.04508,0.0008300000000000043,1.8757062146892753
SimGCL,campus_102,loss1,Top 20,Hit Ratio,0.05145,0.05191,0.00045999999999999514,0.8940719144800682
SimGCL,campus_102,loss1,Top 20,Precision,0.02411,0.02433,0.00022000000000000144,0.9124844462878534
SimGCL,campus_102,loss1,Top 20,Recall,0.06212,0.06311,0.0009899999999999978,1.5936896329684445
SimGCL,campus_102,loss1,Top 20,NDCG,0.04992,0.05105,0.001129999999999999,2.263621794871793
SimGCL,campus_102,loss2,Top 10,Hit Ratio,0.03296,0.03268,-0.00028000000000000247,-0.8495145631068035
SimGCL,campus_102,loss2,Top 10,Precision,0.0309,0.03063,-0.0002699999999999994,-0.8737864077669885
SimGCL,campus_102,loss2,Top 10,Recall,0.04011,0.04115,0.0010399999999999993,2.592869608576413
SimGCL,campus_102,loss2,Top 10,NDCG,0.04425,0.04487,0.0006200000000000025,1.4011299435028306
SimGCL,campus_102,loss2,Top 20,Hit Ratio,0.05145,0.05136,-8.99999999999998e-05,-0.1749271137026235
SimGCL,campus_102,loss2,Top 20,Precision,0.02411,0.02407,-3.999999999999837e-05,-0.16590626296142003
SimGCL,campus_102,loss2,Top 20,Recall,0.06212,0.06458,0.002459999999999997,3.960077269800381
SimGCL,campus_102,loss2,Top 20,NDCG,0.04992,0.05095,0.0010300000000000031,2.063301282051288
SimGCL,campus_102,loss3,Top 10,Hit Ratio,0.03296,0.03277,-0.00019000000000000267,-0.5764563106796197
SimGCL,campus_102,loss3,Top 10,Precision,0.0309,0.03071,-0.0001899999999999992,-0.6148867313915831
SimGCL,campus_102,loss3,Top 10,Recall,0.04011,0.04022,0.00010999999999999899,0.27424582398404135
SimGCL,campus_102,loss3,Top 10,NDCG,0.04425,0.04477,0.0005199999999999996,1.1751412429378523
SimGCL,campus_102,loss3,Top 20,Hit Ratio,0.05145,0.05197,0.0005199999999999996,1.0106899902818263
SimGCL,campus_102,loss3,Top 20,Precision,0.02411,0.02436,0.0002500000000000002,1.0369141435089184
SimGCL,campus_102,loss3,Top 20,Recall,0.06212,0.06268,0.000559999999999998,0.9014810045074018
SimGCL,campus_102,loss3,Top 20,NDCG,0.04992,0.05061,0.0006900000000000031,1.3822115384615445
SimGCL,campus_102,loss4,Top 10,Hit Ratio,0.03296,0.03279,-0.00017000000000000348,-0.5157766990291367
SimGCL,campus_102,loss4,Top 10,Precision,0.0309,0.03073,-0.00017,-0.5501618122977346
SimGCL,campus_102,loss4,Top 10,Recall,0.04011,0.04069,0.0005799999999999972,1.4460234355522243
SimGCL,campus_102,loss4,Top 10,NDCG,0.04425,0.04493,0.00068,1.5367231638418082
SimGCL,campus_102,loss4,Top 20,Hit Ratio,0.05145,0.0516,0.00014999999999999736,0.29154518950436803
SimGCL,campus_102,loss4,Top 20,Precision,0.02411,0.02418,7.000000000000062e-05,0.29033596018249946
SimGCL,campus_102,loss4,Top 20,Recall,0.06212,0.06259,0.00047000000000000514,0.7566001287830089
SimGCL,campus_102,loss4,Top 20,NDCG,0.04992,0.05068,0.0007600000000000037,1.522435897435905
SimGCL,campus_102,loss5,Top 10,Hit Ratio,0.03296,0.03228,-0.00068,-2.0631067961165046
SimGCL,campus_102,loss5,Top 10,Precision,0.0309,0.03026,-0.0006400000000000017,-2.071197411003242
SimGCL,campus_102,loss5,Top 10,Recall,0.04011,0.03915,-0.0009600000000000025,-2.3934181002243893
SimGCL,campus_102,loss5,Top 10,NDCG,0.04425,0.0433,-0.0009499999999999995,-2.1468926553672305
SimGCL,campus_102,loss5,Top 20,Hit Ratio,0.05145,0.05099,-0.0004600000000000021,-0.8940719144800817
SimGCL,campus_102,loss5,Top 20,Precision,0.02411,0.0239,-0.00020999999999999838,-0.8710078805474839
SimGCL,campus_102,loss5,Top 20,Recall,0.06212,0.06025,-0.0018700000000000036,-3.0103026400515187
SimGCL,campus_102,loss5,Top 20,NDCG,0.04992,0.04872,-0.0011999999999999997,-2.4038461538461533
SimGCL,campus_143,loss1,Top 10,Hit Ratio,0.04448,0.04325,-0.001230000000000002,-2.765287769784177
SimGCL,campus_143,loss1,Top 10,Precision,0.0143,0.01391,-0.0003899999999999997,-2.7272727272727253
SimGCL,campus_143,loss1,Top 10,Recall,0.04594,0.04543,-0.0005100000000000035,-1.1101436656508565
SimGCL,campus_143,loss1,Top 10,NDCG,0.03453,0.03451,-1.9999999999999185e-05,-0.05792064871126321
SimGCL,campus_143,loss1,Top 20,Hit Ratio,0.06844,0.06818,-0.00025999999999999635,-0.37989479836352474
SimGCL,campus_143,loss1,Top 20,Precision,0.011,0.01096,-4.0000000000000105e-05,-0.3636363636363646
SimGCL,campus_143,loss1,Top 20,Recall,0.06887,0.06987,0.0010000000000000009,1.4520110352838695
SimGCL,campus_143,loss1,Top 20,NDCG,0.04221,0.04267,0.0004600000000000021,1.089789149490647
SimGCL,campus_143,loss2,Top 10,Hit Ratio,0.04448,0.04422,-0.00025999999999999635,-0.5845323741007112
SimGCL,campus_143,loss2,Top 10,Precision,0.0143,0.01422,-8.000000000000021e-05,-0.5594405594405609
SimGCL,campus_143,loss2,Top 10,Recall,0.04594,0.04558,-0.0003599999999999992,-0.7836308228123623
SimGCL,campus_143,loss2,Top 10,NDCG,0.03453,0.03435,-0.0001799999999999996,-0.521285838401389
SimGCL,campus_143,loss2,Top 20,Hit Ratio,0.06844,0.06941,0.0009699999999999986,1.4172998246639372
SimGCL,campus_143,loss2,Top 20,Precision,0.011,0.01116,0.00016000000000000042,1.4545454545454584
SimGCL,campus_143,loss2,Top 20,Recall,0.06887,0.06953,0.0006599999999999939,0.9583272832873441
SimGCL,campus_143,loss2,Top 20,NDCG,0.04221,0.04244,0.00023000000000000104,0.5448945747453235
SimGCL,campus_143,loss3,Top 10,Hit Ratio,0.04448,0.04688,0.0023999999999999994,5.3956834532374085
SimGCL,campus_143,loss3,Top 10,Precision,0.0143,0.01507,0.0007699999999999999,5.384615384615383
SimGCL,campus_143,loss3,Top 10,Recall,0.04594,0.0458,-0.00014000000000000123,-0.30474531998258864
SimGCL,campus_143,loss3,Top 10,NDCG,0.03453,0.03464,0.00010999999999999899,0.3185635679119577
SimGCL,campus_143,loss3,Top 20,Hit Ratio,0.06844,0.0711,0.0026599999999999957,3.886616014026879
SimGCL,campus_143,loss3,Top 20,Precision,0.011,0.01143,0.0004299999999999998,3.909090909090908
SimGCL,campus_143,loss3,Top 20,Recall,0.06887,0.07012,0.0012500000000000011,1.8150137941048368
SimGCL,campus_143,loss3,Top 20,NDCG,0.04221,0.04272,0.0005100000000000035,1.2082444918265898
SimGCL,campus_143,loss4,Top 10,Hit Ratio,0.04448,0.04701,0.0025300000000000045,5.68794964028778
SimGCL,campus_143,loss4,Top 10,Precision,0.0143,0.01511,0.00081,5.664335664335664
SimGCL,campus_143,loss4,Top 10,Recall,0.04594,0.04744,0.0015000000000000013,3.2651284283848523
SimGCL,campus_143,loss4,Top 10,NDCG,0.03453,0.0362,0.0016700000000000048,4.836374167390689
SimGCL,campus_143,loss4,Top 20,Hit Ratio,0.06844,0.06902,0.0005799999999999972,0.8474576271186399
SimGCL,campus_143,loss4,Top 20,Precision,0.011,0.01109,8.99999999999998e-05,0.8181818181818166
SimGCL,campus_143,loss4,Top 20,Recall,0.06887,0.06914,0.00026999999999999247,0.3920429795266335
SimGCL,campus_143,loss4,Top 20,NDCG,0.04221,0.04342,0.0012100000000000027,2.866619284529739
SimGCL,campus_143,loss5,Top 10,Hit Ratio,0.04448,0.04442,-5.9999999999997555e-05,-0.13489208633092975
SimGCL,campus_143,loss5,Top 10,Precision,0.0143,0.01428,-2.000000000000092e-05,-0.1398601398601463
SimGCL,campus_143,loss5,Top 10,Recall,0.04594,0.04714,0.0011999999999999997,2.612102742707879
SimGCL,campus_143,loss5,Top 10,NDCG,0.03453,0.03521,0.00068,1.9693020561830297
SimGCL,campus_143,loss5,Top 20,Hit Ratio,0.06844,0.06954,0.0011000000000000038,1.6072472238457098
SimGCL,campus_143,loss5,Top 20,Precision,0.011,0.01118,0.00018000000000000134,1.6363636363636487
SimGCL,campus_143,loss5,Top 20,Recall,0.06887,0.06898,0.00010999999999999899,0.15972121388122404
SimGCL,campus_143,loss5,Top 20,NDCG,0.04221,0.04282,0.0006099999999999994,1.4451551764984587
SimGCL,campus_15,loss1,Top 10,Hit Ratio,0.02329,0.02314,-0.00015000000000000083,-0.6440532417346535
SimGCL,campus_15,loss1,Top 10,Precision,0.03114,0.03094,-0.00020000000000000226,-0.6422607578677015
SimGCL,campus_15,loss1,Top 10,Recall,0.03843,0.03935,0.0009200000000000041,2.3939630497007656
SimGCL,campus_15,loss1,Top 10,NDCG,0.04635,0.0463,-5.000000000000143e-05,-0.10787486515642164
SimGCL,campus_15,loss1,Top 20,Hit Ratio,0.03616,0.03687,0.0007100000000000023,1.9634955752212455
SimGCL,campus_15,loss1,Top 20,Precision,0.02417,0.02465,0.0004799999999999978,1.9859329747620926
SimGCL,campus_15,loss1,Top 20,Recall,0.05698,0.05831,0.0013299999999999979,2.3341523341523303
SimGCL,campus_15,loss1,Top 20,NDCG,0.04895,0.04957,0.0006200000000000025,1.2665985699693616
SimGCL,campus_15,loss2,Top 10,Hit Ratio,0.02329,0.02322,-7.000000000000062e-05,-0.3005581794761727
SimGCL,campus_15,loss2,Top 10,Precision,0.03114,0.03105,-8.99999999999998e-05,-0.2890173410404618
SimGCL,campus_15,loss2,Top 10,Recall,0.03843,0.03937,0.0009400000000000033,2.446005724694258
SimGCL,campus_15,loss2,Top 10,NDCG,0.04635,0.04706,0.0007099999999999954,1.5318230852211334
SimGCL,campus_15,loss2,Top 20,Hit Ratio,0.03616,0.03639,0.00023000000000000104,0.6360619469026577
SimGCL,campus_15,loss2,Top 20,Precision,0.02417,0.02433,0.00016000000000000042,0.6619776582540357
SimGCL,campus_15,loss2,Top 20,Recall,0.05698,0.05793,0.0009499999999999995,1.6672516672516662
SimGCL,campus_15,loss2,Top 20,NDCG,0.04895,0.0498,0.0008499999999999966,1.7364657814095945
SimGCL,campus_15,loss3,Top 10,Hit Ratio,0.02329,0.02349,0.0001999999999999988,0.8587376556461949
SimGCL,campus_15,loss3,Top 10,Precision,0.03114,0.03142,0.00027999999999999553,0.8991650610147577
SimGCL,campus_15,loss3,Top 10,Recall,0.03843,0.03857,0.00014000000000000123,0.36429872495446586
SimGCL,campus_15,loss3,Top 10,NDCG,0.04635,0.04614,-0.00021000000000000185,-0.45307443365696193
SimGCL,campus_15,loss3,Top 20,Hit Ratio,0.03616,0.03701,0.0008500000000000035,2.3506637168141693
SimGCL,campus_15,loss3,Top 20,Precision,0.02417,0.02474,0.0005700000000000011,2.35829540753
SimGCL,campus_15,loss3,Top 20,Recall,0.05698,0.05757,0.0005900000000000002,1.0354510354510358
SimGCL,campus_15,loss3,Top 20,NDCG,0.04895,0.04911,0.00016000000000000042,0.3268641470888671
SimGCL,campus_15,loss4,Top 10,Hit Ratio,0.02329,0.02322,-7.000000000000062e-05,-0.3005581794761727
SimGCL,campus_15,loss4,Top 10,Precision,0.03114,0.03105,-8.99999999999998e-05,-0.2890173410404618
SimGCL,campus_15,loss4,Top 10,Recall,0.03843,0.03759,-0.0008400000000000005,-2.1857923497267775
SimGCL,campus_15,loss4,Top 10,NDCG,0.04635,0.04597,-0.00038000000000000533,-0.8198489751887925
SimGCL,campus_15,loss4,Top 20,Hit Ratio,0.03616,0.03641,0.0002500000000000002,0.6913716814159299
SimGCL,campus_15,loss4,Top 20,Precision,0.02417,0.02435,0.0001799999999999996,0.7447248655357865
SimGCL,campus_15,loss4,Top 20,Recall,0.05698,0.05599,-0.0009900000000000048,-1.7374517374517457
SimGCL,campus_15,loss4,Top 20,NDCG,0.04895,0.04869,-0.0002600000000000033,-0.5311542390194143
SimGCL,campus_15,loss5,Top 10,Hit Ratio,0.02329,0.02301,-0.00028000000000000247,-1.2022327179046908
SimGCL,campus_15,loss5,Top 10,Precision,0.03114,0.03077,-0.00037000000000000227,-1.1881824020552416
SimGCL,campus_15,loss5,Top 10,Recall,0.03843,0.03838,-5.000000000000143e-05,-0.13010668748374038
SimGCL,campus_15,loss5,Top 10,NDCG,0.04635,0.04612,-0.00023000000000000104,-0.4962243797195276
SimGCL,campus_15,loss5,Top 20,Hit Ratio,0.03616,0.03604,-0.00011999999999999511,-0.33185840707963254
SimGCL,campus_15,loss5,Top 20,Precision,0.02417,0.02409,-8.000000000000021e-05,-0.3309888291270178
SimGCL,campus_15,loss5,Top 20,Recall,0.05698,0.05684,-0.00014000000000000123,-0.24570024570024787
SimGCL,campus_15,loss5,Top 20,NDCG,0.04895,0.04876,-0.00019000000000000267,-0.38815117466803406
SimGCL,campus_34,loss1,Top 10,Hit Ratio,0.04032,0.03825,-0.0020700000000000024,-5.133928571428577
SimGCL,campus_34,loss1,Top 10,Precision,0.02036,0.01932,-0.0010399999999999993,-5.108055009823179
SimGCL,campus_34,loss1,Top 10,Recall,0.04845,0.04527,-0.0031800000000000023,-6.563467492260067
SimGCL,campus_34,loss1,Top 10,NDCG,0.04212,0.03984,-0.0022799999999999973,-5.413105413105407
SimGCL,campus_34,loss1,Top 20,Hit Ratio,0.05889,0.05837,-0.0005199999999999996,-0.8830022075055183
SimGCL,campus_34,loss1,Top 20,Precision,0.01487,0.01474,-0.0001299999999999999,-0.8742434431741756
SimGCL,campus_34,loss1,Top 20,Recall,0.06997,0.06831,-0.0016600000000000087,-2.3724453337144613
SimGCL,campus_34,loss1,Top 20,NDCG,0.04929,0.04776,-0.0015300000000000036,-3.1040779062690276
SimGCL,campus_34,loss2,Top 10,Hit Ratio,0.04032,0.04214,0.0018199999999999952,4.513888888888877
SimGCL,campus_34,loss2,Top 10,Precision,0.02036,0.02129,0.0009300000000000003,4.56777996070727
SimGCL,campus_34,loss2,Top 10,Recall,0.04845,0.04533,-0.0031199999999999978,-6.4396284829721315
SimGCL,campus_34,loss2,Top 10,NDCG,0.04212,0.04107,-0.0010499999999999954,-2.492877492877482
SimGCL,campus_34,loss2,Top 20,Hit Ratio,0.05889,0.06149,0.002600000000000005,4.415011037527602
SimGCL,campus_34,loss2,Top 20,Precision,0.01487,0.01553,0.0006600000000000009,4.43846671149967
SimGCL,campus_34,loss2,Top 20,Recall,0.06997,0.06466,-0.005310000000000009,-7.588966700014304
SimGCL,campus_34,loss2,Top 20,NDCG,0.04929,0.04756,-0.0017300000000000024,-3.5098397240819685
SimGCL,campus_34,loss3,Top 10,Hit Ratio,0.04032,0.04226,0.0019399999999999973,4.81150793650793
SimGCL,campus_34,loss3,Top 10,Precision,0.02036,0.02135,0.0009900000000000013,4.862475442043229
SimGCL,campus_34,loss3,Top 10,Recall,0.04845,0.04647,-0.0019800000000000026,-4.086687306501553
SimGCL,campus_34,loss3,Top 10,NDCG,0.04212,0.04227,0.0001500000000000043,0.35612535612536633
SimGCL,campus_34,loss3,Top 20,Hit Ratio,0.05889,0.06271,0.003820000000000004,6.48667006282901
SimGCL,campus_34,loss3,Top 20,Precision,0.01487,0.01584,0.0009700000000000004,6.523201075991933
SimGCL,campus_34,loss3,Top 20,Recall,0.06997,0.06774,-0.0022300000000000098,-3.187080177218822
SimGCL,campus_34,loss3,Top 20,NDCG,0.04929,0.04966,0.00037000000000000227,0.7506593629539506
SimGCL,campus_34,loss4,Top 10,Hit Ratio,0.04032,0.04125,0.0009300000000000003,2.3065476190476195
SimGCL,campus_34,loss4,Top 10,Precision,0.02036,0.02084,0.00048000000000000126,2.357563850687629
SimGCL,campus_34,loss4,Top 10,Recall,0.04845,0.04557,-0.0028800000000000006,-5.944272445820435
SimGCL,campus_34,loss4,Top 10,NDCG,0.04212,0.04104,-0.0010799999999999976,-2.5641025641025585
SimGCL,campus_34,loss4,Top 20,Hit Ratio,0.05889,0.06161,0.00272,4.618780777721176
SimGCL,campus_34,loss4,Top 20,Precision,0.01487,0.01556,0.0006899999999999996,4.64021519838601
SimGCL,campus_34,loss4,Top 20,Recall,0.06997,0.06567,-0.004299999999999998,-6.1454909246820035
SimGCL,campus_34,loss4,Top 20,NDCG,0.04929,0.04804,-0.0012500000000000011,-2.536011361330901
SimGCL,campus_34,loss5,Top 10,Hit Ratio,0.04032,0.04064,0.00032000000000000084,0.7936507936507957
SimGCL,campus_34,loss5,Top 10,Precision,0.02036,0.02053,0.00017,0.8349705304518664
SimGCL,campus_34,loss5,Top 10,Recall,0.04845,0.04537,-0.0030799999999999994,-6.357069143446852
SimGCL,campus_34,loss5,Top 10,NDCG,0.04212,0.04048,-0.0016399999999999956,-3.8936372269705504
SimGCL,campus_34,loss5,Top 20,Hit Ratio,0.05889,0.06303,0.004140000000000005,7.030056036678562
SimGCL,campus_34,loss5,Top 20,Precision,0.01487,0.01592,0.0010500000000000006,7.061197041022196
SimGCL,campus_34,loss5,Top 20,Recall,0.06997,0.06987,-0.00010000000000000286,-0.14291839359726005
SimGCL,campus_34,loss5,Top 20,NDCG,0.04929,0.04902,-0.0002699999999999994,-0.5477784540474729
XSimGCL,campus_10,loss1,Top 10,Hit Ratio,0.0408,0.03958,-0.0012200000000000058,-2.9901960784313864
XSimGCL,campus_10,loss1,Top 10,Precision,0.0365,0.0354,-0.0010999999999999968,-3.013698630136978
XSimGCL,campus_10,loss1,Top 10,Recall,0.0568,0.05523,-0.001570000000000002,-2.7640845070422566
XSimGCL,campus_10,loss1,Top 10,NDCG,0.0587,0.0562,-0.0025000000000000022,-4.258943781942081
XSimGCL,campus_10,loss1,Top 20,Hit Ratio,0.06291,0.06111,-0.001799999999999996,-2.861230329041482
XSimGCL,campus_10,loss1,Top 20,Precision,0.02814,0.02733,-0.0008099999999999982,-2.87846481876332
XSimGCL,campus_10,loss1,Top 20,Recall,0.08434,0.08262,-0.0017199999999999993,-2.0393644771164325
XSimGCL,campus_10,loss1,Top 20,NDCG,0.0656,0.06326,-0.0023400000000000087,-3.56707317073172
XSimGCL,campus_10,loss2,Top 10,Hit Ratio,0.0408,0.03938,-0.0014200000000000046,-3.4803921568627563
XSimGCL,campus_10,loss2,Top 10,Precision,0.0365,0.03523,-0.0012700000000000003,-3.479452054794521
XSimGCL,campus_10,loss2,Top 10,Recall,0.0568,0.05502,-0.0017800000000000038,-3.1338028169014147
XSimGCL,campus_10,loss2,Top 10,NDCG,0.0587,0.0568,-0.001899999999999999,-3.236797274275978
XSimGCL,campus_10,loss2,Top 20,Hit Ratio,0.06291,0.06092,-0.0019899999999999918,-3.163249085995854
XSimGCL,campus_10,loss2,Top 20,Precision,0.02814,0.02725,-0.0008899999999999984,-3.1627576403695756
XSimGCL,campus_10,loss2,Top 20,Recall,0.08434,0.08262,-0.0017199999999999993,-2.0393644771164325
XSimGCL,campus_10,loss2,Top 20,NDCG,0.0656,0.06401,-0.001590000000000008,-2.42378048780489
XSimGCL,campus_10,loss3,Top 10,Hit Ratio,0.0408,0.04133,0.0005299999999999958,1.2990196078431266
XSimGCL,campus_10,loss3,Top 10,Precision,0.0365,0.03697,0.00047000000000000514,1.2876712328767266
XSimGCL,campus_10,loss3,Top 10,Recall,0.0568,0.05833,0.0015299999999999966,2.6936619718309798
XSimGCL,campus_10,loss3,Top 10,NDCG,0.0587,0.05965,0.0009499999999999995,1.618398637137989
XSimGCL,campus_10,loss3,Top 20,Hit Ratio,0.06291,0.06258,-0.00032999999999999696,-0.5245588936576013
XSimGCL,campus_10,loss3,Top 20,Precision,0.02814,0.02799,-0.00014999999999999736,-0.5330490405117178
XSimGCL,campus_10,loss3,Top 20,Recall,0.08434,0.08505,0.0007100000000000023,0.8418306853213212
XSimGCL,campus_10,loss3,Top 20,NDCG,0.0656,0.06625,0.0006499999999999978,0.9908536585365819
XSimGCL,campus_10,loss4,Top 10,Hit Ratio,0.0408,0.04032,-0.00048000000000000126,-1.176470588235297
XSimGCL,campus_10,loss4,Top 10,Precision,0.0365,0.03607,-0.0004299999999999998,-1.1780821917808215
XSimGCL,campus_10,loss4,Top 10,Recall,0.0568,0.05612,-0.00068,-1.1971830985915493
XSimGCL,campus_10,loss4,Top 10,NDCG,0.0587,0.05723,-0.001469999999999999,-2.5042589437819402
XSimGCL,campus_10,loss4,Top 20,Hit Ratio,0.06291,0.06097,-0.0019399999999999903,-3.0837704657446996
XSimGCL,campus_10,loss4,Top 20,Precision,0.02814,0.02727,-0.0008699999999999992,-3.0916844349680144
XSimGCL,campus_10,loss4,Top 20,Recall,0.08434,0.08201,-0.0023299999999999987,-2.7626274602798184
XSimGCL,campus_10,loss4,Top 20,NDCG,0.0656,0.06354,-0.0020600000000000063,-3.1402439024390336
XSimGCL,campus_10,loss5,Top 10,Hit Ratio,0.0408,0.04101,0.0002099999999999949,0.5147058823529287
XSimGCL,campus_10,loss5,Top 10,Precision,0.0365,0.03669,0.00019000000000000267,0.5205479452054869
XSimGCL,campus_10,loss5,Top 10,Recall,0.0568,0.05706,0.00025999999999999635,0.457746478873233
XSimGCL,campus_10,loss5,Top 10,NDCG,0.0587,0.05834,-0.0003599999999999992,-0.6132879045996579
XSimGCL,campus_10,loss5,Top 20,Hit Ratio,0.06291,0.06284,-7.000000000000062e-05,-0.11127006835161442
XSimGCL,campus_10,loss5,Top 20,Precision,0.02814,0.02811,-2.9999999999998778e-05,-0.10660980810234108
XSimGCL,campus_10,loss5,Top 20,Recall,0.08434,0.0841,-0.0002400000000000041,-0.2845624851790421
XSimGCL,campus_10,loss5,Top 20,NDCG,0.0656,0.06516,-0.00044000000000000983,-0.6707317073170881
XSimGCL,campus_102,loss1,Top 10,Hit Ratio,0.05798,0.0557,-0.0022799999999999973,-3.9323904794756768
XSimGCL,campus_102,loss1,Top 10,Precision,0.05434,0.05221,-0.00213,-3.9197644460802357
XSimGCL,campus_102,loss1,Top 10,Recall,0.07309,0.07075,-0.0023400000000000087,-3.201532357367641
XSimGCL,campus_102,loss1,Top 10,NDCG,0.08382,0.08042,-0.0034000000000000002,-4.056311142925316
XSimGCL,campus_102,loss1,Top 20,Hit Ratio,0.08757,0.08527,-0.0022999999999999965,-2.626470252369529
XSimGCL,campus_102,loss1,Top 20,Precision,0.04104,0.03996,-0.0010799999999999976,-2.6315789473684155
XSimGCL,campus_102,loss1,Top 20,Recall,0.10434,0.10151,-0.002829999999999999,-2.7122867548399454
XSimGCL,campus_102,loss1,Top 20,NDCG,0.09067,0.08761,-0.003060000000000007,-3.3748759236792845
XSimGCL,campus_102,loss2,Top 10,Hit Ratio,0.05798,0.05462,-0.003359999999999995,-5.795101759227311
XSimGCL,campus_102,loss2,Top 10,Precision,0.05434,0.0512,-0.003139999999999997,-5.778432094221563
XSimGCL,campus_102,loss2,Top 10,Recall,0.07309,0.06973,-0.003360000000000002,-4.597072102886854
XSimGCL,campus_102,loss2,Top 10,NDCG,0.08382,0.07922,-0.004600000000000007,-5.487950369840141
XSimGCL,campus_102,loss2,Top 20,Hit Ratio,0.08757,0.08461,-0.0029599999999999904,-3.3801530204407793
XSimGCL,campus_102,loss2,Top 20,Precision,0.04104,0.03965,-0.0013900000000000023,-3.3869395711501027
XSimGCL,campus_102,loss2,Top 20,Recall,0.10434,0.10121,-0.0031300000000000078,-2.9998083189572626
XSimGCL,campus_102,loss2,Top 20,NDCG,0.09067,0.08683,-0.003839999999999996,-4.235138414028892
XSimGCL,campus_102,loss3,Top 10,Hit Ratio,0.05798,0.05756,-0.00041999999999999676,-0.7243877199034094
XSimGCL,campus_102,loss3,Top 10,Precision,0.05434,0.05395,-0.00039000000000000146,-0.7177033492822994
XSimGCL,campus_102,loss3,Top 10,Recall,0.07309,0.07357,0.0004799999999999943,0.6567245861266853
XSimGCL,campus_102,loss3,Top 10,NDCG,0.08382,0.08273,-0.0010900000000000076,-1.3004056311143015
XSimGCL,campus_102,loss3,Top 20,Hit Ratio,0.08757,0.08785,0.00028000000000000247,0.3197442046362938
XSimGCL,campus_102,loss3,Top 20,Precision,0.04104,0.04117,0.00012999999999999817,0.3167641325536018
XSimGCL,campus_102,loss3,Top 20,Recall,0.10434,0.10514,0.0007999999999999952,0.7667241709794855
XSimGCL,campus_102,loss3,Top 20,NDCG,0.09067,0.09002,-0.0006499999999999978,-0.7168854086246804
XSimGCL,campus_102,loss4,Top 10,Hit Ratio,0.05798,0.05546,-0.0025199999999999945,-4.346326319420481
XSimGCL,campus_102,loss4,Top 10,Precision,0.05434,0.05198,-0.002360000000000001,-4.343025395656976
XSimGCL,campus_102,loss4,Top 10,Recall,0.07309,0.07061,-0.002479999999999996,-3.3930770283212426
XSimGCL,campus_102,loss4,Top 10,NDCG,0.08382,0.07922,-0.004600000000000007,-5.487950369840141
XSimGCL,campus_102,loss4,Top 20,Hit Ratio,0.08757,0.08347,-0.0040999999999999925,-4.68196871074568
XSimGCL,campus_102,loss4,Top 20,Precision,0.04104,0.03912,-0.001919999999999998,-4.6783625730994105
XSimGCL,campus_102,loss4,Top 20,Recall,0.10434,0.09938,-0.004960000000000006,-4.7536898600728446
XSimGCL,campus_102,loss4,Top 20,NDCG,0.09067,0.08556,-0.005110000000000003,-5.635822212418665
XSimGCL,campus_102,loss5,Top 10,Hit Ratio,0.05798,0.05708,-0.000899999999999998,-1.5522593997930287
XSimGCL,campus_102,loss5,Top 10,Precision,0.05434,0.0535,-0.0008400000000000005,-1.5458225984541782
XSimGCL,campus_102,loss5,Top 10,Recall,0.07309,0.0721,-0.0009900000000000048,-1.354494458886311
XSimGCL,campus_102,loss5,Top 10,NDCG,0.08382,0.08151,-0.0023100000000000065,-2.755905511811031
XSimGCL,campus_102,loss5,Top 20,Hit Ratio,0.08757,0.08643,-0.0011399999999999882,-1.3018156903048856
XSimGCL,campus_102,loss5,Top 20,Precision,0.04104,0.04051,-0.0005300000000000027,-1.2914230019493242
XSimGCL,campus_102,loss5,Top 20,Recall,0.10434,0.10256,-0.0017800000000000038,-1.7059612804293693
XSimGCL,campus_102,loss5,Top 20,NDCG,0.09067,0.08838,-0.0022900000000000004,-2.525642439616191
XSimGCL,campus_143,loss1,Top 10,Hit Ratio,0.09298,0.08955,-0.0034299999999999886,-3.688965368896525
XSimGCL,campus_143,loss1,Top 10,Precision,0.02989,0.02879,-0.0011000000000000003,-3.6801605888256947
XSimGCL,campus_143,loss1,Top 10,Recall,0.10145,0.09493,-0.006519999999999998,-6.426811237062591
XSimGCL,campus_143,loss1,Top 10,NDCG,0.07306,0.06896,-0.004100000000000006,-5.611825896523414
XSimGCL,campus_143,loss1,Top 20,Hit Ratio,0.1431,0.13649,-0.006610000000000005,-4.619147449336132
XSimGCL,campus_143,loss1,Top 20,Precision,0.023,0.02194,-0.0010599999999999984,-4.608695652173907
XSimGCL,campus_143,loss1,Top 20,Recall,0.14788,0.13887,-0.009010000000000018,-6.092777928049782
XSimGCL,campus_143,loss1,Top 20,NDCG,0.08901,0.08389,-0.0051199999999999996,-5.752162678350746
XSimGCL,campus_143,loss2,Top 10,Hit Ratio,0.09298,0.09233,-0.0006499999999999978,-0.6990750699075047
XSimGCL,campus_143,loss2,Top 10,Precision,0.02989,0.02968,-0.00020999999999999838,-0.7025761124121727
XSimGCL,campus_143,loss2,Top 10,Recall,0.10145,0.09893,-0.0025199999999999945,-2.4839822572695853
XSimGCL,campus_143,loss2,Top 10,NDCG,0.07306,0.07266,-0.0003999999999999976,-0.5474952094169143
XSimGCL,campus_143,loss2,Top 20,Hit Ratio,0.1431,0.1374,-0.005700000000000011,-3.983228511530405
XSimGCL,campus_143,loss2,Top 20,Precision,0.023,0.02209,-0.0009100000000000011,-3.95652173913044
XSimGCL,campus_143,loss2,Top 20,Recall,0.14788,0.14213,-0.005750000000000005,-3.888287800919668
XSimGCL,campus_143,loss2,Top 20,NDCG,0.08901,0.08725,-0.0017600000000000116,-1.9773059206830823
XSimGCL,campus_143,loss3,Top 10,Hit Ratio,0.09298,0.09214,-0.0008399999999999935,-0.9034200903420022
XSimGCL,campus_143,loss3,Top 10,Precision,0.02989,0.02962,-0.0002699999999999994,-0.9033121445299411
XSimGCL,campus_143,loss3,Top 10,Recall,0.10145,0.099,-0.002449999999999994,-2.4149827501232077
XSimGCL,campus_143,loss3,Top 10,NDCG,0.07306,0.07181,-0.0012500000000000011,-1.7109225294278692
XSimGCL,campus_143,loss3,Top 20,Hit Ratio,0.1431,0.14122,-0.0018799999999999928,-1.3137665967854597
XSimGCL,campus_143,loss3,Top 20,Precision,0.023,0.0227,-0.0002999999999999982,-1.3043478260869485
XSimGCL,campus_143,loss3,Top 20,Recall,0.14788,0.14557,-0.0023100000000000065,-1.5620773600216435
XSimGCL,campus_143,loss3,Top 20,NDCG,0.08901,0.0877,-0.0013100000000000056,-1.4717447477811543
XSimGCL,campus_143,loss4,Top 10,Hit Ratio,0.09298,0.09117,-0.0018099999999999922,-1.946655194665511
XSimGCL,campus_143,loss4,Top 10,Precision,0.02989,0.02931,-0.0005800000000000007,-1.9404483104717318
XSimGCL,campus_143,loss4,Top 10,Recall,0.10145,0.09748,-0.003970000000000001,-3.9132577624445553
XSimGCL,campus_143,loss4,Top 10,NDCG,0.07306,0.07102,-0.00204,-2.79222556802628
XSimGCL,campus_143,loss4,Top 20,Hit Ratio,0.1431,0.13539,-0.007709999999999995,-5.387840670859535
XSimGCL,campus_143,loss4,Top 20,Precision,0.023,0.02176,-0.001239999999999998,-5.391304347826079
XSimGCL,campus_143,loss4,Top 20,Recall,0.14788,0.14095,-0.0069300000000000195,-4.68623208006493
XSimGCL,campus_143,loss4,Top 20,NDCG,0.08901,0.08554,-0.003470000000000001,-3.8984383777103706
XSimGCL,campus_143,loss5,Top 10,Hit Ratio,0.09298,0.09369,0.0007100000000000023,0.7636050763605102
XSimGCL,campus_143,loss5,Top 10,Precision,0.02989,0.03012,0.00023000000000000104,0.7694881231181031
XSimGCL,campus_143,loss5,Top 10,Recall,0.10145,0.09996,-0.0014900000000000052,-1.468703794972898
XSimGCL,campus_143,loss5,Top 10,NDCG,0.07306,0.07368,0.0006199999999999956,0.8486175745962162
XSimGCL,campus_143,loss5,Top 20,Hit Ratio,0.1431,0.14271,-0.00039000000000000146,-0.27253668763102823
XSimGCL,campus_143,loss5,Top 20,Precision,0.023,0.02294,-6.0000000000001025e-05,-0.26086956521739574
XSimGCL,campus_143,loss5,Top 20,Recall,0.14788,0.14776,-0.00012000000000000899,-0.08114687584528603
XSimGCL,campus_143,loss5,Top 20,NDCG,0.08901,0.0898,0.000789999999999999,0.8875407257611493
XSimGCL,campus_15,loss1,Top 10,Hit Ratio,0.03221,0.03192,-0.00029000000000000553,-0.9003415088482009
XSimGCL,campus_15,loss1,Top 10,Precision,0.04307,0.04268,-0.0003899999999999945,-0.9055026700719633
XSimGCL,campus_15,loss1,Top 10,Recall,0.04927,0.04836,-0.0009100000000000011,-1.8469656992084453
XSimGCL,campus_15,loss1,Top 10,NDCG,0.06104,0.0602,-0.0008400000000000005,-1.3761467889908265
XSimGCL,campus_15,loss1,Top 20,Hit Ratio,0.05221,0.05102,-0.0011899999999999966,-2.279256847347245
XSimGCL,campus_15,loss1,Top 20,Precision,0.03491,0.03411,-0.0007999999999999952,-2.2916069894013043
XSimGCL,campus_15,loss1,Top 20,Recall,0.07493,0.07253,-0.0023999999999999994,-3.20298945682637
XSimGCL,campus_15,loss1,Top 20,NDCG,0.06491,0.06333,-0.001579999999999998,-2.434139577877058
XSimGCL,campus_15,loss2,Top 10,Hit Ratio,0.03221,0.03217,-4.000000000000531e-05,-0.12418503570321424
XSimGCL,campus_15,loss2,Top 10,Precision,0.04307,0.04302,-4.999999999999449e-05,-0.11609008590665079
XSimGCL,campus_15,loss2,Top 10,Recall,0.04927,0.04843,-0.0008400000000000005,-1.7048914146539484
XSimGCL,campus_15,loss2,Top 10,NDCG,0.06104,0.06045,-0.0005900000000000002,-0.966579292267366
XSimGCL,campus_15,loss2,Top 20,Hit Ratio,0.05221,0.05104,-0.0011699999999999974,-2.2409500095767045
XSimGCL,campus_15,loss2,Top 20,Precision,0.03491,0.03413,-0.000779999999999996,-2.2343168146662733
XSimGCL,campus_15,loss2,Top 20,Recall,0.07493,0.07245,-0.002479999999999996,-3.309755772053912
XSimGCL,campus_15,loss2,Top 20,NDCG,0.06491,0.06343,-0.0014799999999999952,-2.280080110922809
XSimGCL,campus_15,loss3,Top 10,Hit Ratio,0.03221,0.03223,1.9999999999999185e-05,0.06209251785159634
XSimGCL,campus_15,loss3,Top 10,Precision,0.04307,0.0431,3.0000000000002247e-05,0.06965405154400336
XSimGCL,campus_15,loss3,Top 10,Recall,0.04927,0.04889,-0.0003799999999999984,-0.7712604018672587
XSimGCL,campus_15,loss3,Top 10,NDCG,0.06104,0.06056,-0.0004799999999999943,-0.786369593709034
XSimGCL,campus_15,loss3,Top 20,Hit Ratio,0.05221,0.05111,-0.0010999999999999968,-2.1068760773798063
XSimGCL,campus_15,loss3,Top 20,Precision,0.03491,0.03417,-0.0007399999999999976,-2.1197364651962123
XSimGCL,campus_15,loss3,Top 20,Recall,0.07493,0.07297,-0.0019600000000000034,-2.6157747230748747
XSimGCL,campus_15,loss3,Top 20,NDCG,0.06491,0.06366,-0.0012500000000000011,-1.925743336928056
XSimGCL,campus_15,loss4,Top 10,Hit Ratio,0.03221,0.0318,-0.00041000000000000064,-1.272896615957779
XSimGCL,campus_15,loss4,Top 10,Precision,0.04307,0.04252,-0.0005499999999999949,-1.2769909449732875
XSimGCL,campus_15,loss4,Top 10,Recall,0.04927,0.04761,-0.0016600000000000018,-3.369190176578043
XSimGCL,campus_15,loss4,Top 10,NDCG,0.06104,0.06007,-0.0009699999999999986,-1.5891218872870225
XSimGCL,campus_15,loss4,Top 20,Hit Ratio,0.05221,0.05057,-0.0016400000000000026,-3.141160697184452
XSimGCL,campus_15,loss4,Top 20,Precision,0.03491,0.03381,-0.0010999999999999968,-3.150959610426803
XSimGCL,campus_15,loss4,Top 20,Recall,0.07493,0.0722,-0.0027299999999999963,-3.6434005071399924
XSimGCL,campus_15,loss4,Top 20,NDCG,0.06491,0.06327,-0.0016399999999999887,-2.52657525804959
XSimGCL,campus_15,loss5,Top 10,Hit Ratio,0.03221,0.0319,-0.0003100000000000047,-0.9624340266997973
XSimGCL,campus_15,loss5,Top 10,Precision,0.04307,0.04265,-0.00041999999999999676,-0.9751567216159666
XSimGCL,campus_15,loss5,Top 10,Recall,0.04927,0.04896,-0.0003100000000000047,-0.629186117312776
XSimGCL,campus_15,loss5,Top 10,NDCG,0.06104,0.0603,-0.0007399999999999976,-1.2123197903014378
XSimGCL,campus_15,loss5,Top 20,Hit Ratio,0.05221,0.05159,-0.0006200000000000025,-1.187511970886808
XSimGCL,campus_15,loss5,Top 20,Precision,0.03491,0.03449,-0.00041999999999999676,-1.2030936694356826
XSimGCL,campus_15,loss5,Top 20,Recall,0.07493,0.07416,-0.0007699999999999929,-1.0276257840651182
XSimGCL,campus_15,loss5,Top 20,NDCG,0.06491,0.06405,-0.0008599999999999997,-1.3249114158065007
XSimGCL,campus_34,loss1,Top 10,Hit Ratio,0.08895,0.08586,-0.0030899999999999955,-3.473861720067448
XSimGCL,campus_34,loss1,Top 10,Precision,0.04493,0.04337,-0.0015599999999999989,-3.472067660805696
XSimGCL,campus_34,loss1,Top 10,Recall,0.10828,0.10288,-0.005400000000000002,-4.9870705578130785
XSimGCL,campus_34,loss1,Top 10,NDCG,0.08894,0.08564,-0.0033000000000000113,-3.7103665392399496
XSimGCL,campus_34,loss1,Top 20,Hit Ratio,0.12671,0.12505,-0.0016599999999999948,-1.3100781311656498
XSimGCL,campus_34,loss1,Top 20,Precision,0.032,0.03158,-0.0004200000000000037,-1.3125000000000115
XSimGCL,campus_34,loss1,Top 20,Recall,0.14773,0.14417,-0.0035600000000000076,-2.4098016652000323
XSimGCL,campus_34,loss1,Top 20,NDCG,0.10266,0.09992,-0.0027400000000000063,-2.669004480810448
XSimGCL,campus_34,loss2,Top 10,Hit Ratio,0.08895,0.08586,-0.0030899999999999955,-3.473861720067448
XSimGCL,campus_34,loss2,Top 10,Precision,0.04493,0.04337,-0.0015599999999999989,-3.472067660805696
XSimGCL,campus_34,loss2,Top 10,Recall,0.10828,0.10379,-0.004490000000000008,-4.146656815663103
XSimGCL,campus_34,loss2,Top 10,NDCG,0.08894,0.0882,-0.0007400000000000045,-0.8320215875871425
XSimGCL,campus_34,loss2,Top 20,Hit Ratio,0.12671,0.1248,-0.001909999999999995,-1.5073790545339714
XSimGCL,campus_34,loss2,Top 20,Precision,0.032,0.03152,-0.00048000000000000126,-1.500000000000004
XSimGCL,campus_34,loss2,Top 20,Recall,0.14773,0.14293,-0.004799999999999999,-3.249170784539362
XSimGCL,campus_34,loss2,Top 20,NDCG,0.10266,0.10191,-0.0007500000000000007,-0.7305669199298662
XSimGCL,campus_34,loss3,Top 10,Hit Ratio,0.08895,0.08741,-0.0015399999999999997,-1.7313097245643616
XSimGCL,campus_34,loss3,Top 10,Precision,0.04493,0.04415,-0.000779999999999996,-1.73603383040284
XSimGCL,campus_34,loss3,Top 10,Recall,0.10828,0.10451,-0.0037699999999999956,-3.4817140746213475
XSimGCL,campus_34,loss3,Top 10,NDCG,0.08894,0.08696,-0.0019800000000000095,-2.226219923543973
XSimGCL,campus_34,loss3,Top 20,Hit Ratio,0.12671,0.12772,0.0010100000000000109,0.7970957304080271
XSimGCL,campus_34,loss3,Top 20,Precision,0.032,0.03226,0.00025999999999999635,0.8124999999999886
XSimGCL,campus_34,loss3,Top 20,Recall,0.14773,0.14684,-0.0008900000000000019,-0.6024504163000081
XSimGCL,campus_34,loss3,Top 20,NDCG,0.10266,0.10165,-0.001009999999999997,-0.9838301188388828
XSimGCL,campus_34,loss4,Top 10,Hit Ratio,0.08895,0.08513,-0.003820000000000004,-4.294547498594721
XSimGCL,campus_34,loss4,Top 10,Precision,0.04493,0.043,-0.0019300000000000012,-4.295570888048077
XSimGCL,campus_34,loss4,Top 10,Recall,0.10828,0.10299,-0.005290000000000003,-4.885482083487258
XSimGCL,campus_34,loss4,Top 10,NDCG,0.08894,0.08561,-0.0033299999999999996,-3.7440971441421174
XSimGCL,campus_34,loss4,Top 20,Hit Ratio,0.12671,0.12468,-0.00202999999999999,-1.6020834977507619
XSimGCL,campus_34,loss4,Top 20,Precision,0.032,0.03149,-0.0005100000000000035,-1.5937500000000109
XSimGCL,campus_34,loss4,Top 20,Recall,0.14773,0.14413,-0.003599999999999992,-2.4368780884045163
XSimGCL,campus_34,loss4,Top 20,NDCG,0.10266,0.1,-0.0026599999999999957,-2.5910773426845854
XSimGCL,campus_34,loss5,Top 10,Hit Ratio,0.08895,0.0883,-0.0006499999999999978,-0.730747611017423
XSimGCL,campus_34,loss5,Top 10,Precision,0.04493,0.0446,-0.00032999999999999696,-0.7344758513242755
XSimGCL,campus_34,loss5,Top 10,Recall,0.10828,0.10634,-0.0019399999999999973,-1.7916512744735844
XSimGCL,campus_34,loss5,Top 10,NDCG,0.08894,0.08764,-0.0013000000000000095,-1.4616595457611978
XSimGCL,campus_34,loss5,Top 20,Hit Ratio,0.12671,0.12861,0.0019000000000000128,1.4994870175992527
XSimGCL,campus_34,loss5,Top 20,Precision,0.032,0.03248,0.00048000000000000126,1.500000000000004
XSimGCL,campus_34,loss5,Top 20,Recall,0.14773,0.14834,0.0006099999999999994,0.4129154538685436
XSimGCL,campus_34,loss5,Top 20,NDCG,0.10266,0.10225,-0.0004100000000000076,-0.39937658289500055
