Model,Campus,Loss,TopK,Metric,Baseline(loss0),Value,AbsDiff,RelDiff(%)
NCL,campus_10,loss1,Top 3,Hit Ratio,0.21936,0.21436,-0.0050000000000000044,-2.2793581327498194
NCL,campus_10,loss1,Top 3,Precision,0.2713,0.26512,-0.006179999999999963,-2.277921120530764
NCL,campus_10,loss1,Top 3,Recall,0.2951,0.28926,-0.005839999999999956,-1.9789901728227575
NCL,campus_10,loss1,Top 3,NDCG,0.35428,0.34524,-0.009039999999999992,-2.5516540589364327
NCL,campus_10,loss1,Top 5,Hit Ratio,0.3037,0.29385,-0.009850000000000025,-3.2433322357589804
NCL,campus_10,loss1,Top 5,Precision,0.22537,0.21806,-0.007309999999999983,-3.243555042818469
NCL,campus_10,loss1,Top 5,Recall,0.38103,0.37076,-0.010270000000000001,-2.6953258273626752
NCL,campus_10,loss1,Top 5,NDCG,0.37445,0.3635,-0.010950000000000015,-2.9242889571371387
NCL,campus_10,loss1,Top 10,Hit Ratio,0.43715,0.42857,-0.008579999999999977,-1.9627130275649038
NCL,campus_10,loss1,Top 10,Precision,0.1622,0.15901,-0.0031899999999999984,-1.9667077681874219
NCL,campus_10,loss1,Top 10,Recall,0.49618,0.48949,-0.006690000000000029,-1.3483010197912106
NCL,campus_10,loss1,Top 10,NDCG,0.40873,0.4,-0.00872999999999996,-2.135884324615262
NCL,campus_10,loss1,Top 20,Hit Ratio,0.57673,0.56941,-0.007319999999999993,-1.269224767222096
NCL,campus_10,loss1,Top 20,Precision,0.10699,0.10564,-0.001350000000000004,-1.2618001682400262
NCL,campus_10,loss1,Top 20,Recall,0.60223,0.59235,-0.00988,-1.64056921774073
NCL,campus_10,loss1,Top 20,NDCG,0.44617,0.43706,-0.009110000000000007,-2.041822623663627
NCL,campus_10,loss2,Top 3,Hit Ratio,0.21936,0.21899,-0.0003700000000000092,-0.16867250182349072
NCL,campus_10,loss2,Top 3,Precision,0.2713,0.27084,-0.00045999999999996044,-0.16955399926279413
NCL,campus_10,loss2,Top 3,Recall,0.2951,0.29421,-0.0008899999999999464,-0.3015926804472878
NCL,campus_10,loss2,Top 3,NDCG,0.35428,0.35427,-1.0000000000010001e-05,-0.002822626171392684
NCL,campus_10,loss2,Top 5,Hit Ratio,0.3037,0.2999,-0.0038000000000000256,-1.251234771155754
NCL,campus_10,loss2,Top 5,Precision,0.22537,0.22254,-0.002829999999999999,-1.2557128277942935
NCL,campus_10,loss2,Top 5,Recall,0.38103,0.3767,-0.0043300000000000005,-1.1363934598325593
NCL,campus_10,loss2,Top 5,NDCG,0.37445,0.37235,-0.0020999999999999908,-0.5608225397249273
NCL,campus_10,loss2,Top 10,Hit Ratio,0.43715,0.43708,-6.999999999995898e-05,-0.016012810248189176
NCL,campus_10,loss2,Top 10,Precision,0.1622,0.16217,-3.0000000000002247e-05,-0.018495684340321974
NCL,campus_10,loss2,Top 10,Recall,0.49618,0.49466,-0.0015200000000000213,-0.3063404409690075
NCL,campus_10,loss2,Top 10,NDCG,0.40873,0.40842,-0.00030999999999997696,-0.07584468964841752
NCL,campus_10,loss2,Top 20,Hit Ratio,0.57673,0.57434,-0.0023900000000000032,-0.4144053543252481
NCL,campus_10,loss2,Top 20,Precision,0.10699,0.10655,-0.00043999999999999595,-0.41125338816711465
NCL,campus_10,loss2,Top 20,Recall,0.60223,0.59408,-0.00814999999999999,-1.3533035551201353
NCL,campus_10,loss2,Top 20,NDCG,0.44617,0.44392,-0.0022500000000000298,-0.504292085976204
NCL,campus_10,loss3,Top 3,Hit Ratio,0.21936,0.2222,0.002840000000000009,1.2946754194019008
NCL,campus_10,loss3,Top 3,Precision,0.2713,0.27481,0.003510000000000013,1.2937707335053494
NCL,campus_10,loss3,Top 3,Recall,0.2951,0.29737,0.0022700000000000498,0.7692307692307861
NCL,campus_10,loss3,Top 3,NDCG,0.35428,0.36057,0.006290000000000018,1.775431861804228
NCL,campus_10,loss3,Top 5,Hit Ratio,0.3037,0.30475,0.0010499999999999954,0.34573592360882294
NCL,campus_10,loss3,Top 5,Precision,0.22537,0.22614,0.0007700000000000207,0.34166038070729055
NCL,campus_10,loss3,Top 5,Recall,0.38103,0.38152,0.000490000000000046,0.1285987979949206
NCL,campus_10,loss3,Top 5,NDCG,0.37445,0.37871,0.004259999999999986,1.137668580584854
NCL,campus_10,loss3,Top 10,Hit Ratio,0.43715,0.43999,0.002840000000000009,0.6496625872126294
NCL,campus_10,loss3,Top 10,Precision,0.1622,0.16325,0.0010499999999999954,0.6473489519112179
NCL,campus_10,loss3,Top 10,Recall,0.49618,0.49779,0.0016100000000000003,0.32447901971058896
NCL,campus_10,loss3,Top 10,NDCG,0.40873,0.41328,0.0045499999999999985,1.113204315807501
NCL,campus_10,loss3,Top 20,Hit Ratio,0.57673,0.57747,0.0007400000000000739,0.12830960761536142
NCL,campus_10,loss3,Top 20,Precision,0.10699,0.10713,0.00014000000000000123,0.1308533507804479
NCL,campus_10,loss3,Top 20,Recall,0.60223,0.59858,-0.003650000000000042,-0.6060807332746695
NCL,campus_10,loss3,Top 20,NDCG,0.44617,0.44906,0.0028900000000000037,0.6477351682094277
NCL,campus_10,loss4,Top 3,Hit Ratio,0.21936,0.20779,-0.011569999999999997,-5.274434719183076
NCL,campus_10,loss4,Top 3,Precision,0.2713,0.25699,-0.01430999999999999,-5.274603759675632
NCL,campus_10,loss4,Top 3,Recall,0.2951,0.28419,-0.010909999999999975,-3.6970518468315747
NCL,campus_10,loss4,Top 3,NDCG,0.35428,0.33519,-0.019089999999999996,-5.388393361183244
NCL,campus_10,loss4,Top 5,Hit Ratio,0.3037,0.2843,-0.01940000000000003,-6.38788277905829
NCL,campus_10,loss4,Top 5,Precision,0.22537,0.21097,-0.014399999999999996,-6.389492834006299
NCL,campus_10,loss4,Top 5,Recall,0.38103,0.36199,-0.01904,-4.996981864945018
NCL,campus_10,loss4,Top 5,NDCG,0.37445,0.35312,-0.021330000000000016,-5.696354653491792
NCL,campus_10,loss4,Top 10,Hit Ratio,0.43715,0.41991,-0.017239999999999978,-3.943726409699183
NCL,campus_10,loss4,Top 10,Precision,0.1622,0.1558,-0.006400000000000017,-3.945745992601736
NCL,campus_10,loss4,Top 10,Recall,0.49618,0.48217,-0.014010000000000022,-2.823572090773514
NCL,campus_10,loss4,Top 10,NDCG,0.40873,0.3912,-0.01752999999999999,-4.288894869473733
NCL,campus_10,loss4,Top 20,Hit Ratio,0.57673,0.56053,-0.016199999999999992,-2.8089400586062787
NCL,campus_10,loss4,Top 20,Precision,0.10699,0.10399,-0.0030000000000000027,-2.804000373866719
NCL,campus_10,loss4,Top 20,Recall,0.60223,0.58612,-0.01611000000000007,-2.675057702206809
NCL,campus_10,loss4,Top 20,NDCG,0.44617,0.42861,-0.01756000000000002,-3.935719568774238
NCL,campus_10,loss5,Top 3,Hit Ratio,0.21936,0.22048,0.0011200000000000099,0.5105762217359636
NCL,campus_10,loss5,Top 3,Precision,0.2713,0.27269,0.0013900000000000023,0.5123479542941403
NCL,campus_10,loss5,Top 3,Recall,0.2951,0.2993,0.004200000000000037,1.4232463571670746
NCL,campus_10,loss5,Top 3,NDCG,0.35428,0.35876,0.0044800000000000395,1.264536524782669
NCL,campus_10,loss5,Top 5,Hit Ratio,0.3037,0.3031,-0.0006000000000000449,-0.19756338491934305
NCL,campus_10,loss5,Top 5,Precision,0.22537,0.22492,-0.0004499999999999782,-0.19967165106268722
NCL,campus_10,loss5,Top 5,Recall,0.38103,0.38097,-6.0000000000004494e-05,-0.015746791591214473
NCL,campus_10,loss5,Top 5,NDCG,0.37445,0.37708,0.002630000000000021,0.7023634664174179
NCL,campus_10,loss5,Top 10,Hit Ratio,0.43715,0.43932,0.0021700000000000053,0.49639711769415656
NCL,campus_10,loss5,Top 10,Precision,0.1622,0.163,0.0007999999999999952,0.4932182490752128
NCL,campus_10,loss5,Top 10,Recall,0.49618,0.49568,-0.0005000000000000004,-0.1007698818976985
NCL,campus_10,loss5,Top 10,NDCG,0.40873,0.41179,0.003060000000000007,0.7486604849166949
NCL,campus_10,loss5,Top 20,Hit Ratio,0.57673,0.58068,0.003950000000000009,0.6848958784873354
NCL,campus_10,loss5,Top 20,Precision,0.10699,0.10773,0.0007400000000000045,0.6916534255537944
NCL,campus_10,loss5,Top 20,Recall,0.60223,0.60558,0.003349999999999964,0.5562658784849582
NCL,campus_10,loss5,Top 20,NDCG,0.44617,0.45017,0.0040000000000000036,0.896519263957685
NCL,campus_102,loss1,Top 3,Hit Ratio,0.21577,0.20343,-0.01233999999999999,-5.7190526949993
NCL,campus_102,loss1,Top 3,Precision,0.23727,0.2237,-0.013569999999999999,-5.7192228263160105
NCL,campus_102,loss1,Top 3,Recall,0.2836,0.2714,-0.012200000000000044,-4.301833568406222
NCL,campus_102,loss1,Top 3,NDCG,0.32215,0.30335,-0.018799999999999983,-5.835790780692219
NCL,campus_102,loss1,Top 5,Hit Ratio,0.30016,0.28313,-0.01702999999999999,-5.673640724946692
NCL,campus_102,loss1,Top 5,Precision,0.19804,0.18681,-0.01122999999999999,-5.670571601696622
NCL,campus_102,loss1,Top 5,Recall,0.37052,0.3561,-0.014419999999999988,-3.8918277016085465
NCL,campus_102,loss1,Top 5,NDCG,0.34541,0.32686,-0.01855000000000001,-5.370429344836574
NCL,campus_102,loss1,Top 10,Hit Ratio,0.43202,0.41422,-0.017800000000000038,-4.120179621313837
NCL,campus_102,loss1,Top 10,Precision,0.14252,0.13665,-0.005870000000000014,-4.118720179623922
NCL,campus_102,loss1,Top 10,Recall,0.48861,0.47753,-0.011079999999999979,-2.2676572317390105
NCL,campus_102,loss1,Top 10,NDCG,0.38686,0.3709,-0.015959999999999974,-4.125523445173958
NCL,campus_102,loss1,Top 20,Hit Ratio,0.55669,0.54693,-0.009759999999999991,-1.7532199249133253
NCL,campus_102,loss1,Top 20,Precision,0.09182,0.09021,-0.0016100000000000003,-1.7534306251361362
NCL,campus_102,loss1,Top 20,Recall,0.58771,0.5878,9.00000000000345e-05,0.015313675111880776
NCL,campus_102,loss1,Top 20,NDCG,0.4232,0.41099,-0.012209999999999999,-2.8851606805293
NCL,campus_102,loss2,Top 3,Hit Ratio,0.21577,0.21759,0.001820000000000016,0.843490754043665
NCL,campus_102,loss2,Top 3,Precision,0.23727,0.23927,0.0020000000000000018,0.8429215661482705
NCL,campus_102,loss2,Top 3,Recall,0.2836,0.28537,0.0017699999999999938,0.6241184767277833
NCL,campus_102,loss2,Top 3,NDCG,0.32215,0.32368,0.0015300000000000313,0.4749340369393237
NCL,campus_102,loss2,Top 5,Hit Ratio,0.30016,0.29777,-0.0023900000000000032,-0.7962420042643935
NCL,campus_102,loss2,Top 5,Precision,0.19804,0.19646,-0.001579999999999998,-0.7978186225005041
NCL,campus_102,loss2,Top 5,Recall,0.37052,0.3696,-0.0009200000000000319,-0.2482996869264903
NCL,campus_102,loss2,Top 5,NDCG,0.34541,0.34425,-0.0011599999999999944,-0.3358327784372179
NCL,campus_102,loss2,Top 10,Hit Ratio,0.43202,0.42656,-0.00546000000000002,-1.263830378223235
NCL,campus_102,loss2,Top 10,Precision,0.14252,0.14072,-0.001799999999999996,-1.2629806342969379
NCL,campus_102,loss2,Top 10,Recall,0.48861,0.49072,0.0021100000000000008,0.43183725261455985
NCL,campus_102,loss2,Top 10,NDCG,0.38686,0.38609,-0.0007699999999999929,-0.19903841182856663
NCL,campus_102,loss2,Top 20,Hit Ratio,0.55669,0.55727,0.0005800000000000249,0.10418724963624727
NCL,campus_102,loss2,Top 20,Precision,0.09182,0.09192,0.00010000000000000286,0.10890873448050845
NCL,campus_102,loss2,Top 20,Recall,0.58771,0.59407,0.006360000000000032,1.0821663745724988
NCL,campus_102,loss2,Top 20,NDCG,0.4232,0.42411,0.0009099999999999664,0.2150283553875157
NCL,campus_102,loss3,Top 3,Hit Ratio,0.21577,0.21759,0.001820000000000016,0.843490754043665
NCL,campus_102,loss3,Top 3,Precision,0.23727,0.23927,0.0020000000000000018,0.8429215661482705
NCL,campus_102,loss3,Top 3,Recall,0.2836,0.28397,0.00036999999999998145,0.13046544428772266
NCL,campus_102,loss3,Top 3,NDCG,0.32215,0.32226,0.00010999999999999899,0.034145584355113764
NCL,campus_102,loss3,Top 5,Hit Ratio,0.30016,0.30035,0.00019000000000002348,0.06329957356077542
NCL,campus_102,loss3,Top 5,Precision,0.19804,0.19817,0.000130000000000019,0.06564330438296252
NCL,campus_102,loss3,Top 5,Recall,0.37052,0.37459,0.0040699999999999625,1.0984562236856208
NCL,campus_102,loss3,Top 5,NDCG,0.34541,0.34552,0.00010999999999999899,0.03184621174835674
NCL,campus_102,loss3,Top 10,Hit Ratio,0.43202,0.42953,-0.0024899999999999922,-0.5763622054534494
NCL,campus_102,loss3,Top 10,Precision,0.14252,0.1417,-0.0008200000000000152,-0.5753578445130614
NCL,campus_102,loss3,Top 10,Recall,0.48861,0.48896,0.00035000000000001696,0.07163177176071243
NCL,campus_102,loss3,Top 10,NDCG,0.38686,0.38562,-0.0012399999999999634,-0.3205293904771657
NCL,campus_102,loss3,Top 20,Hit Ratio,0.55669,0.55928,0.002589999999999981,0.4652499595825291
NCL,campus_102,loss3,Top 20,Precision,0.09182,0.09225,0.0004299999999999998,0.4683075582661728
NCL,campus_102,loss3,Top 20,Recall,0.58771,0.5953,0.007590000000000097,1.2914532677681334
NCL,campus_102,loss3,Top 20,NDCG,0.4232,0.42422,0.0010199999999999654,0.24102079395084247
NCL,campus_102,loss4,Top 3,Hit Ratio,0.21577,0.20505,-0.01071999999999998,-4.968253232608787
NCL,campus_102,loss4,Top 3,Precision,0.23727,0.22548,-0.011789999999999995,-4.969022632444049
NCL,campus_102,loss4,Top 3,Recall,0.2836,0.27184,-0.011759999999999993,-4.146685472496471
NCL,campus_102,loss4,Top 3,NDCG,0.32215,0.3041,-0.01805000000000001,-5.602979978270995
NCL,campus_102,loss4,Top 5,Hit Ratio,0.30016,0.28466,-0.015499999999999958,-5.163912579957342
NCL,campus_102,loss4,Top 5,Precision,0.19804,0.18782,-0.010220000000000007,-5.160573621490611
NCL,campus_102,loss4,Top 5,Recall,0.37052,0.35808,-0.012440000000000007,-3.357443592788515
NCL,campus_102,loss4,Top 5,NDCG,0.34541,0.32774,-0.01767000000000002,-5.11565965084972
NCL,campus_102,loss4,Top 10,Hit Ratio,0.43202,0.41221,-0.019809999999999994,-4.58543585945095
NCL,campus_102,loss4,Top 10,Precision,0.14252,0.13598,-0.006540000000000018,-4.5888296379455635
NCL,campus_102,loss4,Top 10,Recall,0.48861,0.4795,-0.009110000000000007,-1.86447268782874
NCL,campus_102,loss4,Top 10,NDCG,0.38686,0.37074,-0.016119999999999968,-4.16688207620327
NCL,campus_102,loss4,Top 20,Hit Ratio,0.55669,0.54722,-0.009469999999999978,-1.7011263000952015
NCL,campus_102,loss4,Top 20,Precision,0.09182,0.09026,-0.001559999999999992,-1.6989762578958745
NCL,campus_102,loss4,Top 20,Recall,0.58771,0.58883,0.0011200000000000099,0.19057017917000052
NCL,campus_102,loss4,Top 20,NDCG,0.4232,0.41083,-0.012370000000000048,-2.9229678638941508
NCL,campus_102,loss5,Top 3,Hit Ratio,0.21577,0.21586,9.000000000000674e-05,0.04171108124392026
NCL,campus_102,loss5,Top 3,Precision,0.23727,0.23737,9.999999999998899e-05,0.04214607830740885
NCL,campus_102,loss5,Top 3,Recall,0.2836,0.28381,0.00020999999999998797,0.07404795486600421
NCL,campus_102,loss5,Top 3,NDCG,0.32215,0.32142,-0.0007300000000000084,-0.22660251435666878
NCL,campus_102,loss5,Top 5,Hit Ratio,0.30016,0.30131,0.0011500000000000399,0.3831289978678171
NCL,campus_102,loss5,Top 5,Precision,0.19804,0.1988,0.0007600000000000107,0.3837608563926534
NCL,campus_102,loss5,Top 5,Recall,0.37052,0.37468,0.004159999999999997,1.1227464104501772
NCL,campus_102,loss5,Top 5,NDCG,0.34541,0.34633,0.0009200000000000319,0.26635013462263163
NCL,campus_102,loss5,Top 10,Hit Ratio,0.43202,0.43087,-0.0011500000000000399,-0.26619138002871157
NCL,campus_102,loss5,Top 10,Precision,0.14252,0.14214,-0.0003800000000000192,-0.2666292450182565
NCL,campus_102,loss5,Top 10,Recall,0.48861,0.49057,0.0019600000000000173,0.4011379218599737
NCL,campus_102,loss5,Top 10,NDCG,0.38686,0.38691,4.999999999999449e-05,0.012924572196658867
NCL,campus_102,loss5,Top 20,Hit Ratio,0.55669,0.56176,0.005070000000000019,0.9107402683719878
NCL,campus_102,loss5,Top 20,Precision,0.09182,0.09266,0.0008400000000000074,0.9148333696362528
NCL,campus_102,loss5,Top 20,Recall,0.58771,0.5995,0.011790000000000078,2.0060914396556258
NCL,campus_102,loss5,Top 20,NDCG,0.4232,0.42614,0.002939999999999998,0.694706994328922
NCL,campus_143,loss1,Top 3,Hit Ratio,0.49935,0.48515,-0.01419999999999999,-2.8436968058475998
NCL,campus_143,loss1,Top 3,Precision,0.28485,0.27675,-0.008099999999999996,-2.843601895734596
NCL,campus_143,loss1,Top 3,Recall,0.56626,0.55309,-0.013170000000000015,-2.325786741073008
NCL,campus_143,loss1,Top 3,NDCG,0.52625,0.51144,-0.01480999999999999,-2.814251781472682
NCL,campus_143,loss1,Top 5,Hit Ratio,0.59649,0.58822,-0.00827,-1.3864440309141812
NCL,campus_143,loss1,Top 5,Precision,0.20416,0.20133,-0.002829999999999999,-1.3861677115987456
NCL,campus_143,loss1,Top 5,Recall,0.64844,0.64044,-0.008000000000000007,-1.2337301832089334
NCL,campus_143,loss1,Top 5,NDCG,0.55852,0.54658,-0.011940000000000062,-2.137792737950308
NCL,campus_143,loss1,Top 10,Hit Ratio,0.70214,0.69026,-0.011880000000000002,-1.6919702623408441
NCL,campus_143,loss1,Top 10,Precision,0.12016,0.11813,-0.002030000000000004,-1.6894141145139847
NCL,campus_143,loss1,Top 10,Recall,0.72647,0.71718,-0.00928999999999991,-1.2787864605558261
NCL,campus_143,loss1,Top 10,NDCG,0.58896,0.57655,-0.012410000000000032,-2.1071040478131
NCL,campus_143,loss1,Top 20,Hit Ratio,0.77474,0.75872,-0.016020000000000034,-2.0677904845496595
NCL,campus_143,loss1,Top 20,Precision,0.06629,0.06492,-0.0013699999999999962,-2.0666767234876997
NCL,campus_143,loss1,Top 20,Recall,0.78431,0.76795,-0.01635999999999993,-2.085909908072055
NCL,campus_143,loss1,Top 20,NDCG,0.6063,0.59266,-0.013639999999999985,-2.249711364011213
NCL,campus_143,loss2,Top 3,Hit Ratio,0.49935,0.48205,-0.017300000000000038,-3.4645038550115226
NCL,campus_143,loss2,Top 3,Precision,0.28485,0.27498,-0.00986999999999999,-3.4649815692469685
NCL,campus_143,loss2,Top 3,Recall,0.56626,0.55203,-0.014229999999999965,-2.512979903224661
NCL,campus_143,loss2,Top 3,NDCG,0.52625,0.50468,-0.021569999999999978,-4.0988123515439385
NCL,campus_143,loss2,Top 5,Hit Ratio,0.59649,0.58538,-0.011109999999999953,-1.8625626582172299
NCL,campus_143,loss2,Top 5,Precision,0.20416,0.20035,-0.003810000000000008,-1.866183385579941
NCL,campus_143,loss2,Top 5,Recall,0.64844,0.63838,-0.010060000000000069,-1.5514157053852429
NCL,campus_143,loss2,Top 5,NDCG,0.55852,0.53981,-0.018710000000000004,-3.3499248012604745
NCL,campus_143,loss2,Top 10,Hit Ratio,0.70214,0.70034,-0.0018000000000000238,-0.256359130657707
NCL,campus_143,loss2,Top 10,Precision,0.12016,0.11985,-0.0003100000000000047,-0.2579893475366217
NCL,campus_143,loss2,Top 10,Recall,0.72647,0.72984,0.003370000000000095,0.46388701529314297
NCL,campus_143,loss2,Top 10,NDCG,0.58896,0.57504,-0.013920000000000043,-2.3634881825590943
NCL,campus_143,loss2,Top 20,Hit Ratio,0.77474,0.77112,-0.0036199999999999566,-0.46725353021658317
NCL,campus_143,loss2,Top 20,Precision,0.06629,0.06598,-0.0003100000000000047,-0.46764217830744415
NCL,campus_143,loss2,Top 20,Recall,0.78431,0.77977,-0.0045399999999999885,-0.578852749550559
NCL,campus_143,loss2,Top 20,NDCG,0.6063,0.59118,-0.015119999999999911,-2.493814943097462
NCL,campus_143,loss3,Top 3,Hit Ratio,0.49935,0.49083,-0.008520000000000028,-1.7062180835085667
NCL,campus_143,loss3,Top 3,Precision,0.28485,0.27999,-0.0048599999999999755,-1.70616113744075
NCL,campus_143,loss3,Top 3,Recall,0.56626,0.55187,-0.014390000000000014,-2.5412354748702035
NCL,campus_143,loss3,Top 3,NDCG,0.52625,0.51333,-0.012920000000000043,-2.455106888361053
NCL,campus_143,loss3,Top 5,Hit Ratio,0.59649,0.58977,-0.006719999999999948,-1.1265905547452513
NCL,campus_143,loss3,Top 5,Precision,0.20416,0.20186,-0.0022999999999999965,-1.1265673981191204
NCL,campus_143,loss3,Top 5,Recall,0.64844,0.63757,-0.010870000000000046,-1.6763308864351438
NCL,campus_143,loss3,Top 5,NDCG,0.55852,0.54684,-0.011680000000000024,-2.091241137291417
NCL,campus_143,loss3,Top 10,Hit Ratio,0.70214,0.69879,-0.003349999999999964,-0.4771128265018321
NCL,campus_143,loss3,Top 10,Precision,0.12016,0.11958,-0.0005799999999999972,-0.4826897470039923
NCL,campus_143,loss3,Top 10,Recall,0.72647,0.7266,0.0001300000000000745,0.017894751331792712
NCL,campus_143,loss3,Top 10,NDCG,0.58896,0.58061,-0.00835000000000008,-1.4177533279000405
NCL,campus_143,loss3,Top 20,Hit Ratio,0.77474,0.77086,-0.0038799999999999946,-0.5008131760332493
NCL,campus_143,loss3,Top 20,Precision,0.06629,0.06596,-0.00032999999999999696,-0.4978126414240413
NCL,campus_143,loss3,Top 20,Recall,0.78431,0.78175,-0.0025600000000000067,-0.3264015504073653
NCL,campus_143,loss3,Top 20,NDCG,0.6063,0.59753,-0.008769999999999945,-1.4464786409368209
NCL,campus_143,loss4,Top 3,Hit Ratio,0.49935,0.47404,-0.02531,-5.06858916591569
NCL,campus_143,loss4,Top 3,Precision,0.28485,0.27041,-0.014440000000000008,-5.069334737581186
NCL,campus_143,loss4,Top 3,Recall,0.56626,0.5442,-0.02205999999999997,-3.8957369406279745
NCL,campus_143,loss4,Top 3,NDCG,0.52625,0.49811,-0.02814,-5.347268408551069
NCL,campus_143,loss4,Top 5,Hit Ratio,0.59649,0.57995,-0.01654,-2.7728880618283624
NCL,campus_143,loss4,Top 5,Precision,0.20416,0.1985,-0.005659999999999998,-2.7723354231974913
NCL,campus_143,loss4,Top 5,Recall,0.64844,0.63205,-0.016390000000000016,-2.527604712849302
NCL,campus_143,loss4,Top 5,NDCG,0.55852,0.53445,-0.024070000000000036,-4.30960395330517
NCL,campus_143,loss4,Top 10,Hit Ratio,0.70214,0.69827,-0.00387000000000004,-0.5511721309140685
NCL,campus_143,loss4,Top 10,Precision,0.12016,0.1195,-0.0006600000000000078,-0.5492676431424832
NCL,campus_143,loss4,Top 10,Recall,0.72647,0.7261,-0.00036999999999998145,-0.05093121532891674
NCL,campus_143,loss4,Top 10,NDCG,0.58896,0.57072,-0.018240000000000034,-3.09698451507743
NCL,campus_143,loss4,Top 20,Hit Ratio,0.77474,0.77551,0.0007700000000000484,0.09938818184165635
NCL,campus_143,loss4,Top 20,Precision,0.06629,0.06636,7.000000000000062e-05,0.10559662090813186
NCL,campus_143,loss4,Top 20,Recall,0.78431,0.78662,0.0023100000000000342,0.2945263990003996
NCL,campus_143,loss4,Top 20,NDCG,0.6063,0.58927,-0.01702999999999999,-2.8088405079993386
NCL,campus_143,loss5,Top 3,Hit Ratio,0.49935,0.49858,-0.0007699999999999929,-0.154200460598777
NCL,campus_143,loss5,Top 3,Precision,0.28485,0.28441,-0.00043999999999999595,-0.1544672634720014
NCL,campus_143,loss5,Top 3,Recall,0.56626,0.56157,-0.004689999999999972,-0.8282414438597061
NCL,campus_143,loss5,Top 3,NDCG,0.52625,0.52316,-0.003090000000000037,-0.5871733966745913
NCL,campus_143,loss5,Top 5,Hit Ratio,0.59649,0.59545,-0.0010399999999999299,-0.1743533001391356
NCL,campus_143,loss5,Top 5,Precision,0.20416,0.2038,-0.0003599999999999992,-0.1763322884012535
NCL,campus_143,loss5,Top 5,Recall,0.64844,0.64517,-0.003269999999999995,-0.5042872123866502
NCL,campus_143,loss5,Top 5,NDCG,0.55852,0.55548,-0.0030400000000000427,-0.5442956384731151
NCL,campus_143,loss5,Top 10,Hit Ratio,0.70214,0.70576,0.0036200000000000676,0.5155666961005024
NCL,campus_143,loss5,Top 10,Precision,0.12016,0.12078,0.0006199999999999956,0.515978695073232
NCL,campus_143,loss5,Top 10,Recall,0.72647,0.73223,0.005760000000000098,0.7928751359312978
NCL,campus_143,loss5,Top 10,NDCG,0.58896,0.58853,-0.00043000000000004146,-0.07301005161641562
NCL,campus_143,loss5,Top 20,Hit Ratio,0.77474,0.77112,-0.0036199999999999566,-0.46725353021658317
NCL,campus_143,loss5,Top 20,Precision,0.06629,0.06598,-0.0003100000000000047,-0.46764217830744415
NCL,campus_143,loss5,Top 20,Recall,0.78431,0.78126,-0.003049999999999997,-0.3888768471650237
NCL,campus_143,loss5,Top 20,NDCG,0.6063,0.60395,-0.0023499999999999632,-0.3875968992248002
NCL,campus_15,loss1,Top 3,Hit Ratio,0.14963,0.14139,-0.008240000000000025,-5.5069170620864965
NCL,campus_15,loss1,Top 3,Precision,0.24166,0.22836,-0.013300000000000006,-5.503600099313087
NCL,campus_15,loss1,Top 3,Recall,0.24965,0.23739,-0.012260000000000021,-4.91087522531545
NCL,campus_15,loss1,Top 3,NDCG,0.32563,0.30504,-0.020589999999999997,-6.323127475969659
NCL,campus_15,loss1,Top 5,Hit Ratio,0.21552,0.20618,-0.009339999999999987,-4.333704528582028
NCL,campus_15,loss1,Top 5,Precision,0.20886,0.1998,-0.009059999999999985,-4.337833955759832
NCL,campus_15,loss1,Top 5,Recall,0.31995,0.30787,-0.012080000000000035,-3.7755899359274996
NCL,campus_15,loss1,Top 5,NDCG,0.34395,0.3251,-0.018849999999999978,-5.480447739497014
NCL,campus_15,loss1,Top 10,Hit Ratio,0.34638,0.33372,-0.012660000000000005,-3.6549454356487105
NCL,campus_15,loss1,Top 10,Precision,0.16783,0.1617,-0.0061299999999999966,-3.652505511529522
NCL,campus_15,loss1,Top 10,Recall,0.43442,0.41966,-0.014759999999999995,-3.397633626444454
NCL,campus_15,loss1,Top 10,NDCG,0.37086,0.35264,-0.018220000000000014,-4.9129051394057095
NCL,campus_15,loss1,Top 20,Hit Ratio,0.51428,0.50424,-0.010039999999999938,-1.9522439138212526
NCL,campus_15,loss1,Top 20,Precision,0.12459,0.12216,-0.0024300000000000016,-1.9503973031543473
NCL,campus_15,loss1,Top 20,Recall,0.55046,0.54273,-0.007729999999999904,-1.4042800566798503
NCL,campus_15,loss1,Top 20,NDCG,0.40604,0.39077,-0.015270000000000006,-3.7607132302236246
NCL,campus_15,loss2,Top 3,Hit Ratio,0.14963,0.14774,-0.0018900000000000028,-1.2631156853572163
NCL,campus_15,loss2,Top 3,Precision,0.24166,0.23862,-0.003040000000000015,-1.2579657369858541
NCL,campus_15,loss2,Top 3,Recall,0.24965,0.24404,-0.005610000000000004,-2.24714600440617
NCL,campus_15,loss2,Top 3,NDCG,0.32563,0.319,-0.006629999999999969,-2.03605318920246
NCL,campus_15,loss2,Top 5,Hit Ratio,0.21552,0.21298,-0.0025399999999999867,-1.1785449146250868
NCL,campus_15,loss2,Top 5,Precision,0.20886,0.20639,-0.00247,-1.1826103610073735
NCL,campus_15,loss2,Top 5,Recall,0.31995,0.31344,-0.006510000000000016,-2.034692920768875
NCL,campus_15,loss2,Top 5,NDCG,0.34395,0.33664,-0.007309999999999983,-2.1253089111789456
NCL,campus_15,loss2,Top 10,Hit Ratio,0.34638,0.34376,-0.002620000000000011,-0.7563947110110315
NCL,campus_15,loss2,Top 10,Precision,0.16783,0.16656,-0.0012699999999999934,-0.7567181076088859
NCL,campus_15,loss2,Top 10,Recall,0.43442,0.426,-0.008419999999999983,-1.9382164725380928
NCL,campus_15,loss2,Top 10,NDCG,0.37086,0.36297,-0.007890000000000008,-2.127487461575799
NCL,campus_15,loss2,Top 20,Hit Ratio,0.51428,0.51477,0.0004899999999999904,0.09527883643151405
NCL,campus_15,loss2,Top 20,Precision,0.12459,0.12471,0.00011999999999999511,0.09631591620514897
NCL,campus_15,loss2,Top 20,Recall,0.55046,0.54638,-0.0040799999999999725,-0.7411982705373638
NCL,campus_15,loss2,Top 20,NDCG,0.40604,0.39969,-0.006350000000000022,-1.5638853314944394
NCL,campus_15,loss3,Top 3,Hit Ratio,0.14963,0.14844,-0.0011900000000000244,-0.7952950611508549
NCL,campus_15,loss3,Top 3,Precision,0.24166,0.23974,-0.001920000000000005,-0.7945046759910639
NCL,campus_15,loss3,Top 3,Recall,0.24965,0.24567,-0.003980000000000011,-1.5942319246945769
NCL,campus_15,loss3,Top 3,NDCG,0.32563,0.32134,-0.0042899999999999605,-1.3174461812486444
NCL,campus_15,loss3,Top 5,Hit Ratio,0.21552,0.21401,-0.0015099999999999836,-0.7006310319227838
NCL,campus_15,loss3,Top 5,Precision,0.20886,0.20739,-0.001469999999999999,-0.7038207411663311
NCL,campus_15,loss3,Top 5,Recall,0.31995,0.31677,-0.003180000000000016,-0.993905297702771
NCL,campus_15,loss3,Top 5,NDCG,0.34395,0.33971,-0.004239999999999966,-1.2327373164704074
NCL,campus_15,loss3,Top 10,Hit Ratio,0.34638,0.34372,-0.0026599999999999957,-0.7679427218661572
NCL,campus_15,loss3,Top 10,Precision,0.16783,0.16654,-0.0012900000000000134,-0.7686349282011639
NCL,campus_15,loss3,Top 10,Recall,0.43442,0.4275,-0.006919999999999982,-1.5929285023709734
NCL,campus_15,loss3,Top 10,NDCG,0.37086,0.36542,-0.00544,-1.466860810009168
NCL,campus_15,loss3,Top 20,Hit Ratio,0.51428,0.51506,0.0007800000000000029,0.15166835187057692
NCL,campus_15,loss3,Top 20,Precision,0.12459,0.12478,0.00018999999999999573,0.1525002006581553
NCL,campus_15,loss3,Top 20,Recall,0.55046,0.54821,-0.0022499999999999742,-0.4087490462522208
NCL,campus_15,loss3,Top 20,NDCG,0.40604,0.40223,-0.0038100000000000356,-0.9383311988966692
NCL,campus_15,loss4,Top 3,Hit Ratio,0.14963,0.14085,-0.00878000000000001,-5.867807257902833
NCL,campus_15,loss4,Top 3,Precision,0.24166,0.2275,-0.014160000000000006,-5.859471985434083
NCL,campus_15,loss4,Top 3,Recall,0.24965,0.23566,-0.013990000000000002,-5.603845383536952
NCL,campus_15,loss4,Top 3,NDCG,0.32563,0.30495,-0.020679999999999976,-6.350766207044798
NCL,campus_15,loss4,Top 5,Hit Ratio,0.21552,0.20458,-0.010939999999999978,-5.0760950259836575
NCL,campus_15,loss4,Top 5,Precision,0.20886,0.19825,-0.01060999999999998,-5.079957866513445
NCL,campus_15,loss4,Top 5,Recall,0.31995,0.30627,-0.013680000000000025,-4.275668073136436
NCL,campus_15,loss4,Top 5,NDCG,0.34395,0.32403,-0.019919999999999993,-5.7915394679459204
NCL,campus_15,loss4,Top 10,Hit Ratio,0.34638,0.33306,-0.013319999999999999,-3.845487614758357
NCL,campus_15,loss4,Top 10,Precision,0.16783,0.16138,-0.006450000000000011,-3.8431746410057865
NCL,campus_15,loss4,Top 10,Recall,0.43442,0.4195,-0.014919999999999989,-3.434464343262279
NCL,campus_15,loss4,Top 10,NDCG,0.37086,0.35202,-0.018840000000000023,-5.080084128781757
NCL,campus_15,loss4,Top 20,Hit Ratio,0.51428,0.50506,-0.009220000000000006,-1.7927976977521984
NCL,campus_15,loss4,Top 20,Precision,0.12459,0.12236,-0.0022300000000000098,-1.7898707761457657
NCL,campus_15,loss4,Top 20,Recall,0.55046,0.53967,-0.010789999999999966,-1.9601787595828886
NCL,campus_15,loss4,Top 20,NDCG,0.40604,0.38962,-0.01641999999999999,-4.043936557974581
NCL,campus_15,loss5,Top 3,Hit Ratio,0.14963,0.14885,-0.0007800000000000029,-0.5212858384013921
NCL,campus_15,loss5,Top 3,Precision,0.24166,0.2404,-0.0012600000000000111,-0.5213936936191389
NCL,campus_15,loss5,Top 3,Recall,0.24965,0.24768,-0.0019699999999999995,-0.7891047466453033
NCL,campus_15,loss5,Top 3,NDCG,0.32563,0.32248,-0.003149999999999986,-0.9673555876301282
NCL,campus_15,loss5,Top 5,Hit Ratio,0.21552,0.21454,-0.0009799999999999809,-0.45471417965849154
NCL,campus_15,loss5,Top 5,Precision,0.20886,0.2079,-0.0009599999999999886,-0.45963803504739476
NCL,campus_15,loss5,Top 5,Recall,0.31995,0.31931,-0.0006400000000000294,-0.20003125488358475
NCL,campus_15,loss5,Top 5,NDCG,0.34395,0.341,-0.0029499999999999527,-0.8576828027329416
NCL,campus_15,loss5,Top 10,Hit Ratio,0.34638,0.34613,-0.000250000000000028,-0.07217506784457185
NCL,campus_15,loss5,Top 10,Precision,0.16783,0.16771,-0.00012000000000000899,-0.07150092355360126
NCL,campus_15,loss5,Top 10,Recall,0.43442,0.43227,-0.0021499999999999853,-0.49491275723953443
NCL,campus_15,loss5,Top 10,NDCG,0.37086,0.36773,-0.0031300000000000217,-0.8439842528177807
NCL,campus_15,loss5,Top 20,Hit Ratio,0.51428,0.51613,0.0018500000000000183,0.3597262191802167
NCL,campus_15,loss5,Top 20,Precision,0.12459,0.12504,0.00045000000000000595,0.36118468576932816
NCL,campus_15,loss5,Top 20,Recall,0.55046,0.5521,0.0016400000000000858,0.29793263815719323
NCL,campus_15,loss5,Top 20,NDCG,0.40604,0.40408,-0.0019600000000000173,-0.4827110629494673
NCL,campus_34,loss1,Top 3,Hit Ratio,0.37158,0.35341,-0.01817000000000002,-4.889929490284735
NCL,campus_34,loss1,Top 3,Precision,0.22998,0.21873,-0.011249999999999982,-4.891729715627438
NCL,campus_34,loss1,Top 3,Recall,0.43345,0.41269,-0.02076,-4.789479755450456
NCL,campus_34,loss1,Top 3,NDCG,0.3976,0.37572,-0.02188000000000001,-5.503018108651913
NCL,campus_34,loss1,Top 5,Hit Ratio,0.47163,0.4552,-0.01643,-3.483663040943112
NCL,campus_34,loss1,Top 5,Precision,0.17514,0.16904,-0.006099999999999994,-3.482927943359595
NCL,campus_34,loss1,Top 5,Recall,0.52427,0.5101,-0.014170000000000016,-2.7028058061685805
NCL,campus_34,loss1,Top 5,NDCG,0.43441,0.41559,-0.018820000000000003,-4.332312792062798
NCL,campus_34,loss1,Top 10,Hit Ratio,0.59109,0.57815,-0.012939999999999952,-2.1891759292155086
NCL,campus_34,loss1,Top 10,Precision,0.10975,0.10735,-0.0023999999999999994,-2.186788154897494
NCL,campus_34,loss1,Top 10,Recall,0.62564,0.61297,-0.012669999999999959,-2.0251262706987982
NCL,campus_34,loss1,Top 10,NDCG,0.47181,0.45444,-0.017369999999999997,-3.6815667323710803
NCL,campus_34,loss1,Top 20,Hit Ratio,0.66949,0.65505,-0.014440000000000008,-2.156865673871157
NCL,campus_34,loss1,Top 20,Precision,0.06215,0.06081,-0.001339999999999994,-2.1560740144810846
NCL,campus_34,loss1,Top 20,Recall,0.68837,0.6749,-0.013469999999999982,-1.956796490259596
NCL,campus_34,loss1,Top 20,NDCG,0.49142,0.47398,-0.01744000000000001,-3.548899108705386
NCL,campus_34,loss2,Top 3,Hit Ratio,0.37158,0.35515,-0.01643,-4.421658862156198
NCL,campus_34,loss2,Top 3,Precision,0.22998,0.21981,-0.010169999999999985,-4.422123662927205
NCL,campus_34,loss2,Top 3,Recall,0.43345,0.41519,-0.01826,-4.2127119621640325
NCL,campus_34,loss2,Top 3,NDCG,0.3976,0.3755,-0.02210000000000001,-5.558350100603623
NCL,campus_34,loss2,Top 5,Hit Ratio,0.47163,0.45794,-0.01368999999999998,-2.902699149757221
NCL,campus_34,loss2,Top 5,Precision,0.17514,0.17006,-0.005080000000000001,-2.9005367134863547
NCL,campus_34,loss2,Top 5,Recall,0.52427,0.51248,-0.011789999999999967,-2.248841245922896
NCL,campus_34,loss2,Top 5,NDCG,0.43441,0.41535,-0.01906000000000002,-4.387560139039161
NCL,campus_34,loss2,Top 10,Hit Ratio,0.59109,0.58064,-0.01044999999999996,-1.7679202828672382
NCL,campus_34,loss2,Top 10,Precision,0.10975,0.10781,-0.0019399999999999973,-1.7676537585421388
NCL,campus_34,loss2,Top 10,Recall,0.62564,0.61333,-0.012309999999999932,-1.9675851927626002
NCL,campus_34,loss2,Top 10,NDCG,0.47181,0.45347,-0.018340000000000023,-3.887157966130439
NCL,campus_34,loss2,Top 20,Hit Ratio,0.66949,0.666,-0.003489999999999993,-0.5212923269951744
NCL,campus_34,loss2,Top 20,Precision,0.06215,0.06183,-0.0003199999999999939,-0.514883346741744
NCL,campus_34,loss2,Top 20,Recall,0.68837,0.68335,-0.0050200000000000244,-0.7292589740982356
NCL,campus_34,loss2,Top 20,NDCG,0.49142,0.47528,-0.016140000000000043,-3.2843596109234547
NCL,campus_34,loss3,Top 3,Hit Ratio,0.37158,0.3656,-0.005980000000000041,-1.6093438828785296
NCL,campus_34,loss3,Top 3,Precision,0.22998,0.22628,-0.003699999999999981,-1.6088355509174628
NCL,campus_34,loss3,Top 3,Recall,0.43345,0.42453,-0.008919999999999983,-2.057907486445953
NCL,campus_34,loss3,Top 3,NDCG,0.3976,0.39134,-0.006259999999999988,-1.57444668008048
NCL,campus_34,loss3,Top 5,Hit Ratio,0.47163,0.46889,-0.00274000000000002,-0.5809638911858915
NCL,campus_34,loss3,Top 5,Precision,0.17514,0.17412,-0.0010199999999999931,-0.5823912298732404
NCL,campus_34,loss3,Top 5,Recall,0.52427,0.52285,-0.0014199999999999768,-0.2708528048524571
NCL,campus_34,loss3,Top 5,NDCG,0.43441,0.43099,-0.003420000000000034,-0.7872746944131198
NCL,campus_34,loss3,Top 10,Hit Ratio,0.59109,0.59059,-0.000500000000000056,-0.08458948721853796
NCL,campus_34,loss3,Top 10,Precision,0.10975,0.10966,-9.000000000000674e-05,-0.08200455580866217
NCL,campus_34,loss3,Top 10,Recall,0.62564,0.62604,0.00040000000000006697,0.06393453104022552
NCL,campus_34,loss3,Top 10,NDCG,0.47181,0.46973,-0.0020800000000000263,-0.4408554290922249
NCL,campus_34,loss3,Top 20,Hit Ratio,0.66949,0.66327,-0.006220000000000003,-0.9290654079971326
NCL,campus_34,loss3,Top 20,Precision,0.06215,0.06158,-0.0005699999999999941,-0.9171359613837397
NCL,campus_34,loss3,Top 20,Recall,0.68837,0.68301,-0.005360000000000031,-0.7786510161686347
NCL,campus_34,loss3,Top 20,NDCG,0.49142,0.48769,-0.003730000000000011,-0.7590248667127937
NCL,campus_34,loss4,Top 3,Hit Ratio,0.37158,0.34545,-0.026130000000000042,-7.032133053447452
NCL,campus_34,loss4,Top 3,Precision,0.22998,0.2138,-0.01618,-7.0353943821201845
NCL,campus_34,loss4,Top 3,Recall,0.43345,0.40747,-0.025980000000000003,-5.993770907832507
NCL,campus_34,loss4,Top 3,NDCG,0.3976,0.36731,-0.030289999999999984,-7.618209255533196
NCL,campus_34,loss4,Top 5,Hit Ratio,0.47163,0.45271,-0.018919999999999992,-4.0116192778237165
NCL,campus_34,loss4,Top 5,Precision,0.17514,0.16811,-0.007029999999999981,-4.013931711773427
NCL,campus_34,loss4,Top 5,Recall,0.52427,0.50757,-0.016700000000000048,-3.185381578194451
NCL,campus_34,loss4,Top 5,NDCG,0.43441,0.40921,-0.0252,-5.800971432517668
NCL,campus_34,loss4,Top 10,Hit Ratio,0.59109,0.57865,-0.012440000000000007,-2.1045864419969895
NCL,campus_34,loss4,Top 10,Precision,0.10975,0.10744,-0.0023100000000000065,-2.104783599088844
NCL,campus_34,loss4,Top 10,Recall,0.62564,0.61342,-0.012220000000000009,-1.9531999232785642
NCL,campus_34,loss4,Top 10,NDCG,0.47181,0.44918,-0.022629999999999983,-4.796422288633133
NCL,campus_34,loss4,Top 20,Hit Ratio,0.66949,0.65431,-0.015180000000000082,-2.267397571285618
NCL,campus_34,loss4,Top 20,Precision,0.06215,0.06074,-0.0014099999999999946,-2.2687047465808443
NCL,campus_34,loss4,Top 20,Recall,0.68837,0.67261,-0.015759999999999996,-2.289466420674927
NCL,campus_34,loss4,Top 20,NDCG,0.49142,0.46787,-0.023550000000000015,-4.792234748280496
NCL,campus_34,loss5,Top 3,Hit Ratio,0.37158,0.36909,-0.0024900000000000477,-0.6701114161149814
NCL,campus_34,loss5,Top 3,Precision,0.22998,0.22843,-0.0015499999999999958,-0.6739716497086685
NCL,campus_34,loss5,Top 3,Recall,0.43345,0.42736,-0.006089999999999984,-1.4050063444457226
NCL,campus_34,loss5,Top 3,NDCG,0.3976,0.39229,-0.005309999999999981,-1.3355130784708202
NCL,campus_34,loss5,Top 5,Hit Ratio,0.47163,0.47038,-0.0012499999999999734,-0.2650382715264028
NCL,campus_34,loss5,Top 5,Precision,0.17514,0.17468,-0.0004599999999999882,-0.26264702523694655
NCL,campus_34,loss5,Top 5,Recall,0.52427,0.52034,-0.003929999999999989,-0.7496137486409653
NCL,campus_34,loss5,Top 5,NDCG,0.43441,0.42976,-0.004650000000000043,-1.0704173476669605
NCL,campus_34,loss5,Top 10,Hit Ratio,0.59109,0.58611,-0.0049799999999999844,-0.8425112926965411
NCL,campus_34,loss5,Top 10,Precision,0.10975,0.10883,-0.0009200000000000041,-0.83826879271071
NCL,campus_34,loss5,Top 10,Recall,0.62564,0.6201,-0.005539999999999989,-0.8854932549069735
NCL,campus_34,loss5,Top 10,NDCG,0.47181,0.46675,-0.005060000000000009,-1.0724656111570354
NCL,campus_34,loss5,Top 20,Hit Ratio,0.66949,0.66327,-0.006220000000000003,-0.9290654079971326
NCL,campus_34,loss5,Top 20,Precision,0.06215,0.06158,-0.0005699999999999941,-0.9171359613837397
NCL,campus_34,loss5,Top 20,Recall,0.68837,0.68327,-0.005099999999999993,-0.7408806310559718
NCL,campus_34,loss5,Top 20,NDCG,0.49142,0.48636,-0.005060000000000009,-1.029669122135853
SGL,campus_10,loss1,Top 3,Hit Ratio,0.22011,0.2157,-0.004409999999999997,-2.0035436827041013
SGL,campus_10,loss1,Top 3,Precision,0.27222,0.26678,-0.00544,-1.9983836602747778
SGL,campus_10,loss1,Top 3,Recall,0.29782,0.28948,-0.008339999999999959,-2.800349204217299
SGL,campus_10,loss1,Top 3,NDCG,0.35869,0.34866,-0.010029999999999983,-2.7962864869385773
SGL,campus_10,loss1,Top 5,Hit Ratio,0.30579,0.29452,-0.011270000000000002,-3.685535825239544
SGL,campus_10,loss1,Top 5,Precision,0.22692,0.21855,-0.008370000000000016,-3.6885245901639414
SGL,campus_10,loss1,Top 5,Recall,0.38409,0.37009,-0.014000000000000012,-3.6449790413705156
SGL,campus_10,loss1,Top 5,NDCG,0.37985,0.36604,-0.013810000000000044,-3.6356456495985374
SGL,campus_10,loss1,Top 10,Hit Ratio,0.44245,0.43059,-0.011860000000000037,-2.6805288733190276
SGL,campus_10,loss1,Top 10,Precision,0.16417,0.15976,-0.004409999999999997,-2.686239873302063
SGL,campus_10,loss1,Top 10,Recall,0.50117,0.49045,-0.010720000000000007,-2.138994752279667
SGL,campus_10,loss1,Top 10,NDCG,0.41504,0.40292,-0.01212000000000002,-2.9202004626060183
SGL,campus_10,loss1,Top 20,Hit Ratio,0.58106,0.57098,-0.010079999999999978,-1.7347606099197979
SGL,campus_10,loss1,Top 20,Precision,0.1078,0.10593,-0.0018700000000000105,-1.73469387755103
SGL,campus_10,loss1,Top 20,Recall,0.60444,0.59316,-0.011279999999999957,-1.8661901925749382
SGL,campus_10,loss1,Top 20,NDCG,0.45145,0.43985,-0.0116,-2.5694982833093363
SGL,campus_10,loss2,Top 3,Hit Ratio,0.22011,0.22324,0.003129999999999994,1.4220162645949723
SGL,campus_10,loss2,Top 3,Precision,0.27222,0.2761,0.0038799999999999946,1.425317757695979
SGL,campus_10,loss2,Top 3,Recall,0.29782,0.30088,0.003060000000000007,1.027466254784772
SGL,campus_10,loss2,Top 3,NDCG,0.35869,0.35759,-0.0010999999999999899,-0.3066714990660431
SGL,campus_10,loss2,Top 5,Hit Ratio,0.30579,0.30482,-0.0009700000000000264,-0.3172111579842462
SGL,campus_10,loss2,Top 5,Precision,0.22692,0.2262,-0.0007199999999999984,-0.31729243786356354
SGL,campus_10,loss2,Top 5,Recall,0.38409,0.38316,-0.0009299999999999864,-0.24213075060532332
SGL,campus_10,loss2,Top 5,NDCG,0.37985,0.37562,-0.0042300000000000115,-1.1135974726865898
SGL,campus_10,loss2,Top 10,Hit Ratio,0.44245,0.4385,-0.003950000000000009,-0.8927562436433516
SGL,campus_10,loss2,Top 10,Precision,0.16417,0.1627,-0.001469999999999999,-0.8954132911006878
SGL,campus_10,loss2,Top 10,Recall,0.50117,0.49562,-0.005549999999999999,-1.107408663726879
SGL,campus_10,loss2,Top 10,NDCG,0.41504,0.40922,-0.005820000000000047,-1.4022744795682458
SGL,campus_10,loss2,Top 20,Hit Ratio,0.58106,0.57344,-0.007620000000000071,-1.3113964134512908
SGL,campus_10,loss2,Top 20,Precision,0.1078,0.10638,-0.0014200000000000046,-1.3172541743970356
SGL,campus_10,loss2,Top 20,Recall,0.60444,0.59382,-0.010619999999999963,-1.75699821322215
SGL,campus_10,loss2,Top 20,NDCG,0.45145,0.44411,-0.007340000000000013,-1.6258721896112556
SGL,campus_10,loss3,Top 3,Hit Ratio,0.22011,0.22406,0.003950000000000009,1.794557266821139
SGL,campus_10,loss3,Top 3,Precision,0.27222,0.27712,0.00489999999999996,1.800014693997487
SGL,campus_10,loss3,Top 3,Recall,0.29782,0.29885,0.0010300000000000309,0.34584648445370725
SGL,campus_10,loss3,Top 3,NDCG,0.35869,0.36125,0.0025600000000000067,0.7137082160082542
SGL,campus_10,loss3,Top 5,Hit Ratio,0.30579,0.3087,0.002909999999999968,0.9516334739527023
SGL,campus_10,loss3,Top 5,Precision,0.22692,0.22908,0.0021599999999999953,0.9518773135906907
SGL,campus_10,loss3,Top 5,Recall,0.38409,0.38404,-4.999999999999449e-05,-0.013017782290607538
SGL,campus_10,loss3,Top 5,NDCG,0.37985,0.38032,0.00046999999999997044,0.12373305252072408
SGL,campus_10,loss3,Top 10,Hit Ratio,0.44245,0.44283,0.00037999999999999146,0.08588541078087726
SGL,campus_10,loss3,Top 10,Precision,0.16417,0.1643,0.00012999999999999123,0.07918620941706232
SGL,campus_10,loss3,Top 10,Recall,0.50117,0.50108,-9.00000000000345e-05,-0.01795797833071303
SGL,campus_10,loss3,Top 10,NDCG,0.41504,0.4142,-0.0008400000000000074,-0.2023901310717057
SGL,campus_10,loss3,Top 20,Hit Ratio,0.58106,0.58255,0.0014899999999999913,0.2564279076171121
SGL,campus_10,loss3,Top 20,Precision,0.1078,0.10807,0.00026999999999999247,0.2504638218923863
SGL,campus_10,loss3,Top 20,Recall,0.60444,0.608,0.0035600000000000076,0.5889749189332287
SGL,campus_10,loss3,Top 20,NDCG,0.45145,0.45159,0.00013999999999997348,0.031011186177865427
SGL,campus_10,loss4,Top 3,Hit Ratio,0.22011,0.21048,-0.00963,-4.375085184680387
SGL,campus_10,loss4,Top 3,Precision,0.27222,0.26032,-0.011900000000000022,-4.371464256851084
SGL,campus_10,loss4,Top 3,Recall,0.29782,0.28582,-0.011999999999999955,-4.029279430528492
SGL,campus_10,loss4,Top 3,NDCG,0.35869,0.3405,-0.018189999999999984,-5.071231425464882
SGL,campus_10,loss4,Top 5,Hit Ratio,0.30579,0.2893,-0.016490000000000005,-5.392589685732039
SGL,campus_10,loss4,Top 5,Precision,0.22692,0.21468,-0.012240000000000001,-5.393971443680592
SGL,campus_10,loss4,Top 5,Recall,0.38409,0.36753,-0.016559999999999964,-4.311489494649682
SGL,campus_10,loss4,Top 5,NDCG,0.37985,0.35941,-0.020440000000000014,-5.381071475582471
SGL,campus_10,loss4,Top 10,Hit Ratio,0.44245,0.42245,-0.020000000000000018,-4.520284777941015
SGL,campus_10,loss4,Top 10,Precision,0.16417,0.15674,-0.00743000000000002,-4.525796430529342
SGL,campus_10,loss4,Top 10,Recall,0.50117,0.48133,-0.019840000000000024,-3.958736556457893
SGL,campus_10,loss4,Top 10,NDCG,0.41504,0.39504,-0.020000000000000018,-4.8188126445643835
SGL,campus_10,loss4,Top 20,Hit Ratio,0.58106,0.56255,-0.018510000000000026,-3.185557429525355
SGL,campus_10,loss4,Top 20,Precision,0.1078,0.10436,-0.0034400000000000125,-3.1910946196660595
SGL,campus_10,loss4,Top 20,Recall,0.60444,0.58959,-0.01485000000000003,-2.4568195354377655
SGL,campus_10,loss4,Top 20,NDCG,0.45145,0.43337,-0.01808000000000004,-4.004873186399389
SGL,campus_10,loss5,Top 3,Hit Ratio,0.22011,0.22496,0.004849999999999993,2.203443732679112
SGL,campus_10,loss5,Top 3,Precision,0.27222,0.27822,0.006000000000000005,2.2040996253030656
SGL,campus_10,loss5,Top 3,Recall,0.29782,0.30375,0.005930000000000046,1.991135585252853
SGL,campus_10,loss5,Top 3,NDCG,0.35869,0.36464,0.005950000000000011,1.6588140176754331
SGL,campus_10,loss5,Top 5,Hit Ratio,0.30579,0.30766,0.0018699999999999828,0.6115307891036276
SGL,campus_10,loss5,Top 5,Precision,0.22692,0.2283,0.0013799999999999923,0.6081438392384947
SGL,campus_10,loss5,Top 5,Recall,0.38409,0.38597,0.0018799999999999928,0.48946861412689546
SGL,campus_10,loss5,Top 5,NDCG,0.37985,0.38236,0.0025099999999999567,0.6607871528234716
SGL,campus_10,loss5,Top 10,Hit Ratio,0.44245,0.44469,0.0022399999999999642,0.5062718951293851
SGL,campus_10,loss5,Top 10,Precision,0.16417,0.165,0.0008299999999999974,0.5055734908935844
SGL,campus_10,loss5,Top 10,Recall,0.50117,0.50183,0.0006599999999999939,0.13169184109184387
SGL,campus_10,loss5,Top 10,NDCG,0.41504,0.41708,0.0020399999999999863,0.49151888974556335
SGL,campus_10,loss5,Top 20,Hit Ratio,0.58106,0.57762,-0.0034399999999999986,-0.5920214779885035
SGL,campus_10,loss5,Top 20,Precision,0.1078,0.10716,-0.0006400000000000017,-0.5936920222634524
SGL,campus_10,loss5,Top 20,Recall,0.60444,0.59697,-0.007469999999999977,-1.2358546754020212
SGL,campus_10,loss5,Top 20,NDCG,0.45145,0.4509,-0.0005499999999999949,-0.12182965998449329
SGL,campus_102,loss1,Top 3,Hit Ratio,0.22122,0.2107,-0.010520000000000002,-4.755447066268873
SGL,campus_102,loss1,Top 3,Precision,0.24327,0.23169,-0.01157999999999998,-4.760143050931056
SGL,campus_102,loss1,Top 3,Recall,0.29022,0.2794,-0.010819999999999996,-3.7282061884087927
SGL,campus_102,loss1,Top 3,NDCG,0.33024,0.31295,-0.017289999999999972,-5.235586240310069
SGL,campus_102,loss1,Top 5,Hit Ratio,0.30217,0.28868,-0.013490000000000002,-4.464374358804648
SGL,campus_102,loss1,Top 5,Precision,0.19937,0.19047,-0.008899999999999991,-4.464061794653153
SGL,campus_102,loss1,Top 5,Recall,0.37411,0.36276,-0.011349999999999971,-3.0338670444521587
SGL,campus_102,loss1,Top 5,NDCG,0.35072,0.33434,-0.01637999999999995,-4.670392335766409
SGL,campus_102,loss1,Top 10,Hit Ratio,0.43221,0.41805,-0.014160000000000006,-3.2761851877559534
SGL,campus_102,loss1,Top 10,Precision,0.14258,0.13791,-0.0046700000000000075,-3.275354187123024
SGL,campus_102,loss1,Top 10,Recall,0.49189,0.4813,-0.010589999999999988,-2.1529203683750406
SGL,campus_102,loss1,Top 10,NDCG,0.39198,0.37664,-0.01534000000000002,-3.913464972702694
SGL,campus_102,loss1,Top 20,Hit Ratio,0.55794,0.54942,-0.008519999999999972,-1.5270459189160075
SGL,campus_102,loss1,Top 20,Precision,0.09203,0.09062,-0.0014099999999999946,-1.5321090948603657
SGL,campus_102,loss1,Top 20,Recall,0.58984,0.58916,-0.0006800000000000139,-0.11528550115285736
SGL,campus_102,loss1,Top 20,NDCG,0.42832,0.41571,-0.012609999999999955,-2.9440605155024175
SGL,campus_102,loss2,Top 3,Hit Ratio,0.22122,0.22132,9.999999999998899e-05,0.04520386945122004
SGL,campus_102,loss2,Top 3,Precision,0.24327,0.24337,0.00010000000000001674,0.0411065893862855
SGL,campus_102,loss2,Top 3,Recall,0.29022,0.28946,-0.0007599999999999829,-0.2618703052856395
SGL,campus_102,loss2,Top 3,NDCG,0.33024,0.32798,-0.0022599999999999842,-0.6843507751937937
SGL,campus_102,loss2,Top 5,Hit Ratio,0.30217,0.30055,-0.0016200000000000103,-0.5361220505013768
SGL,campus_102,loss2,Top 5,Precision,0.19937,0.1983,-0.0010699999999999876,-0.5366905753122274
SGL,campus_102,loss2,Top 5,Recall,0.37411,0.37138,-0.00273000000000001,-0.7297318970356339
SGL,campus_102,loss2,Top 5,NDCG,0.35072,0.34729,-0.0034299999999999886,-0.9779881386861281
SGL,campus_102,loss2,Top 10,Hit Ratio,0.43221,0.42618,-0.00602999999999998,-1.395155132921492
SGL,campus_102,loss2,Top 10,Precision,0.14258,0.14059,-0.0019900000000000195,-1.3957076728854112
SGL,campus_102,loss2,Top 10,Recall,0.49189,0.48916,-0.00273000000000001,-0.5550021346235967
SGL,campus_102,loss2,Top 10,NDCG,0.39198,0.38749,-0.004489999999999994,-1.1454666054390514
SGL,campus_102,loss2,Top 20,Hit Ratio,0.55794,0.56062,0.0026800000000000157,0.48033838764025094
SGL,campus_102,loss2,Top 20,Precision,0.09203,0.09247,0.00043999999999999595,0.47810496577202644
SGL,campus_102,loss2,Top 20,Recall,0.58984,0.60009,0.010249999999999981,1.7377593923775907
SGL,campus_102,loss2,Top 20,NDCG,0.42832,0.42751,-0.0008099999999999774,-0.18911094508777956
SGL,campus_102,loss3,Top 3,Hit Ratio,0.22122,0.22199,0.0007699999999999929,0.3480697947744295
SGL,campus_102,loss3,Top 3,Precision,0.24327,0.24411,0.0008400000000000074,0.34529535084474344
SGL,campus_102,loss3,Top 3,Recall,0.29022,0.29348,0.0032600000000000406,1.1232857831989664
SGL,campus_102,loss3,Top 3,NDCG,0.33024,0.33011,-0.00012999999999996348,-0.03936531007750833
SGL,campus_102,loss3,Top 5,Hit Ratio,0.30217,0.30294,0.0007699999999999929,0.2548234437568233
SGL,campus_102,loss3,Top 5,Precision,0.19937,0.19987,0.0005000000000000004,0.25078998846366074
SGL,campus_102,loss3,Top 5,Recall,0.37411,0.37318,-0.0009299999999999864,-0.24858998690224435
SGL,campus_102,loss3,Top 5,NDCG,0.35072,0.34906,-0.0016599999999999948,-0.473312043795619
SGL,campus_102,loss3,Top 10,Hit Ratio,0.43221,0.43412,0.0019100000000000228,0.44191480993036325
SGL,campus_102,loss3,Top 10,Precision,0.14258,0.14321,0.0006299999999999917,0.44185720297376324
SGL,campus_102,loss3,Top 10,Recall,0.49189,0.49383,0.0019399999999999973,0.3943971213076089
SGL,campus_102,loss3,Top 10,NDCG,0.39198,0.39119,-0.0007900000000000129,-0.20154089494362287
SGL,campus_102,loss3,Top 20,Hit Ratio,0.55794,0.5655,0.007560000000000011,1.354984406925478
SGL,campus_102,loss3,Top 20,Precision,0.09203,0.09328,0.0012500000000000011,1.3582527436705434
SGL,campus_102,loss3,Top 20,Recall,0.58984,0.60382,0.013979999999999992,2.3701342737013413
SGL,campus_102,loss3,Top 20,NDCG,0.42832,0.43057,0.0022500000000000298,0.5253081807994093
SGL,campus_102,loss4,Top 3,Hit Ratio,0.22122,0.20687,-0.014350000000000002,-6.486755266250792
SGL,campus_102,loss4,Top 3,Precision,0.24327,0.22748,-0.01579,-6.490730464093394
SGL,campus_102,loss4,Top 3,Recall,0.29022,0.27427,-0.015949999999999964,-5.495830749086887
SGL,campus_102,loss4,Top 3,NDCG,0.33024,0.30723,-0.023009999999999975,-6.9676598837209225
SGL,campus_102,loss4,Top 5,Hit Ratio,0.30217,0.28792,-0.014249999999999985,-4.715888407188002
SGL,campus_102,loss4,Top 5,Precision,0.19937,0.18996,-0.009410000000000002,-4.719867582886092
SGL,campus_102,loss4,Top 5,Recall,0.37411,0.36221,-0.011900000000000022,-3.180882628104039
SGL,campus_102,loss4,Top 5,NDCG,0.35072,0.33117,-0.019549999999999956,-5.574247262773711
SGL,campus_102,loss4,Top 10,Hit Ratio,0.43221,0.41546,-0.016749999999999987,-3.875430924781932
SGL,campus_102,loss4,Top 10,Precision,0.14258,0.13706,-0.005520000000000025,-3.871510730817804
SGL,campus_102,loss4,Top 10,Recall,0.49189,0.48103,-0.01085999999999998,-2.2078106893817684
SGL,campus_102,loss4,Top 10,NDCG,0.39198,0.37336,-0.01861999999999997,-4.750242359304038
SGL,campus_102,loss4,Top 20,Hit Ratio,0.55794,0.54626,-0.011680000000000024,-2.093415062551533
SGL,campus_102,loss4,Top 20,Precision,0.09203,0.0901,-0.0019300000000000012,-2.0971422362273184
SGL,campus_102,loss4,Top 20,Recall,0.58984,0.58727,-0.0025700000000000722,-0.435711379357126
SGL,campus_102,loss4,Top 20,NDCG,0.42832,0.41222,-0.016100000000000003,-3.7588718714979463
SGL,campus_102,loss5,Top 3,Hit Ratio,0.22122,0.22304,0.0018199999999999883,0.8227104240122901
SGL,campus_102,loss5,Top 3,Precision,0.24327,0.24527,0.0020000000000000018,0.8221317877255732
SGL,campus_102,loss5,Top 3,Recall,0.29022,0.29416,0.003939999999999999,1.3575907931913718
SGL,campus_102,loss5,Top 3,NDCG,0.33024,0.33253,0.0022900000000000142,0.6934350775193842
SGL,campus_102,loss5,Top 5,Hit Ratio,0.30217,0.29949,-0.0026800000000000157,-0.8869179600886969
SGL,campus_102,loss5,Top 5,Precision,0.19937,0.1976,-0.0017699999999999938,-0.8877965591613551
SGL,campus_102,loss5,Top 5,Recall,0.37411,0.37349,-0.0006200000000000094,-0.16572665793483451
SGL,campus_102,loss5,Top 5,NDCG,0.35072,0.34998,-0.0007399999999999629,-0.21099452554743467
SGL,campus_102,loss5,Top 10,Hit Ratio,0.43221,0.43269,0.00048000000000003595,0.11105712500868467
SGL,campus_102,loss5,Top 10,Precision,0.14258,0.14274,0.00015999999999999348,0.11221770234253994
SGL,campus_102,loss5,Top 10,Recall,0.49189,0.49197,8.00000000000245e-05,0.016263798816813616
SGL,campus_102,loss5,Top 10,NDCG,0.39198,0.39196,-2.0000000000020002e-05,-0.005102301137818257
SGL,campus_102,loss5,Top 20,Hit Ratio,0.55794,0.56167,0.003730000000000011,0.6685306663798996
SGL,campus_102,loss5,Top 20,Precision,0.09203,0.09265,0.0006199999999999956,0.6736933608605841
SGL,campus_102,loss5,Top 20,Recall,0.58984,0.60004,0.010199999999999987,1.7292825172928228
SGL,campus_102,loss5,Top 20,NDCG,0.42832,0.43077,0.0024500000000000077,0.5720022413149066
SGL,campus_143,loss1,Top 3,Hit Ratio,0.50736,0.49341,-0.013950000000000018,-2.7495269631031256
SGL,campus_143,loss1,Top 3,Precision,0.28942,0.28146,-0.007960000000000023,-2.750328242692289
SGL,campus_143,loss1,Top 3,Recall,0.57212,0.55862,-0.013499999999999956,-2.3596448297559878
SGL,campus_143,loss1,Top 3,NDCG,0.53445,0.51668,-0.017769999999999953,-3.324913462438012
SGL,campus_143,loss1,Top 5,Hit Ratio,0.60269,0.59184,-0.010849999999999915,-1.8002621579916567
SGL,campus_143,loss1,Top 5,Precision,0.20628,0.20256,-0.003720000000000001,-1.8033740546829558
SGL,campus_143,loss1,Top 5,Recall,0.6525,0.64361,-0.008889999999999953,-1.3624521072796865
SGL,campus_143,loss1,Top 5,NDCG,0.56529,0.55013,-0.015159999999999951,-2.6818093368005718
SGL,campus_143,loss1,Top 10,Hit Ratio,0.70318,0.70008,-0.0030999999999999917,-0.4408544042777086
SGL,campus_143,loss1,Top 10,Precision,0.12034,0.11981,-0.0005300000000000027,-0.4404188133621428
SGL,campus_143,loss1,Top 10,Recall,0.72602,0.72559,-0.00043000000000004146,-0.05922701853943988
SGL,campus_143,loss1,Top 10,NDCG,0.59401,0.58179,-0.012220000000000009,-2.0572044241679444
SGL,campus_143,loss1,Top 20,Hit Ratio,0.77422,0.76957,-0.004650000000000043,-0.6006044793469612
SGL,campus_143,loss1,Top 20,Precision,0.06625,0.06585,-0.0003999999999999976,-0.6037735849056567
SGL,campus_143,loss1,Top 20,Recall,0.78312,0.77718,-0.005940000000000056,-0.758504443763415
SGL,campus_143,loss1,Top 20,NDCG,0.61107,0.59803,-0.013040000000000052,-2.1339617392442847
SGL,campus_143,loss2,Top 3,Hit Ratio,0.50736,0.49031,-0.01705000000000001,-3.3605329549038174
SGL,campus_143,loss2,Top 3,Precision,0.28942,0.27969,-0.009730000000000016,-3.3618962062055204
SGL,campus_143,loss2,Top 3,Recall,0.57212,0.55614,-0.015979999999999994,-2.7931203244074663
SGL,campus_143,loss2,Top 3,NDCG,0.53445,0.51608,-0.018369999999999997,-3.4371784077088594
SGL,campus_143,loss2,Top 5,Hit Ratio,0.60269,0.59623,-0.00645999999999991,-1.0718611558180675
SGL,campus_143,loss2,Top 5,Precision,0.20628,0.20407,-0.0022099999999999898,-1.071359317432611
SGL,campus_143,loss2,Top 5,Recall,0.6525,0.64818,-0.0043199999999999905,-0.6620689655172399
SGL,campus_143,loss2,Top 5,NDCG,0.56529,0.55325,-0.01203999999999994,-2.1298802384616637
SGL,campus_143,loss2,Top 10,Hit Ratio,0.70318,0.71041,0.007229999999999959,1.0281862396541366
SGL,campus_143,loss2,Top 10,Precision,0.12034,0.12157,0.001229999999999995,1.0221040385574165
SGL,campus_143,loss2,Top 10,Recall,0.72602,0.73321,0.00719000000000003,0.9903308448803103
SGL,campus_143,loss2,Top 10,NDCG,0.59401,0.58635,-0.00766,-1.2895405801249138
SGL,campus_143,loss2,Top 20,Hit Ratio,0.77422,0.77086,-0.0033600000000000296,-0.43398517217328786
SGL,campus_143,loss2,Top 20,Precision,0.06625,0.06596,-0.0002899999999999986,-0.4377358490566016
SGL,campus_143,loss2,Top 20,Recall,0.78312,0.78046,-0.0026599999999999957,-0.339666973133108
SGL,campus_143,loss2,Top 20,NDCG,0.61107,0.60102,-0.010050000000000003,-1.6446560950463947
SGL,campus_143,loss3,Top 3,Hit Ratio,0.50736,0.50581,-0.0015500000000000513,-0.305502995900357
SGL,campus_143,loss3,Top 3,Precision,0.28942,0.28854,-0.0008799999999999919,-0.30405638863934487
SGL,campus_143,loss3,Top 3,Recall,0.57212,0.56838,-0.0037399999999999656,-0.6537090120953586
SGL,campus_143,loss3,Top 3,NDCG,0.53445,0.52859,-0.005859999999999976,-1.0964542988118582
SGL,campus_143,loss3,Top 5,Hit Ratio,0.60269,0.60243,-0.00025999999999992696,-0.04313992267997262
SGL,campus_143,loss3,Top 5,Precision,0.20628,0.20619,-8.999999999997899e-05,-0.043630017451996794
SGL,campus_143,loss3,Top 5,Recall,0.6525,0.65357,0.0010700000000000154,0.16398467432950428
SGL,campus_143,loss3,Top 5,NDCG,0.56529,0.56104,-0.004249999999999976,-0.7518264961347231
SGL,campus_143,loss3,Top 10,Hit Ratio,0.70318,0.70395,0.0007699999999999374,0.10950254557864805
SGL,campus_143,loss3,Top 10,Precision,0.12034,0.12047,0.00012999999999999123,0.10802725610768757
SGL,campus_143,loss3,Top 10,Recall,0.72602,0.72986,0.0038399999999999546,0.5289110492823826
SGL,campus_143,loss3,Top 10,NDCG,0.59401,0.59055,-0.0034600000000000186,-0.5824817764010738
SGL,campus_143,loss3,Top 20,Hit Ratio,0.77422,0.76957,-0.004650000000000043,-0.6006044793469612
SGL,campus_143,loss3,Top 20,Precision,0.06625,0.06585,-0.0003999999999999976,-0.6037735849056567
SGL,campus_143,loss3,Top 20,Recall,0.78312,0.78078,-0.0023400000000000087,-0.29880478087649515
SGL,campus_143,loss3,Top 20,NDCG,0.61107,0.60631,-0.0047599999999999865,-0.7789614937732152
SGL,campus_143,loss4,Top 3,Hit Ratio,0.50736,0.47352,-0.03384000000000004,-6.669820245979192
SGL,campus_143,loss4,Top 3,Precision,0.28942,0.27011,-0.019309999999999994,-6.671964618892956
SGL,campus_143,loss4,Top 3,Recall,0.57212,0.54303,-0.02908999999999995,-5.0845976368593915
SGL,campus_143,loss4,Top 3,NDCG,0.53445,0.497,-0.03744999999999998,-7.007203667321543
SGL,campus_143,loss4,Top 5,Hit Ratio,0.60269,0.57995,-0.022739999999999982,-3.773084006703278
SGL,campus_143,loss4,Top 5,Precision,0.20628,0.1985,-0.007779999999999981,-3.7715726197401502
SGL,campus_143,loss4,Top 5,Recall,0.6525,0.63522,-0.017279999999999962,-2.6482758620689597
SGL,campus_143,loss4,Top 5,NDCG,0.56529,0.53494,-0.030349999999999988,-5.36892568416211
SGL,campus_143,loss4,Top 10,Hit Ratio,0.70318,0.69259,-0.010589999999999988,-1.5060155294519166
SGL,campus_143,loss4,Top 10,Precision,0.12034,0.11852,-0.0018200000000000022,-1.5123815855077298
SGL,campus_143,loss4,Top 10,Recall,0.72602,0.71991,-0.006109999999999949,-0.8415746122696274
SGL,campus_143,loss4,Top 10,NDCG,0.59401,0.56798,-0.026029999999999998,-4.382081109745626
SGL,campus_143,loss4,Top 20,Hit Ratio,0.77422,0.75665,-0.017569999999999975,-2.2693807961561276
SGL,campus_143,loss4,Top 20,Precision,0.06625,0.06474,-0.0015099999999999975,-2.2792452830188643
SGL,campus_143,loss4,Top 20,Recall,0.78312,0.76435,-0.018770000000000064,-2.3968229645520567
SGL,campus_143,loss4,Top 20,NDCG,0.61107,0.58238,-0.028689999999999993,-4.69504312108269
SGL,campus_143,loss5,Top 3,Hit Ratio,0.50736,0.50607,-0.0012900000000000134,-0.2542573320719042
SGL,campus_143,loss5,Top 3,Precision,0.28942,0.28868,-0.0007400000000000184,-0.2556837813558214
SGL,campus_143,loss5,Top 3,Recall,0.57212,0.56636,-0.005759999999999987,-1.0067817940292225
SGL,campus_143,loss5,Top 3,NDCG,0.53445,0.52953,-0.0049200000000000355,-0.9205725512208879
SGL,campus_143,loss5,Top 5,Hit Ratio,0.60269,0.60217,-0.0005199999999999649,-0.08627984535996366
SGL,campus_143,loss5,Top 5,Precision,0.20628,0.2061,-0.00017999999999998573,-0.08726003490400705
SGL,campus_143,loss5,Top 5,Recall,0.6525,0.64986,-0.0026399999999999757,-0.4045977011494216
SGL,campus_143,loss5,Top 5,NDCG,0.56529,0.56127,-0.0040199999999999125,-0.7111394151674209
SGL,campus_143,loss5,Top 10,Hit Ratio,0.70318,0.70214,-0.001040000000000041,-0.14789954208026976
SGL,campus_143,loss5,Top 10,Precision,0.12034,0.12016,-0.0001799999999999996,-0.14957620076450026
SGL,campus_143,loss5,Top 10,Recall,0.72602,0.72678,0.0007599999999999829,0.10468031183713711
SGL,campus_143,loss5,Top 10,NDCG,0.59401,0.5906,-0.003410000000000024,-0.5740644096900765
SGL,campus_143,loss5,Top 20,Hit Ratio,0.77422,0.7675,-0.006720000000000059,-0.8679703443465757
SGL,campus_143,loss5,Top 20,Precision,0.06625,0.06567,-0.0005799999999999972,-0.8754716981132032
SGL,campus_143,loss5,Top 20,Recall,0.78312,0.77654,-0.00658000000000003,-0.8402288282766408
SGL,campus_143,loss5,Top 20,NDCG,0.61107,0.60608,-0.00499000000000005,-0.8166003894807551
SGL,campus_15,loss1,Top 3,Hit Ratio,0.14983,0.14012,-0.009709999999999996,-6.48067810184876
SGL,campus_15,loss1,Top 3,Precision,0.24199,0.2263,-0.01569000000000001,-6.483738997479238
SGL,campus_15,loss1,Top 3,Recall,0.24453,0.22817,-0.016359999999999986,-6.690385637754052
SGL,campus_15,loss1,Top 3,NDCG,0.32358,0.30153,-0.02204999999999996,-6.8143890228073305
SGL,campus_15,loss1,Top 5,Hit Ratio,0.21589,0.20409,-0.011800000000000005,-5.4657464449488184
SGL,campus_15,loss1,Top 5,Precision,0.20921,0.19778,-0.011429999999999996,-5.463409970842692
SGL,campus_15,loss1,Top 5,Recall,0.31267,0.29577,-0.016900000000000026,-5.40505964755174
SGL,campus_15,loss1,Top 5,NDCG,0.34058,0.3193,-0.02128000000000002,-6.248164895178819
SGL,campus_15,loss1,Top 10,Hit Ratio,0.3479,0.33425,-0.013649999999999995,-3.9235412474849083
SGL,campus_15,loss1,Top 10,Precision,0.16857,0.16195,-0.006619999999999987,-3.927151925016306
SGL,campus_15,loss1,Top 10,Recall,0.42549,0.41055,-0.014939999999999953,-3.511245857716974
SGL,campus_15,loss1,Top 10,NDCG,0.36611,0.34701,-0.019100000000000006,-5.2170112807626134
SGL,campus_15,loss1,Top 20,Hit Ratio,0.51695,0.50432,-0.01263000000000003,-2.443176322661772
SGL,campus_15,loss1,Top 20,Precision,0.12524,0.12218,-0.0030599999999999933,-2.4433088470137285
SGL,campus_15,loss1,Top 20,Recall,0.54394,0.53229,-0.011649999999999938,-2.1417803434202187
SGL,campus_15,loss1,Top 20,NDCG,0.40158,0.38419,-0.017390000000000017,-4.330394939987055
SGL,campus_15,loss2,Top 3,Hit Ratio,0.14983,0.14344,-0.006389999999999979,-4.264833477941654
SGL,campus_15,loss2,Top 3,Precision,0.24199,0.23167,-0.010320000000000024,-4.264639034670864
SGL,campus_15,loss2,Top 3,Recall,0.24453,0.22966,-0.014869999999999994,-6.0810534494745
SGL,campus_15,loss2,Top 3,NDCG,0.32358,0.30467,-0.018909999999999982,-5.8439953025526865
SGL,campus_15,loss2,Top 5,Hit Ratio,0.21589,0.20946,-0.006429999999999991,-2.9783686136458343
SGL,campus_15,loss2,Top 5,Precision,0.20921,0.20298,-0.006230000000000013,-2.9778691267147903
SGL,campus_15,loss2,Top 5,Recall,0.31267,0.30115,-0.01152000000000003,-3.684395688745332
SGL,campus_15,loss2,Top 5,NDCG,0.34058,0.32369,-0.016890000000000016,-4.959187268776797
SGL,campus_15,loss2,Top 10,Hit Ratio,0.3479,0.34384,-0.004060000000000008,-1.167002012072437
SGL,campus_15,loss2,Top 10,Precision,0.16857,0.1666,-0.0019699999999999995,-1.1686539716438273
SGL,campus_15,loss2,Top 10,Recall,0.42549,0.41667,-0.008819999999999995,-2.0729041810618334
SGL,campus_15,loss2,Top 10,NDCG,0.36611,0.35122,-0.014890000000000014,-4.067083663379862
SGL,campus_15,loss2,Top 20,Hit Ratio,0.51695,0.51211,-0.0048400000000000665,-0.9362607602282749
SGL,campus_15,loss2,Top 20,Precision,0.12524,0.12407,-0.0011699999999999905,-0.9342063238581848
SGL,campus_15,loss2,Top 20,Recall,0.54394,0.53884,-0.005099999999999993,-0.9376034121410437
SGL,campus_15,loss2,Top 20,NDCG,0.40158,0.38766,-0.013919999999999988,-3.4663080830718633
SGL,campus_15,loss3,Top 3,Hit Ratio,0.14983,0.14897,-0.0008599999999999997,-0.5739838483614762
SGL,campus_15,loss3,Top 3,Precision,0.24199,0.2406,-0.0013900000000000023,-0.574403900987645
SGL,campus_15,loss3,Top 3,Recall,0.24453,0.23981,-0.004720000000000002,-1.9302335091808782
SGL,campus_15,loss3,Top 3,NDCG,0.32358,0.31921,-0.004369999999999985,-1.3505161011187297
SGL,campus_15,loss3,Top 5,Hit Ratio,0.21589,0.21528,-0.0006099999999999994,-0.28255129927277756
SGL,campus_15,loss3,Top 5,Precision,0.20921,0.20862,-0.0005900000000000072,-0.28201328808374704
SGL,campus_15,loss3,Top 5,Recall,0.31267,0.30848,-0.004190000000000027,-1.3400710013752604
SGL,campus_15,loss3,Top 5,NDCG,0.34058,0.3362,-0.004379999999999995,-1.2860414586881188
SGL,campus_15,loss3,Top 10,Hit Ratio,0.3479,0.34777,-0.00012999999999996348,-0.037367059499845784
SGL,campus_15,loss3,Top 10,Precision,0.16857,0.16851,-6.0000000000004494e-05,-0.035593521979002486
SGL,campus_15,loss3,Top 10,Recall,0.42549,0.42246,-0.003029999999999977,-0.7121201438341623
SGL,campus_15,loss3,Top 10,NDCG,0.36611,0.36174,-0.004369999999999985,-1.1936303296823318
SGL,campus_15,loss3,Top 20,Hit Ratio,0.51695,0.51621,-0.0007400000000000739,-0.14314730631590558
SGL,campus_15,loss3,Top 20,Precision,0.12524,0.12506,-0.00017999999999998573,-0.1437240498243259
SGL,campus_15,loss3,Top 20,Recall,0.54394,0.54189,-0.0020499999999999963,-0.37687980291943896
SGL,campus_15,loss3,Top 20,NDCG,0.40158,0.39721,-0.004369999999999985,-1.0882016036655175
SGL,campus_15,loss4,Top 3,Hit Ratio,0.14983,0.14032,-0.00950999999999999,-6.347193485950739
SGL,campus_15,loss4,Top 3,Precision,0.24199,0.22663,-0.015360000000000013,-6.347369726021741
SGL,campus_15,loss4,Top 3,Recall,0.24453,0.22547,-0.019059999999999994,-7.794544636649897
SGL,campus_15,loss4,Top 3,NDCG,0.32358,0.29669,-0.02688999999999997,-8.310155139378198
SGL,campus_15,loss4,Top 5,Hit Ratio,0.21589,0.20401,-0.011880000000000002,-5.502802353050165
SGL,campus_15,loss4,Top 5,Precision,0.20921,0.1977,-0.01151000000000002,-5.501649060752364
SGL,campus_15,loss4,Top 5,Recall,0.31267,0.29435,-0.018320000000000003,-5.859212588351938
SGL,campus_15,loss4,Top 5,NDCG,0.34058,0.31461,-0.025969999999999993,-7.625227552997825
SGL,campus_15,loss4,Top 10,Hit Ratio,0.3479,0.3322,-0.015699999999999992,-4.512791031905718
SGL,campus_15,loss4,Top 10,Precision,0.16857,0.16096,-0.007610000000000006,-4.514445037669814
SGL,campus_15,loss4,Top 10,Recall,0.42549,0.41011,-0.015380000000000005,-3.6146560436202977
SGL,campus_15,loss4,Top 10,NDCG,0.36611,0.34188,-0.024229999999999974,-6.618229493867957
SGL,campus_15,loss4,Top 20,Hit Ratio,0.51695,0.50158,-0.015369999999999995,-2.9732082406422276
SGL,campus_15,loss4,Top 20,Precision,0.12524,0.12152,-0.003719999999999987,-2.9702970297029605
SGL,campus_15,loss4,Top 20,Recall,0.54394,0.53495,-0.008989999999999942,-1.6527558186564588
SGL,campus_15,loss4,Top 20,NDCG,0.40158,0.38,-0.021579999999999988,-5.373773594302502
SGL,campus_15,loss5,Top 3,Hit Ratio,0.14983,0.1479,-0.0019299999999999873,-1.2881265434158629
SGL,campus_15,loss5,Top 3,Precision,0.24199,0.23888,-0.0031100000000000017,-1.2851770734327872
SGL,campus_15,loss5,Top 3,Recall,0.24453,0.23982,-0.004709999999999992,-1.926144031407186
SGL,campus_15,loss5,Top 3,NDCG,0.32358,0.31743,-0.006149999999999989,-1.900611904320412
SGL,campus_15,loss5,Top 5,Hit Ratio,0.21589,0.21483,-0.0010600000000000054,-0.4909907823428623
SGL,campus_15,loss5,Top 5,Precision,0.20921,0.20818,-0.0010300000000000031,-0.4923282825868759
SGL,campus_15,loss5,Top 5,Recall,0.31267,0.30926,-0.003410000000000024,-1.090606709949795
SGL,campus_15,loss5,Top 5,NDCG,0.34058,0.3354,-0.005180000000000018,-1.5209348758001109
SGL,campus_15,loss5,Top 10,Hit Ratio,0.3479,0.3463,-0.0015999999999999903,-0.4599022707674591
SGL,campus_15,loss5,Top 10,Precision,0.16857,0.16779,-0.0007800000000000029,-0.46271578572699945
SGL,campus_15,loss5,Top 10,Recall,0.42549,0.42136,-0.004129999999999967,-0.9706456085924386
SGL,campus_15,loss5,Top 10,NDCG,0.36611,0.36086,-0.005249999999999977,-1.4339952473300313
SGL,campus_15,loss5,Top 20,Hit Ratio,0.51695,0.5165,-0.00045000000000006146,-0.08704903762454037
SGL,campus_15,loss5,Top 20,Precision,0.12524,0.12513,-0.00010999999999999899,-0.08783136378153865
SGL,campus_15,loss5,Top 20,Recall,0.54394,0.54739,0.003450000000000064,0.6342611317424834
SGL,campus_15,loss5,Top 20,NDCG,0.40158,0.39827,-0.0033099999999999796,-0.8242442352706757
SGL,campus_34,loss1,Top 3,Hit Ratio,0.3783,0.35017,-0.028130000000000044,-7.435897435897447
SGL,campus_34,loss1,Top 3,Precision,0.23413,0.21673,-0.0174,-7.431768675522145
SGL,campus_34,loss1,Top 3,Recall,0.44191,0.41431,-0.027600000000000013,-6.245615623090677
SGL,campus_34,loss1,Top 3,NDCG,0.40564,0.37759,-0.02805000000000002,-6.914998520855936
SGL,campus_34,loss1,Top 5,Hit Ratio,0.47586,0.46043,-0.01543,-3.2425503299289704
SGL,campus_34,loss1,Top 5,Precision,0.17671,0.17098,-0.005730000000000013,-3.24260087148436
SGL,campus_34,loss1,Top 5,Recall,0.53114,0.51845,-0.012689999999999979,-2.3892005874157434
SGL,campus_34,loss1,Top 5,NDCG,0.44143,0.4214,-0.020029999999999992,-4.537525768525019
SGL,campus_34,loss1,Top 10,Hit Ratio,0.59507,0.59233,-0.0027399999999999647,-0.4604500310887736
SGL,campus_34,loss1,Top 10,Precision,0.11049,0.10998,-0.0005100000000000104,-0.461580233505304
SGL,campus_34,loss1,Top 10,Recall,0.63072,0.6307,-1.999999999990898e-05,-0.0031709791983620277
SGL,campus_34,loss1,Top 10,NDCG,0.47861,0.46382,-0.01478999999999997,-3.090198700403245
SGL,campus_34,loss1,Top 20,Hit Ratio,0.66924,0.67272,0.0034800000000000386,0.5199928276851412
SGL,campus_34,loss1,Top 20,Precision,0.06213,0.06245,0.00032000000000000084,0.5150490906164508
SGL,campus_34,loss1,Top 20,Recall,0.68697,0.69423,0.007260000000000044,1.0568147080658608
SGL,campus_34,loss1,Top 20,NDCG,0.49644,0.48386,-0.01257999999999998,-2.534042381758114
SGL,campus_34,loss2,Top 3,Hit Ratio,0.3783,0.36088,-0.017420000000000047,-4.604810996563586
SGL,campus_34,loss2,Top 3,Precision,0.23413,0.22335,-0.010780000000000012,-4.604279673685564
SGL,campus_34,loss2,Top 3,Recall,0.44191,0.42616,-0.015750000000000042,-3.5640741327419705
SGL,campus_34,loss2,Top 3,NDCG,0.40564,0.38785,-0.017790000000000028,-4.3856621634947315
SGL,campus_34,loss2,Top 5,Hit Ratio,0.47586,0.47038,-0.005479999999999985,-1.1515992098516339
SGL,campus_34,loss2,Top 5,Precision,0.17671,0.17468,-0.002030000000000004,-1.1487748288155757
SGL,campus_34,loss2,Top 5,Recall,0.53114,0.52559,-0.005549999999999944,-1.0449222427231886
SGL,campus_34,loss2,Top 5,NDCG,0.44143,0.42996,-0.01146999999999998,-2.5983734680470243
SGL,campus_34,loss2,Top 10,Hit Ratio,0.59507,0.58736,-0.007709999999999995,-1.2956458903994479
SGL,campus_34,loss2,Top 10,Precision,0.11049,0.10906,-0.0014300000000000007,-1.2942347723775913
SGL,campus_34,loss2,Top 10,Recall,0.63072,0.62263,-0.00808999999999993,-1.2826610857432668
SGL,campus_34,loss2,Top 10,NDCG,0.47861,0.46659,-0.012019999999999975,-2.5114393765278566
SGL,campus_34,loss2,Top 20,Hit Ratio,0.66924,0.6548,-0.014439999999999897,-2.157671388440604
SGL,campus_34,loss2,Top 20,Precision,0.06213,0.06079,-0.001340000000000001,-2.1567680669563836
SGL,campus_34,loss2,Top 20,Recall,0.68697,0.67322,-0.013749999999999929,-2.0015430077004717
SGL,campus_34,loss2,Top 20,NDCG,0.49644,0.48281,-0.013629999999999975,-2.7455483039239335
SGL,campus_34,loss3,Top 3,Hit Ratio,0.3783,0.37456,-0.003740000000000021,-0.9886333597673859
SGL,campus_34,loss3,Top 3,Precision,0.23413,0.23182,-0.0023100000000000065,-0.9866313586469083
SGL,campus_34,loss3,Top 3,Recall,0.44191,0.43565,-0.006260000000000043,-1.4165780362517353
SGL,campus_34,loss3,Top 3,NDCG,0.40564,0.39897,-0.006670000000000009,-1.6443151562962257
SGL,campus_34,loss3,Top 5,Hit Ratio,0.47586,0.47038,-0.005479999999999985,-1.1515992098516339
SGL,campus_34,loss3,Top 5,Precision,0.17671,0.17468,-0.002030000000000004,-1.1487748288155757
SGL,campus_34,loss3,Top 5,Recall,0.53114,0.5225,-0.008639999999999981,-1.6266897616447606
SGL,campus_34,loss3,Top 5,NDCG,0.44143,0.43392,-0.007510000000000017,-1.701288992592261
SGL,campus_34,loss3,Top 10,Hit Ratio,0.59507,0.58586,-0.00920999999999994,-1.5477170753020555
SGL,campus_34,loss3,Top 10,Precision,0.11049,0.10878,-0.0017100000000000032,-1.547651371164814
SGL,campus_34,loss3,Top 10,Recall,0.63072,0.62002,-0.010699999999999932,-1.696473871131395
SGL,campus_34,loss3,Top 10,NDCG,0.47861,0.47069,-0.007919999999999983,-1.6547920018386544
SGL,campus_34,loss3,Top 20,Hit Ratio,0.66924,0.65281,-0.016429999999999945,-2.4550236088697543
SGL,campus_34,loss3,Top 20,Precision,0.06213,0.06061,-0.0015200000000000005,-2.4464831804281357
SGL,campus_34,loss3,Top 20,Recall,0.68697,0.66885,-0.018120000000000025,-2.6376697672387475
SGL,campus_34,loss3,Top 20,NDCG,0.49644,0.48645,-0.009989999999999999,-2.0123277737490937
SGL,campus_34,loss4,Top 3,Hit Ratio,0.3783,0.34719,-0.031110000000000027,-8.223632038065034
SGL,campus_34,loss4,Top 3,Precision,0.23413,0.21488,-0.019250000000000017,-8.22192798872422
SGL,campus_34,loss4,Top 3,Recall,0.44191,0.41124,-0.03067000000000003,-6.940327215948955
SGL,campus_34,loss4,Top 3,NDCG,0.40564,0.37039,-0.035250000000000004,-8.689971403214674
SGL,campus_34,loss4,Top 5,Hit Ratio,0.47586,0.45072,-0.025139999999999996,-5.283066448114991
SGL,campus_34,loss4,Top 5,Precision,0.17671,0.16738,-0.009330000000000005,-5.279837021108032
SGL,campus_34,loss4,Top 5,Recall,0.53114,0.50634,-0.024799999999999933,-4.669202093609959
SGL,campus_34,loss4,Top 5,NDCG,0.44143,0.41051,-0.030920000000000003,-7.004508076025645
SGL,campus_34,loss4,Top 10,Hit Ratio,0.59507,0.57765,-0.01741999999999999,-2.927386694002385
SGL,campus_34,loss4,Top 10,Precision,0.11049,0.10726,-0.0032300000000000106,-2.9233414788668757
SGL,campus_34,loss4,Top 10,Recall,0.63072,0.61249,-0.01822999999999997,-2.890347539320137
SGL,campus_34,loss4,Top 10,NDCG,0.47861,0.45064,-0.027969999999999995,-5.844006602452936
SGL,campus_34,loss4,Top 20,Hit Ratio,0.66924,0.6558,-0.013439999999999896,-2.0082481620943007
SGL,campus_34,loss4,Top 20,Precision,0.06213,0.06088,-0.0012500000000000011,-2.011910510220507
SGL,campus_34,loss4,Top 20,Recall,0.68697,0.6778,-0.009170000000000011,-1.3348472276809777
SGL,campus_34,loss4,Top 20,NDCG,0.49644,0.47092,-0.025519999999999987,-5.140601079687372
SGL,campus_34,loss5,Top 3,Hit Ratio,0.3783,0.37108,-0.007220000000000004,-1.9085381971979918
SGL,campus_34,loss5,Top 3,Precision,0.23413,0.22967,-0.004459999999999992,-1.9049246145303855
SGL,campus_34,loss5,Top 3,Recall,0.44191,0.43121,-0.010700000000000043,-2.4213075060532785
SGL,campus_34,loss5,Top 3,NDCG,0.40564,0.39848,-0.00716,-1.765111921901193
SGL,campus_34,loss5,Top 5,Hit Ratio,0.47586,0.47909,0.0032300000000000106,0.6787710671205839
SGL,campus_34,loss5,Top 5,Precision,0.17671,0.17791,0.0012000000000000066,0.6790787165412294
SGL,campus_34,loss5,Top 5,Recall,0.53114,0.53243,0.0012900000000000134,0.2428738185789083
SGL,campus_34,loss5,Top 5,NDCG,0.44143,0.44011,-0.0013199999999999878,-0.29902815848492126
SGL,campus_34,loss5,Top 10,Hit Ratio,0.59507,0.60453,0.009460000000000024,1.5897289394525054
SGL,campus_34,loss5,Top 10,Precision,0.11049,0.11225,0.0017599999999999977,1.5929043352339558
SGL,campus_34,loss5,Top 10,Recall,0.63072,0.64305,0.012330000000000063,1.9549086757990968
SGL,campus_34,loss5,Top 10,NDCG,0.47861,0.48093,0.0023200000000000442,0.4847370510436565
SGL,campus_34,loss5,Top 20,Hit Ratio,0.66924,0.6894,0.020160000000000067,3.012372243141484
SGL,campus_34,loss5,Top 20,Precision,0.06213,0.064,0.0018700000000000036,3.009818123289882
SGL,campus_34,loss5,Top 20,Recall,0.68697,0.70908,0.022110000000000074,3.218481156382386
SGL,campus_34,loss5,Top 20,NDCG,0.49644,0.50167,0.005229999999999957,1.0535009265973645
SimGCL,campus_10,loss1,Top 3,Hit Ratio,0.22936,0.22414,-0.005220000000000002,-2.2758981513777474
SimGCL,campus_10,loss1,Top 3,Precision,0.28367,0.27721,-0.006459999999999966,-2.2772940388479452
SimGCL,campus_10,loss1,Top 3,Recall,0.3127,0.30654,-0.006159999999999999,-1.969939238887112
SimGCL,campus_10,loss1,Top 3,NDCG,0.37307,0.36681,-0.006259999999999988,-1.677969281904197
SimGCL,campus_10,loss1,Top 5,Hit Ratio,0.314,0.30557,-0.008429999999999993,-2.6847133757961763
SimGCL,campus_10,loss1,Top 5,Precision,0.23301,0.22675,-0.006259999999999988,-2.6865799751083594
SimGCL,campus_10,loss1,Top 5,Recall,0.39676,0.38785,-0.008910000000000029,-2.245690089726794
SimGCL,campus_10,loss1,Top 5,NDCG,0.39213,0.38467,-0.007459999999999967,-1.9024303164766703
SimGCL,campus_10,loss1,Top 10,Hit Ratio,0.44425,0.44111,-0.003139999999999976,-0.7068092290376987
SimGCL,campus_10,loss1,Top 10,Precision,0.16483,0.16367,-0.0011599999999999944,-0.7037553843353724
SimGCL,campus_10,loss1,Top 10,Recall,0.50236,0.50266,0.00029999999999996696,0.05971813042439027
SimGCL,campus_10,loss1,Top 10,NDCG,0.42255,0.41957,-0.0029799999999999827,-0.7052419831972507
SimGCL,campus_10,loss1,Top 20,Hit Ratio,0.57844,0.57456,-0.0038799999999999946,-0.6707696563169896
SimGCL,campus_10,loss1,Top 20,Precision,0.10731,0.10659,-0.0007199999999999984,-0.6709533128319807
SimGCL,campus_10,loss1,Top 20,Recall,0.60516,0.59935,-0.005809999999999982,-0.960076673937468
SimGCL,campus_10,loss1,Top 20,NDCG,0.45846,0.45389,-0.004569999999999963,-0.9968154255551113
SimGCL,campus_10,loss2,Top 3,Hit Ratio,0.22936,0.22914,-0.00021999999999999797,-0.09591907917683902
SimGCL,campus_10,loss2,Top 3,Precision,0.28367,0.28339,-0.00028000000000000247,-0.09870624316988137
SimGCL,campus_10,loss2,Top 3,Recall,0.3127,0.31266,-3.999999999998449e-05,-0.012791813239521744
SimGCL,campus_10,loss2,Top 3,NDCG,0.37307,0.37278,-0.00029000000000001247,-0.07773340123837684
SimGCL,campus_10,loss2,Top 5,Hit Ratio,0.314,0.31266,-0.0013400000000000079,-0.4267515923566904
SimGCL,campus_10,loss2,Top 5,Precision,0.23301,0.23201,-0.0010000000000000009,-0.4291661302090043
SimGCL,campus_10,loss2,Top 5,Recall,0.39676,0.39446,-0.0023000000000000242,-0.5796955338239803
SimGCL,campus_10,loss2,Top 5,NDCG,0.39213,0.39075,-0.0013799999999999923,-0.351924106801314
SimGCL,campus_10,loss2,Top 10,Hit Ratio,0.44425,0.44745,0.003200000000000036,0.7203151378728275
SimGCL,campus_10,loss2,Top 10,Precision,0.16483,0.16602,0.0011899999999999966,0.7219559546199094
SimGCL,campus_10,loss2,Top 10,Recall,0.50236,0.5056,0.0032400000000000206,0.64495580858349
SimGCL,campus_10,loss2,Top 10,NDCG,0.42255,0.4237,0.0011500000000000399,0.2721571411667353
SimGCL,campus_10,loss2,Top 20,Hit Ratio,0.57844,0.57956,0.0011200000000000099,0.1936242306894423
SimGCL,campus_10,loss2,Top 20,Precision,0.10731,0.10752,0.00021000000000000185,0.19569471624266316
SimGCL,campus_10,loss2,Top 20,Recall,0.60516,0.60479,-0.00036999999999998145,-0.06114085531098907
SimGCL,campus_10,loss2,Top 20,NDCG,0.45846,0.45839,-6.999999999995898e-05,-0.015268507612432706
SimGCL,campus_10,loss3,Top 3,Hit Ratio,0.22936,0.22869,-0.0006700000000000039,-0.2921171956749232
SimGCL,campus_10,loss3,Top 3,Precision,0.28367,0.28284,-0.0008299999999999974,-0.29259350653928773
SimGCL,campus_10,loss3,Top 3,Recall,0.3127,0.31216,-0.0005399999999999849,-0.17268947873360568
SimGCL,campus_10,loss3,Top 3,NDCG,0.37307,0.3745,0.0014299999999999868,0.38330608196852783
SimGCL,campus_10,loss3,Top 5,Hit Ratio,0.314,0.31243,-0.0015700000000000158,-0.500000000000005
SimGCL,campus_10,loss3,Top 5,Precision,0.23301,0.23185,-0.0011599999999999944,-0.49783271104244214
SimGCL,campus_10,loss3,Top 5,Recall,0.39676,0.39693,0.00017000000000000348,0.04284706119568593
SimGCL,campus_10,loss3,Top 5,NDCG,0.39213,0.39362,0.0014900000000000468,0.3799760283579545
SimGCL,campus_10,loss3,Top 10,Hit Ratio,0.44425,0.4485,0.0042500000000000315,0.9566685424873455
SimGCL,campus_10,loss3,Top 10,Precision,0.16483,0.16641,0.001579999999999998,0.9585633683188728
SimGCL,campus_10,loss3,Top 10,Recall,0.50236,0.50496,0.0025999999999999357,0.5175571303447598
SimGCL,campus_10,loss3,Top 10,NDCG,0.42255,0.42641,0.00386000000000003,0.913501360785713
SimGCL,campus_10,loss3,Top 20,Hit Ratio,0.57844,0.57934,0.0009000000000000119,0.15559089966115966
SimGCL,campus_10,loss3,Top 20,Precision,0.10731,0.10748,0.00017000000000000348,0.15841953219644345
SimGCL,campus_10,loss3,Top 20,Recall,0.60516,0.60474,-0.00041999999999997595,-0.06940313305571683
SimGCL,campus_10,loss3,Top 20,NDCG,0.45846,0.46091,0.0024500000000000077,0.5343977664354596
SimGCL,campus_10,loss4,Top 3,Hit Ratio,0.22936,0.22205,-0.007310000000000011,-3.1871294035577304
SimGCL,campus_10,loss4,Top 3,Precision,0.28367,0.27462,-0.009050000000000002,-3.190326788169353
SimGCL,campus_10,loss4,Top 3,Recall,0.3127,0.30279,-0.009909999999999974,-3.1691717300927325
SimGCL,campus_10,loss4,Top 3,NDCG,0.37307,0.36133,-0.011740000000000028,-3.1468625190983
SimGCL,campus_10,loss4,Top 5,Hit Ratio,0.314,0.30385,-0.010149999999999992,-3.232484076433119
SimGCL,campus_10,loss4,Top 5,Precision,0.23301,0.22548,-0.007529999999999981,-3.231620960473791
SimGCL,campus_10,loss4,Top 5,Recall,0.39676,0.3861,-0.010660000000000003,-2.6867627785058983
SimGCL,campus_10,loss4,Top 5,NDCG,0.39213,0.38062,-0.011509999999999965,-2.935251064697923
SimGCL,campus_10,loss4,Top 10,Hit Ratio,0.44425,0.43454,-0.009709999999999996,-2.1857062464828356
SimGCL,campus_10,loss4,Top 10,Precision,0.16483,0.16123,-0.003599999999999992,-2.1840684341442653
SimGCL,campus_10,loss4,Top 10,Recall,0.50236,0.49742,-0.0049400000000000555,-0.983358547655079
SimGCL,campus_10,loss4,Top 10,NDCG,0.42255,0.41397,-0.008579999999999977,-2.0305289314873924
SimGCL,campus_10,loss4,Top 20,Hit Ratio,0.57844,0.57009,-0.008349999999999969,-1.4435377913007346
SimGCL,campus_10,loss4,Top 20,Precision,0.10731,0.10576,-0.0015499999999999958,-1.4444133817910687
SimGCL,campus_10,loss4,Top 20,Recall,0.60516,0.59474,-0.010419999999999985,-1.7218586820014516
SimGCL,campus_10,loss4,Top 20,NDCG,0.45846,0.44885,-0.009609999999999952,-2.0961479736509077
SimGCL,campus_10,loss5,Top 3,Hit Ratio,0.22936,0.23048,0.0011199999999999821,0.4883153121729954
SimGCL,campus_10,loss5,Top 3,Precision,0.28367,0.28505,0.0013800000000000479,0.4864807699087136
SimGCL,campus_10,loss5,Top 3,Recall,0.3127,0.31169,-0.0010099999999999554,-0.322993284298035
SimGCL,campus_10,loss5,Top 3,NDCG,0.37307,0.3745,0.0014299999999999868,0.38330608196852783
SimGCL,campus_10,loss5,Top 5,Hit Ratio,0.314,0.31676,0.0027599999999999847,0.8789808917197403
SimGCL,campus_10,loss5,Top 5,Precision,0.23301,0.23506,0.0020499999999999963,0.8797905669284564
SimGCL,campus_10,loss5,Top 5,Recall,0.39676,0.39823,0.0014699999999999713,0.3705010585744459
SimGCL,campus_10,loss5,Top 5,NDCG,0.39213,0.3942,0.0020700000000000163,0.5278861602019781
SimGCL,campus_10,loss5,Top 10,Hit Ratio,0.44425,0.44902,0.0047699999999999965,1.0737197523916706
SimGCL,campus_10,loss5,Top 10,Precision,0.16483,0.1666,0.0017699999999999938,1.0738336467875955
SimGCL,campus_10,loss5,Top 10,Recall,0.50236,0.50882,0.006460000000000021,1.2859304084720162
SimGCL,campus_10,loss5,Top 10,NDCG,0.42255,0.42626,0.003709999999999991,0.8780026032422178
SimGCL,campus_10,loss5,Top 20,Hit Ratio,0.57844,0.57882,0.00038000000000004697,0.06569393541249689
SimGCL,campus_10,loss5,Top 20,Precision,0.10731,0.10738,7.000000000000062e-05,0.06523157208088771
SimGCL,campus_10,loss5,Top 20,Recall,0.60516,0.60352,-0.0016400000000000858,-0.27100271002711446
SimGCL,campus_10,loss5,Top 20,NDCG,0.45846,0.45951,0.0010499999999999954,0.2290276141866238
SimGCL,campus_102,loss1,Top 3,Hit Ratio,0.22486,0.21414,-0.010720000000000007,-4.767410833407457
SimGCL,campus_102,loss1,Top 3,Precision,0.24726,0.23548,-0.011780000000000013,-4.764215805225274
SimGCL,campus_102,loss1,Top 3,Recall,0.2944,0.2861,-0.008299999999999974,-2.8192934782608607
SimGCL,campus_102,loss1,Top 3,NDCG,0.33616,0.32186,-0.014300000000000035,-4.25392670157069
SimGCL,campus_102,loss1,Top 5,Hit Ratio,0.30294,0.29251,-0.010429999999999995,-3.442925991945598
SimGCL,campus_102,loss1,Top 5,Precision,0.19987,0.19299,-0.006879999999999997,-3.442237454345323
SimGCL,campus_102,loss1,Top 5,Recall,0.37706,0.36854,-0.008520000000000028,-2.2595873335808694
SimGCL,campus_102,loss1,Top 5,NDCG,0.35501,0.34245,-0.012560000000000016,-3.5379285090560875
SimGCL,campus_102,loss1,Top 10,Hit Ratio,0.43087,0.42111,-0.009759999999999991,-2.2651843943648875
SimGCL,campus_102,loss1,Top 10,Precision,0.14214,0.13892,-0.0032200000000000006,-2.2653721682847903
SimGCL,campus_102,loss1,Top 10,Recall,0.49297,0.48641,-0.00656000000000001,-1.3307097794997689
SimGCL,campus_102,loss1,Top 10,NDCG,0.39544,0.38435,-0.011089999999999989,-2.8044709690471343
SimGCL,campus_102,loss1,Top 20,Hit Ratio,0.55401,0.55095,-0.0030599999999999516,-0.5523366004223663
SimGCL,campus_102,loss1,Top 20,Precision,0.09138,0.09088,-0.0005000000000000004,-0.5471656817684399
SimGCL,campus_102,loss1,Top 20,Recall,0.58786,0.58541,-0.0024500000000000632,-0.4167658966420683
SimGCL,campus_102,loss1,Top 20,NDCG,0.43082,0.42155,-0.00927,-2.1517106912399613
SimGCL,campus_102,loss2,Top 3,Hit Ratio,0.22486,0.2217,-0.003159999999999996,-1.4053188650715984
SimGCL,campus_102,loss2,Top 3,Precision,0.24726,0.24379,-0.003470000000000001,-1.4033810563779021
SimGCL,campus_102,loss2,Top 3,Recall,0.2944,0.29154,-0.0028599999999999737,-0.9714673913043389
SimGCL,campus_102,loss2,Top 3,NDCG,0.33616,0.33056,-0.005599999999999994,-1.6658733936220829
SimGCL,campus_102,loss2,Top 5,Hit Ratio,0.30294,0.3038,0.0008600000000000274,0.2838845976100969
SimGCL,campus_102,loss2,Top 5,Precision,0.19987,0.20044,0.0005700000000000149,0.2851853704908265
SimGCL,campus_102,loss2,Top 5,Recall,0.37706,0.37913,0.0020700000000000163,0.5489842465390167
SimGCL,campus_102,loss2,Top 5,NDCG,0.35501,0.35275,-0.0022599999999999842,-0.6366017858651825
SimGCL,campus_102,loss2,Top 10,Hit Ratio,0.43087,0.4323,0.0014300000000000423,0.3318866479448656
SimGCL,campus_102,loss2,Top 10,Precision,0.14214,0.14261,0.0004699999999999982,0.3306599127620643
SimGCL,campus_102,loss2,Top 10,Recall,0.49297,0.49568,0.00270999999999999,0.5497291924457858
SimGCL,campus_102,loss2,Top 10,NDCG,0.39544,0.3937,-0.0017400000000000193,-0.4400161845033429
SimGCL,campus_102,loss2,Top 20,Hit Ratio,0.55401,0.55621,0.0021999999999999797,0.39710474540170393
SimGCL,campus_102,loss2,Top 20,Precision,0.09138,0.09175,0.00036999999999999533,0.4049026045086401
SimGCL,campus_102,loss2,Top 20,Recall,0.58786,0.59667,0.008809999999999985,1.4986561426189882
SimGCL,campus_102,loss2,Top 20,NDCG,0.43082,0.43069,-0.00012999999999996348,-0.030175015087499066
SimGCL,campus_102,loss3,Top 3,Hit Ratio,0.22486,0.22361,-0.0012500000000000011,-0.5559014497909815
SimGCL,campus_102,loss3,Top 3,Precision,0.24726,0.2459,-0.00136,-0.5500283102806762
SimGCL,campus_102,loss3,Top 3,Recall,0.2944,0.29695,0.0025499999999999967,0.8661684782608684
SimGCL,campus_102,loss3,Top 3,NDCG,0.33616,0.33416,-0.0020000000000000018,-0.5949547834364594
SimGCL,campus_102,loss3,Top 5,Hit Ratio,0.30294,0.30495,0.0020100000000000118,0.6634977223212556
SimGCL,campus_102,loss3,Top 5,Precision,0.19987,0.2012,0.0013299999999999979,0.6654325311452434
SimGCL,campus_102,loss3,Top 5,Recall,0.37706,0.38302,0.005960000000000021,1.5806502943828622
SimGCL,campus_102,loss3,Top 5,NDCG,0.35501,0.35536,0.00035000000000001696,0.09858877214726823
SimGCL,campus_102,loss3,Top 10,Hit Ratio,0.43087,0.43278,0.0019100000000000228,0.4432891591431344
SimGCL,campus_102,loss3,Top 10,Precision,0.14214,0.14277,0.0006300000000000194,0.4432249894470378
SimGCL,campus_102,loss3,Top 10,Recall,0.49297,0.50041,0.007440000000000002,1.509219627969248
SimGCL,campus_102,loss3,Top 10,NDCG,0.39544,0.39648,0.0010399999999999854,0.26299817924337077
SimGCL,campus_102,loss3,Top 20,Hit Ratio,0.55401,0.56358,0.009569999999999967,1.7274056424974218
SimGCL,campus_102,loss3,Top 20,Precision,0.09138,0.09296,0.001579999999999998,1.7290435543882665
SimGCL,campus_102,loss3,Top 20,Recall,0.58786,0.6058,0.017939999999999956,3.051747014595304
SimGCL,campus_102,loss3,Top 20,NDCG,0.43082,0.4351,0.004280000000000006,0.9934543428810191
SimGCL,campus_102,loss4,Top 3,Hit Ratio,0.22486,0.21883,-0.006030000000000008,-2.681668593791696
SimGCL,campus_102,loss4,Top 3,Precision,0.24726,0.24064,-0.006620000000000015,-2.677343686807415
SimGCL,campus_102,loss4,Top 3,Recall,0.2944,0.28751,-0.006890000000000007,-2.3403532608695676
SimGCL,campus_102,loss4,Top 3,NDCG,0.33616,0.32451,-0.011649999999999994,-3.4656116135173707
SimGCL,campus_102,loss4,Top 5,Hit Ratio,0.30294,0.29854,-0.0043999999999999595,-1.4524328249818312
SimGCL,campus_102,loss4,Top 5,Precision,0.19987,0.19697,-0.002899999999999986,-1.4509431130234582
SimGCL,campus_102,loss4,Top 5,Recall,0.37706,0.37467,-0.0023900000000000032,-0.6338513764387639
SimGCL,campus_102,loss4,Top 5,NDCG,0.35501,0.34603,-0.008979999999999988,-2.529506211092642
SimGCL,campus_102,loss4,Top 10,Hit Ratio,0.43087,0.42551,-0.005359999999999976,-1.2439947083807126
SimGCL,campus_102,loss4,Top 10,Precision,0.14214,0.14037,-0.0017699999999999938,-1.245251160827349
SimGCL,campus_102,loss4,Top 10,Recall,0.49297,0.48896,-0.0040100000000000136,-0.8134369231393419
SimGCL,campus_102,loss4,Top 10,NDCG,0.39544,0.38639,-0.009050000000000002,-2.2885899251466726
SimGCL,campus_102,loss4,Top 20,Hit Ratio,0.55401,0.55019,-0.0038200000000000456,-0.6895182397429731
SimGCL,campus_102,loss4,Top 20,Precision,0.09138,0.09075,-0.0006300000000000056,-0.6894287590282399
SimGCL,campus_102,loss4,Top 20,Recall,0.58786,0.58776,-0.00010000000000010001,-0.01701085292418263
SimGCL,campus_102,loss4,Top 20,NDCG,0.43082,0.42284,-0.007979999999999987,-1.8522816953716141
SimGCL,campus_102,loss5,Top 3,Hit Ratio,0.22486,0.22361,-0.0012500000000000011,-0.5559014497909815
SimGCL,campus_102,loss5,Top 3,Precision,0.24726,0.2459,-0.00136,-0.5500283102806762
SimGCL,campus_102,loss5,Top 3,Recall,0.2944,0.29585,0.0014500000000000068,0.49252717391304585
SimGCL,campus_102,loss5,Top 3,NDCG,0.33616,0.33602,-0.000140000000000029,-0.04164683484056074
SimGCL,campus_102,loss5,Top 5,Hit Ratio,0.30294,0.30399,0.0010499999999999954,0.34660328777975685
SimGCL,campus_102,loss5,Top 5,Precision,0.19987,0.20057,0.0007000000000000062,0.35022764797118433
SimGCL,campus_102,loss5,Top 5,Recall,0.37706,0.37728,0.00021999999999999797,0.058346151806078064
SimGCL,campus_102,loss5,Top 5,NDCG,0.35501,0.35525,0.00024000000000001798,0.0676037294724143
SimGCL,campus_102,loss5,Top 10,Hit Ratio,0.43087,0.42953,-0.0013399999999999523,-0.3109986770951685
SimGCL,campus_102,loss5,Top 10,Precision,0.14214,0.1417,-0.00043999999999999595,-0.309553960883633
SimGCL,campus_102,loss5,Top 10,Recall,0.49297,0.49116,-0.0018100000000000338,-0.3671623019656437
SimGCL,campus_102,loss5,Top 10,NDCG,0.39544,0.39496,-0.00048000000000003595,-0.12138377503541269
SimGCL,campus_102,loss5,Top 20,Hit Ratio,0.55401,0.55535,0.0013400000000000079,0.24187289038104148
SimGCL,campus_102,loss5,Top 20,Precision,0.09138,0.0916,0.00021999999999999797,0.24075289997811117
SimGCL,campus_102,loss5,Top 20,Recall,0.58786,0.59097,0.003109999999999946,0.5290375259415415
SimGCL,campus_102,loss5,Top 20,NDCG,0.43082,0.43189,0.0010700000000000154,0.248363585720258
SimGCL,campus_143,loss1,Top 3,Hit Ratio,0.48618,0.48411,-0.0020700000000000163,-0.4257682339874154
SimGCL,campus_143,loss1,Top 3,Precision,0.27734,0.27616,-0.0011799999999999589,-0.42547054157350506
SimGCL,campus_143,loss1,Top 3,Recall,0.54424,0.54698,0.0027400000000000757,0.5034543583713207
SimGCL,campus_143,loss1,Top 3,NDCG,0.50618,0.50392,-0.0022599999999999287,-0.4464814887984371
SimGCL,campus_143,loss1,Top 5,Hit Ratio,0.59571,0.589,-0.006709999999999994,-1.126387000386093
SimGCL,campus_143,loss1,Top 5,Precision,0.20389,0.20159,-0.0022999999999999965,-1.1280592476335263
SimGCL,campus_143,loss1,Top 5,Recall,0.64376,0.63654,-0.007220000000000004,-1.121535976140177
SimGCL,campus_143,loss1,Top 5,NDCG,0.54563,0.53979,-0.005839999999999956,-1.070322379634543
SimGCL,campus_143,loss1,Top 10,Hit Ratio,0.70163,0.70912,0.007489999999999997,1.067514216894944
SimGCL,campus_143,loss1,Top 10,Precision,0.12007,0.12135,0.0012800000000000034,1.0660448071958053
SimGCL,campus_143,loss1,Top 10,Recall,0.72398,0.73636,0.012380000000000058,1.7099919887289785
SimGCL,campus_143,loss1,Top 10,NDCG,0.5766,0.5774,0.0008000000000000229,0.13874436351023636
SimGCL,campus_143,loss1,Top 20,Hit Ratio,0.76905,0.76879,-0.000260000000000038,-0.03380794486704869
SimGCL,campus_143,loss1,Top 20,Precision,0.0658,0.06578,-1.9999999999992246e-05,-0.030395136778103717
SimGCL,campus_143,loss1,Top 20,Recall,0.77858,0.77901,0.00042999999999993044,0.05522874977522289
SimGCL,campus_143,loss1,Top 20,NDCG,0.59283,0.591,-0.0018299999999999983,-0.30868883153686527
SimGCL,campus_143,loss2,Top 3,Hit Ratio,0.48618,0.48205,-0.0041300000000000225,-0.8494796166029088
SimGCL,campus_143,loss2,Top 3,Precision,0.27734,0.27498,-0.0023599999999999732,-0.8509410831470301
SimGCL,campus_143,loss2,Top 3,Recall,0.54424,0.54392,-0.00031999999999998696,-0.05879758929883636
SimGCL,campus_143,loss2,Top 3,NDCG,0.50618,0.50421,-0.0019699999999999163,-0.3891896163419962
SimGCL,campus_143,loss2,Top 5,Hit Ratio,0.59571,0.5846,-0.011109999999999953,-1.8650014268687707
SimGCL,campus_143,loss2,Top 5,Precision,0.20389,0.20009,-0.003799999999999998,-1.8637500613075668
SimGCL,campus_143,loss2,Top 5,Recall,0.64376,0.63065,-0.013109999999999955,-2.0364732198334714
SimGCL,campus_143,loss2,Top 5,NDCG,0.54563,0.53868,-0.006949999999999901,-1.2737569415171273
SimGCL,campus_143,loss2,Top 10,Hit Ratio,0.70163,0.70189,0.000260000000000038,0.03705656827673247
SimGCL,campus_143,loss2,Top 10,Precision,0.12007,0.12011,3.999999999999837e-05,0.03331390022486747
SimGCL,campus_143,loss2,Top 10,Recall,0.72398,0.72322,-0.0007599999999999829,-0.104975275560096
SimGCL,campus_143,loss2,Top 10,NDCG,0.5766,0.57425,-0.0023499999999999632,-0.4075615678113013
SimGCL,campus_143,loss2,Top 20,Hit Ratio,0.76905,0.76595,-0.0030999999999999917,-0.40309472726090523
SimGCL,campus_143,loss2,Top 20,Precision,0.0658,0.06554,-0.00025999999999999635,-0.395136778115496
SimGCL,campus_143,loss2,Top 20,Recall,0.77858,0.77441,-0.004170000000000007,-0.5355904338667841
SimGCL,campus_143,loss2,Top 20,NDCG,0.59283,0.58999,-0.0028399999999999537,-0.47905807735775074
SimGCL,campus_143,loss3,Top 3,Hit Ratio,0.48618,0.49238,0.006199999999999983,1.2752478505903129
SimGCL,campus_143,loss3,Top 3,Precision,0.27734,0.28087,0.003530000000000033,1.2728059421648639
SimGCL,campus_143,loss3,Top 3,Recall,0.54424,0.55195,0.007710000000000106,1.4166544171689155
SimGCL,campus_143,loss3,Top 3,NDCG,0.50618,0.51107,0.004890000000000061,0.9660595045240944
SimGCL,campus_143,loss3,Top 5,Hit Ratio,0.59571,0.59959,0.0038799999999999946,0.6513236306256391
SimGCL,campus_143,loss3,Top 5,Precision,0.20389,0.20522,0.0013300000000000256,0.6523125214576614
SimGCL,campus_143,loss3,Top 5,Recall,0.64376,0.64831,0.004550000000000054,0.7067851373182636
SimGCL,campus_143,loss3,Top 5,NDCG,0.54563,0.54909,0.0034600000000000186,0.63412935505746
SimGCL,campus_143,loss3,Top 10,Hit Ratio,0.70163,0.70421,0.0025800000000000267,0.36771517751521837
SimGCL,campus_143,loss3,Top 10,Precision,0.12007,0.12051,0.00044000000000000983,0.36645290247356527
SimGCL,campus_143,loss3,Top 10,Recall,0.72398,0.72916,0.0051800000000000734,0.7154893781596279
SimGCL,campus_143,loss3,Top 10,NDCG,0.5766,0.58015,0.003550000000000053,0.6156781130766654
SimGCL,campus_143,loss3,Top 20,Hit Ratio,0.76905,0.76957,0.0005199999999999649,0.06761588973408295
SimGCL,campus_143,loss3,Top 20,Precision,0.0658,0.06585,5.000000000000837e-05,0.07598784194530148
SimGCL,campus_143,loss3,Top 20,Recall,0.77858,0.77925,0.0006699999999999484,0.0860540984869825
SimGCL,campus_143,loss3,Top 20,NDCG,0.59283,0.59576,0.002929999999999988,0.49423949530219263
SimGCL,campus_143,loss4,Top 3,Hit Ratio,0.48618,0.47223,-0.013950000000000018,-2.8693076638282156
SimGCL,campus_143,loss4,Top 3,Precision,0.27734,0.26938,-0.007959999999999967,-2.8701233143433935
SimGCL,campus_143,loss4,Top 3,Recall,0.54424,0.53767,-0.006569999999999965,-1.2071880052917767
SimGCL,campus_143,loss4,Top 3,NDCG,0.50618,0.49593,-0.010249999999999981,-2.0249713540637684
SimGCL,campus_143,loss4,Top 5,Hit Ratio,0.59571,0.57866,-0.01705000000000001,-2.8621309026204043
SimGCL,campus_143,loss4,Top 5,Precision,0.20389,0.19805,-0.005839999999999984,-2.8642895679042546
SimGCL,campus_143,loss4,Top 5,Recall,0.64376,0.63032,-0.013440000000000007,-2.087734559463155
SimGCL,campus_143,loss4,Top 5,NDCG,0.54563,0.53331,-0.012319999999999998,-2.2579403625167234
SimGCL,campus_143,loss4,Top 10,Hit Ratio,0.70163,0.69982,-0.0018099999999999783,-0.2579707253110583
SimGCL,campus_143,loss4,Top 10,Precision,0.12007,0.11976,-0.00030999999999999084,-0.2581827267427258
SimGCL,campus_143,loss4,Top 10,Recall,0.72398,0.72427,0.00029000000000001247,0.040056355147933986
SimGCL,campus_143,loss4,Top 10,NDCG,0.5766,0.5697,-0.006900000000000017,-1.1966701352757574
SimGCL,campus_143,loss4,Top 20,Hit Ratio,0.76905,0.76104,-0.008009999999999962,-1.0415447630193044
SimGCL,campus_143,loss4,Top 20,Precision,0.0658,0.06512,-0.00068,-1.0334346504559273
SimGCL,campus_143,loss4,Top 20,Recall,0.77858,0.7729,-0.005680000000000018,-0.7295332528449251
SimGCL,campus_143,loss4,Top 20,NDCG,0.59283,0.58459,-0.008239999999999914,-1.389943154023905
SimGCL,campus_143,loss5,Top 3,Hit Ratio,0.48618,0.48825,0.0020700000000000163,0.4257682339874154
SimGCL,campus_143,loss5,Top 3,Precision,0.27734,0.27851,0.0011700000000000044,0.4218648590178137
SimGCL,campus_143,loss5,Top 3,Recall,0.54424,0.54878,0.0045400000000000995,0.8341907981772931
SimGCL,campus_143,loss5,Top 3,NDCG,0.50618,0.50951,0.003330000000000055,0.6578687423446314
SimGCL,campus_143,loss5,Top 5,Hit Ratio,0.59571,0.59132,-0.004390000000000005,-0.7369357573315884
SimGCL,campus_143,loss5,Top 5,Precision,0.20389,0.20239,-0.0015000000000000013,-0.7356908136740405
SimGCL,campus_143,loss5,Top 5,Recall,0.64376,0.63925,-0.004510000000000014,-0.7005716416055695
SimGCL,campus_143,loss5,Top 5,NDCG,0.54563,0.54505,-0.0005799999999999139,-0.10629914044314169
SimGCL,campus_143,loss5,Top 10,Hit Ratio,0.70163,0.6993,-0.0023299999999999432,-0.3320838618645074
SimGCL,campus_143,loss5,Top 10,Precision,0.12007,0.11967,-0.0003999999999999976,-0.33313900224868626
SimGCL,campus_143,loss5,Top 10,Recall,0.72398,0.72096,-0.0030199999999999116,-0.4171385949887997
SimGCL,campus_143,loss5,Top 10,NDCG,0.5766,0.5767,9.999999999998899e-05,0.017343045438777138
SimGCL,campus_143,loss5,Top 20,Hit Ratio,0.76905,0.76363,-0.00541999999999998,-0.7047656199206788
SimGCL,campus_143,loss5,Top 20,Precision,0.0658,0.06534,-0.0004600000000000021,-0.6990881458966597
SimGCL,campus_143,loss5,Top 20,Recall,0.77858,0.77349,-0.005090000000000039,-0.6537542705951911
SimGCL,campus_143,loss5,Top 20,NDCG,0.59283,0.59258,-0.00024999999999997247,-0.0421706054012065
SimGCL,campus_15,loss1,Top 3,Hit Ratio,0.14467,0.14397,-0.0007000000000000062,-0.48385981889818636
SimGCL,campus_15,loss1,Top 3,Precision,0.23365,0.23253,-0.0011200000000000099,-0.47934945431200937
SimGCL,campus_15,loss1,Top 3,Recall,0.28114,0.26842,-0.012720000000000009,-4.524436223945369
SimGCL,campus_15,loss1,Top 3,NDCG,0.32969,0.32426,-0.00542999999999999,-1.6470017288968397
SimGCL,campus_15,loss1,Top 5,Hit Ratio,0.20811,0.20741,-0.0006999999999999784,-0.33636057854018475
SimGCL,campus_15,loss1,Top 5,Precision,0.20167,0.20099,-0.0006799999999999862,-0.3371845093469461
SimGCL,campus_15,loss1,Top 5,Recall,0.35673,0.33824,-0.018490000000000006,-5.183191769685759
SimGCL,campus_15,loss1,Top 5,NDCG,0.35544,0.34661,-0.008830000000000005,-2.4842448795858667
SimGCL,campus_15,loss1,Top 10,Hit Ratio,0.33331,0.33396,0.0006499999999999839,0.19501365095556206
SimGCL,campus_15,loss1,Top 10,Precision,0.1615,0.16181,0.0003100000000000047,0.19195046439628774
SimGCL,campus_15,loss1,Top 10,Recall,0.46267,0.44979,-0.012880000000000003,-2.783841614973956
SimGCL,campus_15,loss1,Top 10,NDCG,0.38779,0.37808,-0.009709999999999996,-2.5039325408081683
SimGCL,campus_15,loss1,Top 20,Hit Ratio,0.50195,0.50293,0.0009799999999999809,0.19523856957863947
SimGCL,campus_15,loss1,Top 20,Precision,0.1216,0.12184,0.0002400000000000041,0.19736842105263497
SimGCL,campus_15,loss1,Top 20,Recall,0.5642,0.56122,-0.0029799999999999827,-0.5281814959234283
SimGCL,campus_15,loss1,Top 20,NDCG,0.42304,0.41501,-0.008030000000000037,-1.8981656580938058
SimGCL,campus_15,loss2,Top 3,Hit Ratio,0.14467,0.14684,0.0021700000000000053,1.4999654385843681
SimGCL,campus_15,loss2,Top 3,Precision,0.23365,0.23716,0.003510000000000013,1.5022469505670932
SimGCL,campus_15,loss2,Top 3,Recall,0.28114,0.27153,-0.009610000000000007,-3.418225794977594
SimGCL,campus_15,loss2,Top 3,NDCG,0.32969,0.3309,0.0012100000000000444,0.36701143498439276
SimGCL,campus_15,loss2,Top 5,Hit Ratio,0.20811,0.20991,0.0018000000000000238,0.8649272019605131
SimGCL,campus_15,loss2,Top 5,Precision,0.20167,0.20342,0.0017500000000000016,0.8677542519958356
SimGCL,campus_15,loss2,Top 5,Recall,0.35673,0.34212,-0.014610000000000012,-4.0955344378101115
SimGCL,campus_15,loss2,Top 5,NDCG,0.35544,0.3522,-0.003239999999999965,-0.9115462525320632
SimGCL,campus_15,loss2,Top 10,Hit Ratio,0.33331,0.33884,0.005529999999999979,1.659116138129663
SimGCL,campus_15,loss2,Top 10,Precision,0.1615,0.16418,0.002679999999999988,1.6594427244581968
SimGCL,campus_15,loss2,Top 10,Recall,0.46267,0.45433,-0.008340000000000014,-1.802580673049909
SimGCL,campus_15,loss2,Top 10,NDCG,0.38779,0.38387,-0.003920000000000035,-1.0108563913458404
SimGCL,campus_15,loss2,Top 20,Hit Ratio,0.50195,0.50338,0.0014300000000000423,0.2848889331606818
SimGCL,campus_15,loss2,Top 20,Precision,0.1216,0.12195,0.0003500000000000031,0.28782894736842357
SimGCL,campus_15,loss2,Top 20,Recall,0.5642,0.56018,-0.0040200000000000236,-0.7125132931584586
SimGCL,campus_15,loss2,Top 20,NDCG,0.42304,0.41828,-0.004760000000000042,-1.1251891074130205
SimGCL,campus_15,loss3,Top 3,Hit Ratio,0.14467,0.14635,0.0016800000000000148,1.1612635653556473
SimGCL,campus_15,loss3,Top 3,Precision,0.23365,0.23636,0.00270999999999999,1.1598544832013655
SimGCL,campus_15,loss3,Top 3,Recall,0.28114,0.27912,-0.0020200000000000218,-0.7185032368215202
SimGCL,campus_15,loss3,Top 3,NDCG,0.32969,0.33089,0.0012000000000000344,0.3639782826291469
SimGCL,campus_15,loss3,Top 5,Hit Ratio,0.20811,0.20921,0.0011000000000000176,0.528566623420315
SimGCL,campus_15,loss3,Top 5,Precision,0.20167,0.20274,0.0010700000000000154,0.5305697426488896
SimGCL,campus_15,loss3,Top 5,Recall,0.35673,0.35359,-0.003139999999999976,-0.8802175314663685
SimGCL,campus_15,loss3,Top 5,NDCG,0.35544,0.355,-0.00043999999999999595,-0.1237902318253421
SimGCL,campus_15,loss3,Top 10,Hit Ratio,0.33331,0.33585,0.0025399999999999867,0.7620533437340574
SimGCL,campus_15,loss3,Top 10,Precision,0.1615,0.16273,0.0012300000000000089,0.7616099071207485
SimGCL,campus_15,loss3,Top 10,Recall,0.46267,0.46224,-0.00043000000000004146,-0.09293881168004008
SimGCL,campus_15,loss3,Top 10,NDCG,0.38779,0.38761,-0.00018000000000001348,-0.04641687511282227
SimGCL,campus_15,loss3,Top 20,Hit Ratio,0.50195,0.50322,0.0012699999999999934,0.2530132483315058
SimGCL,campus_15,loss3,Top 20,Precision,0.1216,0.12191,0.0003100000000000047,0.25493421052631965
SimGCL,campus_15,loss3,Top 20,Recall,0.5642,0.56838,0.0041799999999999615,0.740872031194605
SimGCL,campus_15,loss3,Top 20,NDCG,0.42304,0.42342,0.00037999999999999146,0.08982602118002823
SimGCL,campus_15,loss4,Top 3,Hit Ratio,0.14467,0.13487,-0.009800000000000003,-6.774037464574552
SimGCL,campus_15,loss4,Top 3,Precision,0.23365,0.21783,-0.01582,-6.770811042157073
SimGCL,campus_15,loss4,Top 3,Recall,0.28114,0.26641,-0.01473000000000002,-5.2393825140499475
SimGCL,campus_15,loss4,Top 3,NDCG,0.32969,0.30754,-0.022150000000000003,-6.7184324668628115
SimGCL,campus_15,loss4,Top 5,Hit Ratio,0.20811,0.19602,-0.01208999999999999,-5.809427706501364
SimGCL,campus_15,loss4,Top 5,Precision,0.20167,0.18995,-0.01171999999999998,-5.811474190509239
SimGCL,campus_15,loss4,Top 5,Recall,0.35673,0.34086,-0.015869999999999995,-4.4487427466150855
SimGCL,campus_15,loss4,Top 5,NDCG,0.35544,0.33447,-0.02096999999999999,-5.89972991222147
SimGCL,campus_15,loss4,Top 10,Hit Ratio,0.33331,0.31798,-0.01533000000000001,-4.59932195253668
SimGCL,campus_15,loss4,Top 10,Precision,0.1615,0.15407,-0.007429999999999992,-4.600619195046435
SimGCL,campus_15,loss4,Top 10,Recall,0.46267,0.45413,-0.008540000000000048,-1.845808027319698
SimGCL,campus_15,loss4,Top 10,NDCG,0.38779,0.37023,-0.01756000000000002,-4.528224038783883
SimGCL,campus_15,loss4,Top 20,Hit Ratio,0.50195,0.4874,-0.014550000000000007,-2.8986950891523073
SimGCL,campus_15,loss4,Top 20,Precision,0.1216,0.11808,-0.0035199999999999954,-2.8947368421052593
SimGCL,campus_15,loss4,Top 20,Recall,0.5642,0.55855,-0.005650000000000044,-1.0014179369018157
SimGCL,campus_15,loss4,Top 20,NDCG,0.42304,0.40751,-0.015530000000000044,-3.671047655068089
SimGCL,campus_15,loss5,Top 3,Hit Ratio,0.14467,0.14114,-0.0035300000000000054,-2.4400359438722647
SimGCL,campus_15,loss5,Top 3,Precision,0.23365,0.22796,-0.005690000000000001,-2.435266424138669
SimGCL,campus_15,loss5,Top 3,Recall,0.28114,0.27942,-0.0017199999999999993,-0.6117948353133668
SimGCL,campus_15,loss5,Top 3,NDCG,0.32969,0.32486,-0.004830000000000001,-1.4650125875822746
SimGCL,campus_15,loss5,Top 5,Hit Ratio,0.20811,0.20577,-0.002339999999999981,-1.124405362548643
SimGCL,campus_15,loss5,Top 5,Precision,0.20167,0.1994,-0.0022699999999999942,-1.125601229731737
SimGCL,campus_15,loss5,Top 5,Recall,0.35673,0.35849,0.0017599999999999838,0.4933703361085369
SimGCL,campus_15,loss5,Top 5,NDCG,0.35544,0.35363,-0.0018099999999999783,-0.5092279990997014
SimGCL,campus_15,loss5,Top 10,Hit Ratio,0.33331,0.33183,-0.0014799999999999813,-0.4440310821757467
SimGCL,campus_15,loss5,Top 10,Precision,0.1615,0.16078,-0.0007199999999999984,-0.44582043343653155
SimGCL,campus_15,loss5,Top 10,Recall,0.46267,0.46878,0.006109999999999949,1.3205956729418264
SimGCL,campus_15,loss5,Top 10,NDCG,0.38779,0.38863,0.0008399999999999519,0.2166120838598086
SimGCL,campus_15,loss5,Top 20,Hit Ratio,0.50195,0.49867,-0.003280000000000005,-0.6534515389979092
SimGCL,campus_15,loss5,Top 20,Precision,0.1216,0.12081,-0.000789999999999999,-0.6496710526315782
SimGCL,campus_15,loss5,Top 20,Recall,0.5642,0.56889,0.004689999999999972,0.8312655086848584
SimGCL,campus_15,loss5,Top 20,NDCG,0.42304,0.42368,0.0006399999999999739,0.15128593040846583
SimGCL,campus_34,loss1,Top 3,Hit Ratio,0.37606,0.36884,-0.007220000000000004,-1.9199063979152275
SimGCL,campus_34,loss1,Top 3,Precision,0.23275,0.22828,-0.004470000000000002,-1.9205155746509137
SimGCL,campus_34,loss1,Top 3,Recall,0.43765,0.43044,-0.007209999999999994,-1.6474351650862549
SimGCL,campus_34,loss1,Top 3,NDCG,0.40474,0.39544,-0.009299999999999975,-2.2977714088056467
SimGCL,campus_34,loss1,Top 5,Hit Ratio,0.47486,0.46765,-0.007209999999999994,-1.5183422482415858
SimGCL,campus_34,loss1,Top 5,Precision,0.17634,0.17366,-0.002679999999999988,-1.5197913122377158
SimGCL,campus_34,loss1,Top 5,Recall,0.52829,0.51956,-0.008730000000000016,-1.652501466997296
SimGCL,campus_34,loss1,Top 5,NDCG,0.44128,0.43209,-0.009190000000000031,-2.082577955039891
SimGCL,campus_34,loss1,Top 10,Hit Ratio,0.59233,0.59607,0.0037399999999999656,0.631404791248116
SimGCL,campus_34,loss1,Top 10,Precision,0.10998,0.11067,0.00069000000000001,0.6273867975995727
SimGCL,campus_34,loss1,Top 10,Recall,0.6269,0.63464,0.007739999999999969,1.2346466741106985
SimGCL,campus_34,loss1,Top 10,NDCG,0.47818,0.4746,-0.003579999999999972,-0.7486720481826868
SimGCL,campus_34,loss1,Top 20,Hit Ratio,0.66551,0.68118,0.015669999999999962,2.3545852053312437
SimGCL,campus_34,loss1,Top 20,Precision,0.06178,0.06324,0.001460000000000003,2.363224344448046
SimGCL,campus_34,loss1,Top 20,Recall,0.68317,0.70428,0.021109999999999962,3.090006879693189
SimGCL,campus_34,loss1,Top 20,NDCG,0.49602,0.4962,0.00017999999999995797,0.03628885932018022
SimGCL,campus_34,loss2,Top 3,Hit Ratio,0.37606,0.37307,-0.0029899999999999927,-0.7950858905493784
SimGCL,campus_34,loss2,Top 3,Precision,0.23275,0.2309,-0.0018500000000000183,-0.7948442534908778
SimGCL,campus_34,loss2,Top 3,Recall,0.43765,0.43664,-0.0010100000000000109,-0.23077801896492883
SimGCL,campus_34,loss2,Top 3,NDCG,0.40474,0.40161,-0.003129999999999966,-0.7733359687700663
SimGCL,campus_34,loss2,Top 5,Hit Ratio,0.47486,0.47063,-0.0042300000000000115,-0.8907888640862595
SimGCL,campus_34,loss2,Top 5,Precision,0.17634,0.17477,-0.001569999999999988,-0.8903255075422412
SimGCL,campus_34,loss2,Top 5,Recall,0.52829,0.52608,-0.0022100000000000453,-0.41833084101535994
SimGCL,campus_34,loss2,Top 5,NDCG,0.44128,0.43815,-0.0031300000000000217,-0.7093002175489534
SimGCL,campus_34,loss2,Top 10,Hit Ratio,0.59233,0.58885,-0.0034800000000000386,-0.5875103405196492
SimGCL,campus_34,loss2,Top 10,Precision,0.10998,0.10933,-0.0006499999999999978,-0.5910165484633549
SimGCL,campus_34,loss2,Top 10,Recall,0.6269,0.62444,-0.0024600000000000177,-0.3924070824692961
SimGCL,campus_34,loss2,Top 10,NDCG,0.47818,0.4754,-0.0027800000000000047,-0.5813710318290194
SimGCL,campus_34,loss2,Top 20,Hit Ratio,0.66551,0.6548,-0.010709999999999997,-1.609292121831377
SimGCL,campus_34,loss2,Top 20,Precision,0.06178,0.06079,-0.0009900000000000048,-1.6024603431531317
SimGCL,campus_34,loss2,Top 20,Recall,0.68317,0.67239,-0.010780000000000012,-1.5779381413118274
SimGCL,campus_34,loss2,Top 20,NDCG,0.49602,0.49099,-0.0050300000000000344,-1.01407201322528
SimGCL,campus_34,loss3,Top 3,Hit Ratio,0.37606,0.36959,-0.006470000000000031,-1.7204701377439853
SimGCL,campus_34,loss3,Top 3,Precision,0.23275,0.22874,-0.0040100000000000136,-1.72287862513427
SimGCL,campus_34,loss3,Top 3,Recall,0.43765,0.43085,-0.006799999999999973,-1.553752998971775
SimGCL,campus_34,loss3,Top 3,NDCG,0.40474,0.40069,-0.004049999999999998,-1.0006423877056871
SimGCL,campus_34,loss3,Top 5,Hit Ratio,0.47486,0.47461,-0.000250000000000028,-0.05264709598619129
SimGCL,campus_34,loss3,Top 5,Precision,0.17634,0.17625,-9.000000000000674e-05,-0.05103776794828555
SimGCL,campus_34,loss3,Top 5,Recall,0.52829,0.52478,-0.003510000000000013,-0.6644078063185017
SimGCL,campus_34,loss3,Top 5,NDCG,0.44128,0.43957,-0.0017099999999999893,-0.387509064539519
SimGCL,campus_34,loss3,Top 10,Hit Ratio,0.59233,0.58736,-0.00497000000000003,-0.8390593081559317
SimGCL,campus_34,loss3,Top 10,Precision,0.10998,0.10906,-0.0009199999999999903,-0.8365157301327426
SimGCL,campus_34,loss3,Top 10,Recall,0.6269,0.62059,-0.006310000000000038,-1.0065401180411608
SimGCL,campus_34,loss3,Top 10,NDCG,0.47818,0.47519,-0.0029899999999999927,-0.6252875486218563
SimGCL,campus_34,loss3,Top 20,Hit Ratio,0.66551,0.65829,-0.007220000000000004,-1.0848822707397339
SimGCL,campus_34,loss3,Top 20,Precision,0.06178,0.06111,-0.0006700000000000039,-1.08449336354808
SimGCL,campus_34,loss3,Top 20,Recall,0.68317,0.67611,-0.007060000000000066,-1.0334177437533947
SimGCL,campus_34,loss3,Top 20,NDCG,0.49602,0.49269,-0.0033299999999999996,-0.6713438974234909
SimGCL,campus_34,loss4,Top 3,Hit Ratio,0.37606,0.36287,-0.01318999999999998,-3.5074190288783647
SimGCL,campus_34,loss4,Top 3,Precision,0.23275,0.22458,-0.00817000000000001,-3.510204081632658
SimGCL,campus_34,loss4,Top 3,Recall,0.43765,0.42386,-0.013789999999999969,-3.1509196846795318
SimGCL,campus_34,loss4,Top 3,NDCG,0.40474,0.39096,-0.013780000000000014,-3.4046548401442935
SimGCL,campus_34,loss4,Top 5,Hit Ratio,0.47486,0.46043,-0.014429999999999998,-3.038790380322621
SimGCL,campus_34,loss4,Top 5,Precision,0.17634,0.17098,-0.005360000000000004,-3.0395826244754476
SimGCL,campus_34,loss4,Top 5,Recall,0.52829,0.51488,-0.013410000000000033,-2.5383785420886316
SimGCL,campus_34,loss4,Top 5,NDCG,0.44128,0.42778,-0.013500000000000012,-3.0592820884699083
SimGCL,campus_34,loss4,Top 10,Hit Ratio,0.59233,0.57715,-0.015179999999999971,-2.5627606233011955
SimGCL,campus_34,loss4,Top 10,Precision,0.10998,0.10716,-0.002819999999999989,-2.564102564102554
SimGCL,campus_34,loss4,Top 10,Recall,0.6269,0.61156,-0.01534000000000002,-2.446961237836979
SimGCL,campus_34,loss4,Top 10,NDCG,0.47818,0.46412,-0.014060000000000017,-2.9403153624158302
SimGCL,campus_34,loss4,Top 20,Hit Ratio,0.66551,0.65406,-0.011450000000000071,-1.7204850415470947
SimGCL,campus_34,loss4,Top 20,Precision,0.06178,0.06072,-0.0010599999999999984,-1.7157656199417262
SimGCL,campus_34,loss4,Top 20,Recall,0.68317,0.67334,-0.009830000000000005,-1.4388805129030848
SimGCL,campus_34,loss4,Top 20,NDCG,0.49602,0.48338,-0.01264000000000004,-2.548284343373259
SimGCL,campus_34,loss5,Top 3,Hit Ratio,0.37606,0.37332,-0.00274000000000002,-0.7286071371589694
SimGCL,campus_34,loss5,Top 3,Precision,0.23275,0.23105,-0.001700000000000007,-0.7303974221267484
SimGCL,campus_34,loss5,Top 3,Recall,0.43765,0.43445,-0.0031999999999999806,-0.7311778818690691
SimGCL,campus_34,loss5,Top 3,NDCG,0.40474,0.40256,-0.0021800000000000153,-0.5386173839996085
SimGCL,campus_34,loss5,Top 5,Hit Ratio,0.47486,0.47113,-0.003730000000000011,-0.7854946721138885
SimGCL,campus_34,loss5,Top 5,Precision,0.17634,0.17495,-0.0013900000000000023,-0.7882499716456859
SimGCL,campus_34,loss5,Top 5,Recall,0.52829,0.52404,-0.004250000000000087,-0.804482386568
SimGCL,campus_34,loss5,Top 5,NDCG,0.44128,0.4388,-0.0024799999999999822,-0.5620014503263193
SimGCL,campus_34,loss5,Top 10,Hit Ratio,0.59233,0.60005,0.007719999999999949,1.303327537014831
SimGCL,campus_34,loss5,Top 10,Precision,0.10998,0.11141,0.0014300000000000007,1.300236406619386
SimGCL,campus_34,loss5,Top 10,Recall,0.6269,0.63933,0.012429999999999941,1.9827723719891437
SimGCL,campus_34,loss5,Top 10,NDCG,0.47818,0.48137,0.003190000000000026,0.667112802710282
SimGCL,campus_34,loss5,Top 20,Hit Ratio,0.66551,0.66924,0.0037299999999999,0.5604724196480744
SimGCL,campus_34,loss5,Top 20,Precision,0.06178,0.06213,0.00034999999999999615,0.5665263839430174
SimGCL,campus_34,loss5,Top 20,Recall,0.68317,0.6934,0.010229999999999961,1.4974310932857064
SimGCL,campus_34,loss5,Top 20,NDCG,0.49602,0.49828,0.0022599999999999842,0.45562678924236605
XSimGCL,campus_10,loss1,Top 3,Hit Ratio,0.22675,0.22324,-0.003510000000000013,-1.5479603087100386
XSimGCL,campus_10,loss1,Top 3,Precision,0.28044,0.2761,-0.0043400000000000105,-1.5475681072600236
XSimGCL,campus_10,loss1,Top 3,Recall,0.30411,0.29934,-0.0047699999999999965,-1.5685113939035207
XSimGCL,campus_10,loss1,Top 3,NDCG,0.36714,0.36048,-0.006659999999999999,-1.8140218990031047
XSimGCL,campus_10,loss1,Top 5,Hit Ratio,0.31012,0.30654,-0.0035800000000000276,-1.1543918483167894
XSimGCL,campus_10,loss1,Top 5,Precision,0.23013,0.22747,-0.0026599999999999957,-1.1558684221961482
XSimGCL,campus_10,loss1,Top 5,Recall,0.38713,0.38265,-0.004479999999999984,-1.1572340040813123
XSimGCL,campus_10,loss1,Top 5,NDCG,0.38456,0.3789,-0.005659999999999998,-1.4718119409194919
XSimGCL,campus_10,loss1,Top 10,Hit Ratio,0.44372,0.44148,-0.0022400000000000198,-0.5048228612638646
XSimGCL,campus_10,loss1,Top 10,Precision,0.16464,0.16381,-0.0008299999999999974,-0.504130223517977
XSimGCL,campus_10,loss1,Top 10,Recall,0.50002,0.50191,0.0018899999999999473,0.37798488060476526
XSimGCL,campus_10,loss1,Top 10,NDCG,0.41749,0.41428,-0.003210000000000046,-0.7688806917531069
XSimGCL,campus_10,loss1,Top 20,Hit Ratio,0.58076,0.5774,-0.0033600000000000296,-0.5785522418899424
XSimGCL,campus_10,loss1,Top 20,Precision,0.10774,0.10712,-0.0006199999999999956,-0.5754594393911227
XSimGCL,campus_10,loss1,Top 20,Recall,0.605,0.60628,0.0012800000000000589,0.211570247933894
XSimGCL,campus_10,loss1,Top 20,NDCG,0.45404,0.45069,-0.0033500000000000196,-0.7378204563474627
XSimGCL,campus_10,loss2,Top 3,Hit Ratio,0.22675,0.22765,0.0008999999999999841,0.3969128996692322
XSimGCL,campus_10,loss2,Top 3,Precision,0.28044,0.28155,0.0011099999999999999,0.3958065896448437
XSimGCL,campus_10,loss2,Top 3,Recall,0.30411,0.30375,-0.00035999999999997145,-0.11837821840780358
XSimGCL,campus_10,loss2,Top 3,NDCG,0.36714,0.36908,0.0019399999999999973,0.5284087813912941
XSimGCL,campus_10,loss2,Top 5,Hit Ratio,0.31012,0.31109,0.0009699999999999709,0.3127821488455988
XSimGCL,campus_10,loss2,Top 5,Precision,0.23013,0.23085,0.0007199999999999984,0.31286664059444597
XSimGCL,campus_10,loss2,Top 5,Recall,0.38713,0.38868,0.0015500000000000513,0.4003823005192187
XSimGCL,campus_10,loss2,Top 5,NDCG,0.38456,0.38705,0.0024899999999999922,0.6474932390264178
XSimGCL,campus_10,loss2,Top 10,Hit Ratio,0.44372,0.44298,-0.0007400000000000184,-0.1667718380961008
XSimGCL,campus_10,loss2,Top 10,Precision,0.16464,0.16436,-0.00028000000000000247,-0.17006802721088585
XSimGCL,campus_10,loss2,Top 10,Recall,0.50002,0.49893,-0.0010900000000000354,-0.21799128034879311
XSimGCL,campus_10,loss2,Top 10,NDCG,0.41749,0.41844,0.0009499999999999509,0.22755036048766455
XSimGCL,campus_10,loss2,Top 20,Hit Ratio,0.58076,0.57934,-0.0014200000000000879,-0.24450719746540528
XSimGCL,campus_10,loss2,Top 20,Precision,0.10774,0.10748,-0.00025999999999999635,-0.24132170038982398
XSimGCL,campus_10,loss2,Top 20,Recall,0.605,0.60168,-0.0033199999999999896,-0.5487603305785107
XSimGCL,campus_10,loss2,Top 20,NDCG,0.45404,0.45423,0.00019000000000002348,0.041846533345084896
XSimGCL,campus_10,loss3,Top 3,Hit Ratio,0.22675,0.22757,0.0008199999999999874,0.361631753031968
XSimGCL,campus_10,loss3,Top 3,Precision,0.28044,0.28145,0.0010099999999999554,0.36014833832547255
XSimGCL,campus_10,loss3,Top 3,Recall,0.30411,0.30498,0.0008699999999999819,0.2860806944855421
XSimGCL,campus_10,loss3,Top 3,NDCG,0.36714,0.3703,0.003159999999999996,0.8607070872146855
XSimGCL,campus_10,loss3,Top 5,Hit Ratio,0.31012,0.30937,-0.0007500000000000284,-0.24184186766413918
XSimGCL,campus_10,loss3,Top 5,Precision,0.23013,0.22958,-0.0005499999999999949,-0.23899535045408898
XSimGCL,campus_10,loss3,Top 5,Recall,0.38713,0.38621,-0.0009199999999999764,-0.23764626869526426
XSimGCL,campus_10,loss3,Top 5,NDCG,0.38456,0.38629,0.0017300000000000093,0.4498647805283985
XSimGCL,campus_10,loss3,Top 10,Hit Ratio,0.44372,0.44469,0.0009699999999999709,0.21860632831514712
XSimGCL,campus_10,loss3,Top 10,Precision,0.16464,0.165,0.0003599999999999992,0.21865889212827938
XSimGCL,campus_10,loss3,Top 10,Recall,0.50002,0.50154,0.0015199999999999658,0.3039878404863737
XSimGCL,campus_10,loss3,Top 10,NDCG,0.41749,0.42012,0.0026299999999999657,0.62995520850798
XSimGCL,campus_10,loss3,Top 20,Hit Ratio,0.58076,0.58113,0.00036999999999998145,0.06370962187478156
XSimGCL,campus_10,loss3,Top 20,Precision,0.10774,0.10781,7.000000000000062e-05,0.06497122702803101
XSimGCL,campus_10,loss3,Top 20,Recall,0.605,0.60326,-0.0017399999999999638,-0.287603305785118
XSimGCL,campus_10,loss3,Top 20,NDCG,0.45404,0.45577,0.0017300000000000093,0.3810236983525701
XSimGCL,campus_10,loss4,Top 3,Hit Ratio,0.22675,0.21824,-0.008510000000000018,-3.7530319735391475
XSimGCL,campus_10,loss4,Top 3,Precision,0.28044,0.26992,-0.01052000000000003,-3.751248038796188
XSimGCL,campus_10,loss4,Top 3,Recall,0.30411,0.29456,-0.009550000000000003,-3.140311071651706
XSimGCL,campus_10,loss4,Top 3,NDCG,0.36714,0.35258,-0.014560000000000017,-3.9657896170398255
XSimGCL,campus_10,loss4,Top 5,Hit Ratio,0.31012,0.29937,-0.010749999999999982,-3.466400103185858
XSimGCL,campus_10,loss4,Top 5,Precision,0.23013,0.22215,-0.007980000000000015,-3.467605266588456
XSimGCL,campus_10,loss4,Top 5,Recall,0.38713,0.37687,-0.010259999999999991,-2.6502725182755125
XSimGCL,campus_10,loss4,Top 5,NDCG,0.38456,0.37105,-0.013510000000000022,-3.5131058872477694
XSimGCL,campus_10,loss4,Top 10,Hit Ratio,0.44372,0.4326,-0.011120000000000019,-2.506084918417024
XSimGCL,campus_10,loss4,Top 10,Precision,0.16464,0.16051,-0.004129999999999995,-2.508503401360541
XSimGCL,campus_10,loss4,Top 10,Recall,0.50002,0.48875,-0.011270000000000002,-2.253909843606256
XSimGCL,campus_10,loss4,Top 10,NDCG,0.41749,0.40493,-0.012560000000000016,-3.0084552923423353
XSimGCL,campus_10,loss4,Top 20,Hit Ratio,0.58076,0.56986,-0.01090000000000002,-1.8768510227977167
XSimGCL,campus_10,loss4,Top 20,Precision,0.10774,0.10572,-0.002020000000000008,-1.8748839799517432
XSimGCL,campus_10,loss4,Top 20,Recall,0.605,0.59708,-0.007919999999999927,-1.309090909090897
XSimGCL,campus_10,loss4,Top 20,NDCG,0.45404,0.44264,-0.011400000000000021,-2.5107920007047886
XSimGCL,campus_10,loss5,Top 3,Hit Ratio,0.22675,0.23078,0.004030000000000006,1.777287761852263
XSimGCL,campus_10,loss5,Top 3,Precision,0.28044,0.28542,0.0049799999999999844,1.7757809157038882
XSimGCL,campus_10,loss5,Top 3,Recall,0.30411,0.30783,0.003720000000000001,1.2232415902140676
XSimGCL,campus_10,loss5,Top 3,NDCG,0.36714,0.37257,0.00542999999999999,1.478999836574601
XSimGCL,campus_10,loss5,Top 5,Hit Ratio,0.31012,0.31079,0.0006700000000000039,0.2160454017799574
XSimGCL,campus_10,loss5,Top 5,Precision,0.23013,0.23063,0.0005000000000000004,0.21726850041281034
XSimGCL,campus_10,loss5,Top 5,Recall,0.38713,0.38943,0.0023000000000000242,0.5941156717381821
XSimGCL,campus_10,loss5,Top 5,NDCG,0.38456,0.38768,0.0031200000000000117,0.8113168296234688
XSimGCL,campus_10,loss5,Top 10,Hit Ratio,0.44372,0.4432,-0.0005200000000000204,-0.11719102136482928
XSimGCL,campus_10,loss5,Top 10,Precision,0.16464,0.16444,-0.00020000000000000573,-0.1214771622934923
XSimGCL,campus_10,loss5,Top 10,Recall,0.50002,0.49798,-0.0020400000000000418,-0.4079836806527823
XSimGCL,campus_10,loss5,Top 10,NDCG,0.41749,0.41883,0.0013399999999999523,0.3209657716352373
XSimGCL,campus_10,loss5,Top 20,Hit Ratio,0.58076,0.57852,-0.0022400000000000198,-0.38570149459329495
XSimGCL,campus_10,loss5,Top 20,Precision,0.10774,0.10732,-0.0004200000000000037,-0.3898273621681861
XSimGCL,campus_10,loss5,Top 20,Recall,0.605,0.60063,-0.004369999999999985,-0.7223140495867744
XSimGCL,campus_10,loss5,Top 20,NDCG,0.45404,0.45458,0.0005399999999999849,0.11893225266496012
XSimGCL,campus_102,loss1,Top 3,Hit Ratio,0.22361,0.21433,-0.00928000000000001,-4.150082733330356
XSimGCL,campus_102,loss1,Top 3,Precision,0.2459,0.23569,-0.010209999999999997,-4.152094347295647
XSimGCL,campus_102,loss1,Top 3,Recall,0.29131,0.28567,-0.005640000000000034,-1.9360818372180955
XSimGCL,campus_102,loss1,Top 3,NDCG,0.33338,0.32065,-0.012730000000000019,-3.8184654148419277
XSimGCL,campus_102,loss1,Top 5,Hit Ratio,0.30523,0.2949,-0.010330000000000006,-3.384333125839533
XSimGCL,campus_102,loss1,Top 5,Precision,0.20139,0.19457,-0.0068200000000000205,-3.3864640746809775
XSimGCL,campus_102,loss1,Top 5,Recall,0.37738,0.36792,-0.009459999999999968,-2.5067571148444454
XSimGCL,campus_102,loss1,Top 5,NDCG,0.35396,0.34192,-0.012039999999999995,-3.4015142954006086
XSimGCL,campus_102,loss1,Top 10,Hit Ratio,0.43182,0.42226,-0.009559999999999957,-2.2138854152192944
XSimGCL,campus_102,loss1,Top 10,Precision,0.14246,0.1393,-0.003159999999999996,-2.218166502877998
XSimGCL,campus_102,loss1,Top 10,Recall,0.49426,0.48532,-0.008940000000000003,-1.808764617812488
XSimGCL,campus_102,loss1,Top 10,NDCG,0.39358,0.38307,-0.010509999999999964,-2.670359266222868
XSimGCL,campus_102,loss1,Top 20,Hit Ratio,0.55842,0.55344,-0.0049799999999999844,-0.8918018695605431
XSimGCL,campus_102,loss1,Top 20,Precision,0.09211,0.09129,-0.0008200000000000013,-0.8902399305178604
XSimGCL,campus_102,loss1,Top 20,Recall,0.59021,0.5949,0.004689999999999972,0.7946324189695146
XSimGCL,campus_102,loss1,Top 20,NDCG,0.42943,0.4227,-0.006729999999999958,-1.5671937219104297
XSimGCL,campus_102,loss2,Top 3,Hit Ratio,0.22361,0.22256,-0.0010499999999999954,-0.4695675506462123
XSimGCL,campus_102,loss2,Top 3,Precision,0.2459,0.24474,-0.0011599999999999944,-0.471736478243186
XSimGCL,campus_102,loss2,Top 3,Recall,0.29131,0.28941,-0.0019000000000000128,-0.6522261508358836
XSimGCL,campus_102,loss2,Top 3,NDCG,0.33338,0.33215,-0.0012300000000000089,-0.36894834723139025
XSimGCL,campus_102,loss2,Top 5,Hit Ratio,0.30523,0.30303,-0.0021999999999999797,-0.7207679454837269
XSimGCL,campus_102,loss2,Top 5,Precision,0.20139,0.19994,-0.0014500000000000068,-0.7199960276081269
XSimGCL,campus_102,loss2,Top 5,Recall,0.37738,0.37633,-0.0010499999999999954,-0.2782341406539815
XSimGCL,campus_102,loss2,Top 5,NDCG,0.35396,0.35272,-0.0012400000000000189,-0.3503220702904336
XSimGCL,campus_102,loss2,Top 10,Hit Ratio,0.43182,0.43259,0.0007699999999999929,0.17831503867351972
XSimGCL,campus_102,loss2,Top 10,Precision,0.14246,0.14271,0.0002500000000000002,0.17548785624034832
XSimGCL,campus_102,loss2,Top 10,Recall,0.49426,0.49414,-0.00011999999999995348,-0.024278719702171627
XSimGCL,campus_102,loss2,Top 10,NDCG,0.39358,0.39373,0.000150000000000039,0.038111692667320236
XSimGCL,campus_102,loss2,Top 20,Hit Ratio,0.55842,0.56291,0.004489999999999994,0.8040542960495674
XSimGCL,campus_102,loss2,Top 20,Precision,0.09211,0.09285,0.0007400000000000045,0.8033872543697803
XSimGCL,campus_102,loss2,Top 20,Recall,0.59021,0.60156,0.011349999999999971,1.923044340150111
XSimGCL,campus_102,loss2,Top 20,NDCG,0.42943,0.43268,0.0032500000000000306,0.7568171762569058
XSimGCL,campus_102,loss3,Top 3,Hit Ratio,0.22361,0.224,0.00039000000000000146,0.17441080452573743
XSimGCL,campus_102,loss3,Top 3,Precision,0.2459,0.24632,0.0004200000000000037,0.1708011386742593
XSimGCL,campus_102,loss3,Top 3,Recall,0.29131,0.29297,0.0016599999999999948,0.5698396896776612
XSimGCL,campus_102,loss3,Top 3,NDCG,0.33338,0.33439,0.0010100000000000109,0.30295758593797195
XSimGCL,campus_102,loss3,Top 5,Hit Ratio,0.30523,0.306,0.0007699999999999929,0.25226878091930444
XSimGCL,campus_102,loss3,Top 5,Precision,0.20139,0.20189,0.0004999999999999727,0.24827449227864973
XSimGCL,campus_102,loss3,Top 5,Recall,0.37738,0.381,0.003620000000000012,0.9592453230165913
XSimGCL,campus_102,loss3,Top 5,NDCG,0.35396,0.35547,0.0015100000000000113,0.42660187591818605
XSimGCL,campus_102,loss3,Top 10,Hit Ratio,0.43182,0.43221,0.00039000000000000146,0.09031540919827741
XSimGCL,campus_102,loss3,Top 10,Precision,0.14246,0.14258,0.00012000000000000899,0.08423417099537343
XSimGCL,campus_102,loss3,Top 10,Recall,0.49426,0.49545,0.0011900000000000244,0.2407639703799669
XSimGCL,campus_102,loss3,Top 10,NDCG,0.39358,0.39446,0.0008799999999999919,0.2235885969815519
XSimGCL,campus_102,loss3,Top 20,Hit Ratio,0.55842,0.56167,0.003249999999999975,0.5819992120626007
XSimGCL,campus_102,loss3,Top 20,Precision,0.09211,0.09265,0.0005399999999999988,0.5862555639995645
XSimGCL,campus_102,loss3,Top 20,Recall,0.59021,0.60041,0.010199999999999987,1.7281984378441548
XSimGCL,campus_102,loss3,Top 20,NDCG,0.42943,0.43279,0.0033600000000000296,0.7824325268379083
XSimGCL,campus_102,loss4,Top 3,Hit Ratio,0.22361,0.21567,-0.007940000000000003,-3.5508250972675652
XSimGCL,campus_102,loss4,Top 3,Precision,0.2459,0.23716,-0.008739999999999998,-3.5542903619357453
XSimGCL,campus_102,loss4,Top 3,Recall,0.29131,0.28442,-0.006890000000000007,-2.3651779890837963
XSimGCL,campus_102,loss4,Top 3,NDCG,0.33338,0.32158,-0.011800000000000033,-3.539504469374297
XSimGCL,campus_102,loss4,Top 5,Hit Ratio,0.30523,0.29461,-0.010620000000000018,-3.4793434459260286
XSimGCL,campus_102,loss4,Top 5,Precision,0.20139,0.19438,-0.007010000000000016,-3.480808381746867
XSimGCL,campus_102,loss4,Top 5,Recall,0.37738,0.37081,-0.00657000000000002,-1.7409507658063545
XSimGCL,campus_102,loss4,Top 5,NDCG,0.35396,0.34306,-0.01090000000000002,-3.079444004972319
XSimGCL,campus_102,loss4,Top 10,Hit Ratio,0.43182,0.42053,-0.011289999999999967,-2.6145153073039618
XSimGCL,campus_102,loss4,Top 10,Precision,0.14246,0.13873,-0.003730000000000011,-2.6182788151060024
XSimGCL,campus_102,loss4,Top 10,Recall,0.49426,0.48567,-0.008589999999999987,-1.73795168534779
XSimGCL,campus_102,loss4,Top 10,NDCG,0.39358,0.38311,-0.01046999999999998,-2.660196148178256
XSimGCL,campus_102,loss4,Top 20,Hit Ratio,0.55842,0.55095,-0.007469999999999977,-1.3377028043408143
XSimGCL,campus_102,loss4,Top 20,Precision,0.09211,0.09088,-0.001229999999999995,-1.3353598957767832
XSimGCL,campus_102,loss4,Top 20,Recall,0.59021,0.59268,0.0024699999999999722,0.4184951119093157
XSimGCL,campus_102,loss4,Top 20,NDCG,0.42943,0.42212,-0.007309999999999983,-1.702256479519359
XSimGCL,campus_102,loss5,Top 3,Hit Ratio,0.22361,0.22409,0.0004800000000000082,0.21465945172398737
XSimGCL,campus_102,loss5,Top 3,Precision,0.2459,0.24642,0.0005199999999999927,0.21146807645384003
XSimGCL,campus_102,loss5,Top 3,Recall,0.29131,0.29434,0.003029999999999977,1.0401290721224734
XSimGCL,campus_102,loss5,Top 3,NDCG,0.33338,0.33443,0.0010499999999999954,0.31495590617313435
XSimGCL,campus_102,loss5,Top 5,Hit Ratio,0.30523,0.30466,-0.0005700000000000149,-0.18674442223897222
XSimGCL,campus_102,loss5,Top 5,Precision,0.20139,0.20101,-0.0003800000000000192,-0.18868861413179364
XSimGCL,campus_102,loss5,Top 5,Recall,0.37738,0.37856,0.0011800000000000144,0.3126821771159082
XSimGCL,campus_102,loss5,Top 5,NDCG,0.35396,0.3541,0.000140000000000029,0.03955249180699203
XSimGCL,campus_102,loss5,Top 10,Hit Ratio,0.43182,0.43182,0.0,0.0
XSimGCL,campus_102,loss5,Top 10,Precision,0.14246,0.14246,0.0,0.0
XSimGCL,campus_102,loss5,Top 10,Recall,0.49426,0.49206,-0.0021999999999999797,-0.4451098612066483
XSimGCL,campus_102,loss5,Top 10,NDCG,0.39358,0.39317,-0.00040999999999996595,-0.10417195995730626
XSimGCL,campus_102,loss5,Top 20,Hit Ratio,0.55842,0.55574,-0.0026800000000000157,-0.47992550410085877
XSimGCL,campus_102,loss5,Top 20,Precision,0.09211,0.09167,-0.00043999999999999595,-0.47768971881445654
XSimGCL,campus_102,loss5,Top 20,Recall,0.59021,0.5903,9.00000000000345e-05,0.015248809745689585
XSimGCL,campus_102,loss5,Top 20,NDCG,0.42943,0.42929,-0.00013999999999997348,-0.03260135528490638
XSimGCL,campus_143,loss1,Top 3,Hit Ratio,0.496,0.48954,-0.006460000000000021,-1.302419354838714
XSimGCL,campus_143,loss1,Top 3,Precision,0.28294,0.27925,-0.0036900000000000266,-1.3041634268749651
XSimGCL,campus_143,loss1,Top 3,Recall,0.5591,0.55269,-0.006410000000000027,-1.1464854230012569
XSimGCL,campus_143,loss1,Top 3,NDCG,0.52406,0.51517,-0.008889999999999953,-1.6963706445826725
XSimGCL,campus_143,loss1,Top 5,Hit Ratio,0.60062,0.59675,-0.00387000000000004,-0.644334188005734
XSimGCL,campus_143,loss1,Top 5,Precision,0.20557,0.20424,-0.0013299999999999979,-0.6469815634577019
XSimGCL,campus_143,loss1,Top 5,Recall,0.64789,0.64643,-0.0014600000000000168,-0.2253468953063046
XSimGCL,campus_143,loss1,Top 5,NDCG,0.55928,0.55263,-0.006650000000000045,-1.1890287512516173
XSimGCL,campus_143,loss1,Top 10,Hit Ratio,0.70369,0.70989,0.006199999999999983,0.8810697892537883
XSimGCL,campus_143,loss1,Top 10,Precision,0.12042,0.12149,0.0010700000000000015,0.888556718153132
XSimGCL,campus_143,loss1,Top 10,Recall,0.7273,0.73647,0.009170000000000011,1.2608277189605408
XSimGCL,campus_143,loss1,Top 10,NDCG,0.58972,0.58669,-0.003029999999999977,-0.5138031608220812
XSimGCL,campus_143,loss1,Top 20,Hit Ratio,0.77344,0.77887,0.005429999999999935,0.7020583367811253
XSimGCL,campus_143,loss1,Top 20,Precision,0.06618,0.06664,0.0004600000000000021,0.6950740404956212
XSimGCL,campus_143,loss1,Top 20,Recall,0.78279,0.79158,0.008789999999999965,1.1229065266546538
XSimGCL,campus_143,loss1,Top 20,NDCG,0.60637,0.60364,-0.00273000000000001,-0.4502201626069908
XSimGCL,campus_143,loss2,Top 3,Hit Ratio,0.496,0.49677,0.0007699999999999929,0.15524193548386953
XSimGCL,campus_143,loss2,Top 3,Precision,0.28294,0.28338,0.00043999999999999595,0.1555100021205895
XSimGCL,campus_143,loss2,Top 3,Recall,0.5591,0.55993,0.0008299999999999974,0.14845287068502905
XSimGCL,campus_143,loss2,Top 3,NDCG,0.52406,0.51835,-0.005709999999999993,-1.0895698965767264
XSimGCL,campus_143,loss2,Top 5,Hit Ratio,0.60062,0.59855,-0.0020700000000000163,-0.3446438680030662
XSimGCL,campus_143,loss2,Top 5,Precision,0.20557,0.20486,-0.0007100000000000162,-0.3453811353796839
XSimGCL,campus_143,loss2,Top 5,Recall,0.64789,0.64947,0.0015800000000000258,0.24386855793422121
XSimGCL,campus_143,loss2,Top 5,NDCG,0.55928,0.5536,-0.005680000000000018,-1.0155914747532575
XSimGCL,campus_143,loss2,Top 10,Hit Ratio,0.70369,0.70008,-0.003610000000000002,-0.5130099901945462
XSimGCL,campus_143,loss2,Top 10,Precision,0.12042,0.11981,-0.0006099999999999994,-0.5065603720312236
XSimGCL,campus_143,loss2,Top 10,Recall,0.7273,0.72493,-0.0023699999999999832,-0.32586278014574227
XSimGCL,campus_143,loss2,Top 10,NDCG,0.58972,0.58281,-0.006909999999999972,-1.1717425218747832
XSimGCL,campus_143,loss2,Top 20,Hit Ratio,0.77344,0.7582,-0.015240000000000031,-1.9704178733967768
XSimGCL,campus_143,loss2,Top 20,Precision,0.06618,0.06488,-0.0013000000000000095,-1.9643396796615433
XSimGCL,campus_143,loss2,Top 20,Recall,0.78279,0.76472,-0.01807000000000003,-2.30840966287255
XSimGCL,campus_143,loss2,Top 20,NDCG,0.60637,0.59584,-0.010529999999999928,-1.736563484341232
XSimGCL,campus_143,loss3,Top 3,Hit Ratio,0.496,0.49884,0.002840000000000009,0.5725806451612921
XSimGCL,campus_143,loss3,Top 3,Precision,0.28294,0.28456,0.0016199999999999548,0.5725595532621597
XSimGCL,campus_143,loss3,Top 3,Recall,0.5591,0.56186,0.0027599999999999847,0.4936505097478062
XSimGCL,campus_143,loss3,Top 3,NDCG,0.52406,0.52374,-0.00031999999999998696,-0.06106171049116265
XSimGCL,campus_143,loss3,Top 5,Hit Ratio,0.60062,0.60243,0.0018099999999999783,0.30135526622489733
XSimGCL,campus_143,loss3,Top 5,Precision,0.20557,0.20619,0.0006200000000000094,0.30160042807803156
XSimGCL,campus_143,loss3,Top 5,Recall,0.64789,0.64821,0.00031999999999998696,0.049391100341105276
XSimGCL,campus_143,loss3,Top 5,NDCG,0.55928,0.55807,-0.0012100000000000444,-0.21634959233300752
XSimGCL,campus_143,loss3,Top 10,Hit Ratio,0.70369,0.70602,0.0023299999999999432,0.3311117111227875
XSimGCL,campus_143,loss3,Top 10,Precision,0.12042,0.12082,0.0003999999999999976,0.3321707357581777
XSimGCL,campus_143,loss3,Top 10,Recall,0.7273,0.72761,0.00031000000000003247,0.04262340162244363
XSimGCL,campus_143,loss3,Top 10,NDCG,0.58972,0.58846,-0.0012600000000000389,-0.21366072034186373
XSimGCL,campus_143,loss3,Top 20,Hit Ratio,0.77344,0.78352,0.010079999999999978,1.3032685146876264
XSimGCL,campus_143,loss3,Top 20,Precision,0.06618,0.06704,0.0008599999999999997,1.299486249622242
XSimGCL,campus_143,loss3,Top 20,Recall,0.78279,0.79693,0.014140000000000041,1.8063593045388984
XSimGCL,campus_143,loss3,Top 20,NDCG,0.60637,0.60901,0.0026400000000000867,0.43537773966391585
XSimGCL,campus_143,loss4,Top 3,Hit Ratio,0.496,0.48127,-0.01473000000000002,-2.969758064516133
XSimGCL,campus_143,loss4,Top 3,Precision,0.28294,0.27454,-0.008400000000000019,-2.9688273132112877
XSimGCL,campus_143,loss4,Top 3,Recall,0.5591,0.54767,-0.011430000000000051,-2.0443570023251745
XSimGCL,campus_143,loss4,Top 3,NDCG,0.52406,0.50499,-0.01906999999999992,-3.638896309582857
XSimGCL,campus_143,loss4,Top 5,Hit Ratio,0.60062,0.58564,-0.014979999999999993,-2.494089440911057
XSimGCL,campus_143,loss4,Top 5,Precision,0.20557,0.20044,-0.005129999999999996,-2.4955003161939953
XSimGCL,campus_143,loss4,Top 5,Recall,0.64789,0.63719,-0.010699999999999932,-1.6515149176557644
XSimGCL,campus_143,loss4,Top 5,NDCG,0.55928,0.54132,-0.017959999999999976,-3.211271634959229
XSimGCL,campus_143,loss4,Top 10,Hit Ratio,0.70369,0.7024,-0.0012900000000000134,-0.18331935937700028
XSimGCL,campus_143,loss4,Top 10,Precision,0.12042,0.1202,-0.00021999999999999797,-0.18269390466699717
XSimGCL,campus_143,loss4,Top 10,Recall,0.7273,0.73047,0.003170000000000006,0.4358586553004271
XSimGCL,campus_143,loss4,Top 10,NDCG,0.58972,0.57693,-0.012789999999999968,-2.168825883470116
XSimGCL,campus_143,loss4,Top 20,Hit Ratio,0.77344,0.7706,-0.0028400000000000647,-0.3671907323127928
XSimGCL,campus_143,loss4,Top 20,Precision,0.06618,0.06594,-0.0002400000000000041,-0.36264732547598083
XSimGCL,campus_143,loss4,Top 20,Recall,0.78279,0.78102,-0.0017699999999999383,-0.22611428352430898
XSimGCL,campus_143,loss4,Top 20,NDCG,0.60637,0.59287,-0.013499999999999956,-2.226363441463126
XSimGCL,campus_143,loss5,Top 3,Hit Ratio,0.496,0.49884,0.002840000000000009,0.5725806451612921
XSimGCL,campus_143,loss5,Top 3,Precision,0.28294,0.28456,0.0016199999999999548,0.5725595532621597
XSimGCL,campus_143,loss5,Top 3,Recall,0.5591,0.56121,0.0021099999999999453,0.3773922375245833
XSimGCL,campus_143,loss5,Top 3,NDCG,0.52406,0.52543,0.0013699999999999823,0.26142044804029735
XSimGCL,campus_143,loss5,Top 5,Hit Ratio,0.60062,0.60294,0.0023199999999999887,0.38626752355898714
XSimGCL,campus_143,loss5,Top 5,Precision,0.20557,0.20637,0.0007999999999999952,0.38916184268132276
XSimGCL,campus_143,loss5,Top 5,Recall,0.64789,0.65047,0.0025800000000000267,0.39821574650018166
XSimGCL,campus_143,loss5,Top 5,NDCG,0.55928,0.56074,0.0014600000000000168,0.261049921327424
XSimGCL,campus_143,loss5,Top 10,Hit Ratio,0.70369,0.7055,0.0018099999999999783,0.2572155352498939
XSimGCL,campus_143,loss5,Top 10,Precision,0.12042,0.12073,0.0003100000000000047,0.25743232021259316
XSimGCL,campus_143,loss5,Top 10,Recall,0.7273,0.72989,0.0025900000000000922,0.3561116458132947
XSimGCL,campus_143,loss5,Top 10,NDCG,0.58972,0.59128,0.0015600000000000058,0.2645323204232527
XSimGCL,campus_143,loss5,Top 20,Hit Ratio,0.77344,0.76595,-0.007489999999999997,-0.9684009102192797
XSimGCL,campus_143,loss5,Top 20,Precision,0.06618,0.06554,-0.0006400000000000017,-0.9670595346026014
XSimGCL,campus_143,loss5,Top 20,Recall,0.78279,0.77439,-0.008399999999999963,-1.0730847353696347
XSimGCL,campus_143,loss5,Top 20,NDCG,0.60637,0.60546,-0.0009099999999999664,-0.15007338753565752
XSimGCL,campus_15,loss1,Top 3,Hit Ratio,0.14577,0.14926,0.003489999999999993,2.3941826164505677
XSimGCL,campus_15,loss1,Top 3,Precision,0.23544,0.24106,0.005619999999999986,2.3870200475705006
XSimGCL,campus_15,loss1,Top 3,Recall,0.27527,0.24094,-0.03433000000000003,-12.471391724488692
XSimGCL,campus_15,loss1,Top 3,NDCG,0.32522,0.31869,-0.006530000000000036,-2.0078715946128884
XSimGCL,campus_15,loss1,Top 5,Hit Ratio,0.21229,0.21622,0.003929999999999989,1.8512412266239526
XSimGCL,campus_15,loss1,Top 5,Precision,0.20572,0.20953,0.003810000000000008,1.852031888003115
XSimGCL,campus_15,loss1,Top 5,Recall,0.35352,0.3123,-0.04121999999999998,-11.659877800407326
XSimGCL,campus_15,loss1,Top 5,NDCG,0.35266,0.33708,-0.015579999999999983,-4.417852889468605
XSimGCL,campus_15,loss1,Top 10,Hit Ratio,0.33929,0.34691,0.007620000000000016,2.245866368003777
XSimGCL,campus_15,loss1,Top 10,Precision,0.1644,0.16809,0.003689999999999999,2.244525547445255
XSimGCL,campus_15,loss1,Top 10,Recall,0.46065,0.42509,-0.03555999999999998,-7.71952675567133
XSimGCL,campus_15,loss1,Top 10,NDCG,0.38409,0.36216,-0.021930000000000005,-5.709599312661096
XSimGCL,campus_15,loss1,Top 20,Hit Ratio,0.50211,0.51322,0.011110000000000064,2.2126625639800177
XSimGCL,campus_15,loss1,Top 20,Precision,0.12164,0.12433,0.002689999999999998,2.2114436040776044
XSimGCL,campus_15,loss1,Top 20,Recall,0.56171,0.54322,-0.018490000000000006,-3.2917341688771793
XSimGCL,campus_15,loss1,Top 20,NDCG,0.41761,0.39735,-0.02026,-4.851416393285602
XSimGCL,campus_15,loss2,Top 3,Hit Ratio,0.14577,0.15487,0.009099999999999997,6.242711120257938
XSimGCL,campus_15,loss2,Top 3,Precision,0.23544,0.25013,0.014690000000000009,6.239381583418284
XSimGCL,campus_15,loss2,Top 3,Recall,0.27527,0.24606,-0.029210000000000014,-10.611399716641847
XSimGCL,campus_15,loss2,Top 3,NDCG,0.32522,0.33054,0.005319999999999991,1.6358157554885895
XSimGCL,campus_15,loss2,Top 5,Hit Ratio,0.21229,0.22278,0.01049,4.941353808469546
XSimGCL,campus_15,loss2,Top 5,Precision,0.20572,0.21589,0.010170000000000012,4.943612677425634
XSimGCL,campus_15,loss2,Top 5,Recall,0.35352,0.31697,-0.03655000000000003,-10.338877574111798
XSimGCL,campus_15,loss2,Top 5,NDCG,0.35266,0.34717,-0.005489999999999995,-1.5567402030284112
XSimGCL,campus_15,loss2,Top 10,Hit Ratio,0.33929,0.35478,0.015490000000000004,4.565416015797696
XSimGCL,campus_15,loss2,Top 10,Precision,0.1644,0.1719,0.007500000000000007,4.5620437956204425
XSimGCL,campus_15,loss2,Top 10,Recall,0.46065,0.42955,-0.031100000000000017,-6.751329642895912
XSimGCL,campus_15,loss2,Top 10,NDCG,0.38409,0.37079,-0.013299999999999979,-3.462730089301981
XSimGCL,campus_15,loss2,Top 20,Hit Ratio,0.50211,0.51707,0.014960000000000084,2.9794268188245776
XSimGCL,campus_15,loss2,Top 20,Precision,0.12164,0.12527,0.0036299999999999943,2.984215718513642
XSimGCL,campus_15,loss2,Top 20,Recall,0.56171,0.54573,-0.015979999999999994,-2.8448843709387392
XSimGCL,campus_15,loss2,Top 20,NDCG,0.41761,0.40423,-0.013380000000000003,-3.2039462656545585
XSimGCL,campus_15,loss3,Top 3,Hit Ratio,0.14577,0.15483,0.009059999999999985,6.215270631817235
XSimGCL,campus_15,loss3,Top 3,Precision,0.23544,0.25007,0.014630000000000004,6.213897383622156
XSimGCL,campus_15,loss3,Top 3,Recall,0.27527,0.249,-0.026270000000000016,-9.543357430886044
XSimGCL,campus_15,loss3,Top 3,NDCG,0.32522,0.33162,0.006400000000000017,1.9678986532193643
XSimGCL,campus_15,loss3,Top 5,Hit Ratio,0.21229,0.22204,0.009749999999999981,4.592774035517444
XSimGCL,campus_15,loss3,Top 5,Precision,0.20572,0.21517,0.009450000000000014,4.593622399377803
XSimGCL,campus_15,loss3,Top 5,Recall,0.35352,0.31768,-0.03583999999999998,-10.138040280606466
XSimGCL,campus_15,loss3,Top 5,NDCG,0.35266,0.3476,-0.005059999999999953,-1.4348097317529502
XSimGCL,campus_15,loss3,Top 10,Hit Ratio,0.33929,0.35396,0.014670000000000016,4.323734858086008
XSimGCL,campus_15,loss3,Top 10,Precision,0.1644,0.17151,0.007110000000000005,4.324817518248179
XSimGCL,campus_15,loss3,Top 10,Recall,0.46065,0.42823,-0.032420000000000004,-7.037881254748725
XSimGCL,campus_15,loss3,Top 10,NDCG,0.38409,0.37086,-0.013229999999999964,-3.4445051940951243
XSimGCL,campus_15,loss3,Top 20,Hit Ratio,0.50211,0.52129,0.019180000000000086,3.819880105952896
XSimGCL,campus_15,loss3,Top 20,Precision,0.12164,0.12629,0.004650000000000015,3.822755672476172
XSimGCL,campus_15,loss3,Top 20,Recall,0.56171,0.54881,-0.012900000000000023,-2.296558722472454
XSimGCL,campus_15,loss3,Top 20,NDCG,0.41761,0.40627,-0.011339999999999961,-2.7154522161825536
XSimGCL,campus_15,loss4,Top 3,Hit Ratio,0.14577,0.14958,0.00380999999999998,2.613706523976113
XSimGCL,campus_15,loss4,Top 3,Precision,0.23544,0.24159,0.006149999999999989,2.6121304791029516
XSimGCL,campus_15,loss4,Top 3,Recall,0.27527,0.24097,-0.034300000000000025,-12.460493333817714
XSimGCL,campus_15,loss4,Top 3,NDCG,0.32522,0.32014,-0.005080000000000029,-1.5620195559928753
XSimGCL,campus_15,loss4,Top 5,Hit Ratio,0.21229,0.21561,0.0033199999999999896,1.5638984408120917
XSimGCL,campus_15,loss4,Top 5,Precision,0.20572,0.20894,0.0032200000000000006,1.5652342990472492
XSimGCL,campus_15,loss4,Top 5,Recall,0.35352,0.31156,-0.04196,-11.869201176736818
XSimGCL,campus_15,loss4,Top 5,NDCG,0.35266,0.33731,-0.015349999999999975,-4.352634265298014
XSimGCL,campus_15,loss4,Top 10,Hit Ratio,0.33929,0.34634,0.007050000000000001,2.077868490082231
XSimGCL,campus_15,loss4,Top 10,Precision,0.1644,0.16781,0.0034099999999999964,2.0742092457420904
XSimGCL,campus_15,loss4,Top 10,Recall,0.46065,0.42561,-0.035040000000000016,-7.606642787365682
XSimGCL,campus_15,loss4,Top 10,NDCG,0.38409,0.36279,-0.021299999999999986,-5.5455752557994185
XSimGCL,campus_15,loss4,Top 20,Hit Ratio,0.50211,0.51215,0.010040000000000049,1.9995618489972418
XSimGCL,campus_15,loss4,Top 20,Precision,0.12164,0.12408,0.0024399999999999977,2.0059191055573806
XSimGCL,campus_15,loss4,Top 20,Recall,0.56171,0.54651,-0.015199999999999991,-2.70602268074273
XSimGCL,campus_15,loss4,Top 20,NDCG,0.41761,0.39853,-0.019079999999999986,-4.5688561097674825
XSimGCL,campus_15,loss5,Top 3,Hit Ratio,0.14577,0.15565,0.00988,6.777800644851478
XSimGCL,campus_15,loss5,Top 3,Precision,0.23544,0.25139,0.015949999999999992,6.774549779136932
XSimGCL,campus_15,loss5,Top 3,Recall,0.27527,0.25094,-0.02433000000000002,-8.838594834162828
XSimGCL,campus_15,loss5,Top 3,NDCG,0.32522,0.33327,0.008050000000000002,2.4752475247524757
XSimGCL,campus_15,loss5,Top 5,Hit Ratio,0.21229,0.22233,0.010039999999999993,4.729379622214892
XSimGCL,campus_15,loss5,Top 5,Precision,0.20572,0.21545,0.009730000000000016,4.729729729729739
XSimGCL,campus_15,loss5,Top 5,Recall,0.35352,0.31783,-0.03569,-10.09560986648563
XSimGCL,campus_15,loss5,Top 5,NDCG,0.35266,0.34814,-0.0045199999999999685,-1.2816877445698318
XSimGCL,campus_15,loss5,Top 10,Hit Ratio,0.33929,0.35449,0.015200000000000047,4.479943411241135
XSimGCL,campus_15,loss5,Top 10,Precision,0.1644,0.17176,0.007360000000000005,4.47688564476886
XSimGCL,campus_15,loss5,Top 10,Recall,0.46065,0.43119,-0.029459999999999986,-6.395310973624224
XSimGCL,campus_15,loss5,Top 10,NDCG,0.38409,0.37221,-0.011880000000000002,-3.0930250722486923
XSimGCL,campus_15,loss5,Top 20,Hit Ratio,0.50211,0.51895,0.016840000000000077,3.3538467666447747
XSimGCL,campus_15,loss5,Top 20,Precision,0.12164,0.12572,0.00408,3.35415981585005
XSimGCL,campus_15,loss5,Top 20,Recall,0.56171,0.54792,-0.01379000000000008,-2.455003471542269
XSimGCL,campus_15,loss5,Top 20,NDCG,0.41761,0.40613,-0.01147999999999999,-2.748976317616913
XSimGCL,campus_34,loss1,Top 3,Hit Ratio,0.37506,0.36735,-0.007709999999999995,-2.0556710926251784
XSimGCL,campus_34,loss1,Top 3,Precision,0.23213,0.22736,-0.0047699999999999965,-2.0548830396760422
XSimGCL,campus_34,loss1,Top 3,Recall,0.43524,0.43,-0.005240000000000022,-1.2039334619979831
XSimGCL,campus_34,loss1,Top 3,NDCG,0.40479,0.39521,-0.009579999999999977,-2.3666592554163834
XSimGCL,campus_34,loss1,Top 5,Hit Ratio,0.47486,0.46789,-0.006970000000000032,-1.4678010360948557
XSimGCL,campus_34,loss1,Top 5,Precision,0.17634,0.17375,-0.002590000000000009,-1.468753544289446
XSimGCL,campus_34,loss1,Top 5,Recall,0.52903,0.51981,-0.009220000000000006,-1.7428123168818415
XSimGCL,campus_34,loss1,Top 5,NDCG,0.44212,0.43201,-0.010110000000000008,-2.2867094906360284
XSimGCL,campus_34,loss1,Top 10,Hit Ratio,0.59333,0.58512,-0.00821000000000005,-1.383715638851912
XSimGCL,campus_34,loss1,Top 10,Precision,0.11017,0.10864,-0.0015300000000000036,-1.388762821094675
XSimGCL,campus_34,loss1,Top 10,Recall,0.62926,0.61836,-0.01090000000000002,-1.7321933699901502
XSimGCL,campus_34,loss1,Top 10,NDCG,0.47953,0.46896,-0.010570000000000024,-2.204241653285514
XSimGCL,campus_34,loss1,Top 20,Hit Ratio,0.66999,0.66501,-0.0049799999999999844,-0.7432946760399386
XSimGCL,campus_34,loss1,Top 20,Precision,0.0622,0.06174,-0.00045999999999999514,-0.739549839228288
XSimGCL,campus_34,loss1,Top 20,Recall,0.68789,0.68684,-0.0010499999999999954,-0.15264068383026289
XSimGCL,campus_34,loss1,Top 20,NDCG,0.4982,0.48993,-0.00827,-1.6599759132878362
XSimGCL,campus_34,loss2,Top 3,Hit Ratio,0.37506,0.36635,-0.008709999999999996,-2.3222950994507534
XSimGCL,campus_34,loss2,Top 3,Precision,0.23213,0.22674,-0.005390000000000006,-2.321974755524924
XSimGCL,campus_34,loss2,Top 3,Recall,0.43524,0.42696,-0.00828000000000001,-1.902398676592227
XSimGCL,campus_34,loss2,Top 3,NDCG,0.40479,0.39647,-0.008319999999999994,-2.055386743743668
XSimGCL,campus_34,loss2,Top 5,Hit Ratio,0.47486,0.47188,-0.0029799999999999827,-0.6275533841553264
XSimGCL,campus_34,loss2,Top 5,Precision,0.17634,0.17523,-0.0011099999999999999,-0.6294658046954745
XSimGCL,campus_34,loss2,Top 5,Recall,0.52903,0.52594,-0.003090000000000037,-0.5840878589116
XSimGCL,campus_34,loss2,Top 5,NDCG,0.44212,0.43705,-0.005070000000000019,-1.146747489369406
XSimGCL,campus_34,loss2,Top 10,Hit Ratio,0.59333,0.59134,-0.0019900000000000473,-0.3353951426693488
XSimGCL,campus_34,loss2,Top 10,Precision,0.11017,0.1098,-0.0003700000000000092,-0.3358446037941447
XSimGCL,campus_34,loss2,Top 10,Recall,0.62926,0.63062,0.0013599999999999168,0.21612687919141796
XSimGCL,campus_34,loss2,Top 10,NDCG,0.47953,0.47588,-0.0036499999999999866,-0.761161971096696
XSimGCL,campus_34,loss2,Top 20,Hit Ratio,0.66999,0.66575,-0.0042400000000000215,-0.6328452663472621
XSimGCL,campus_34,loss2,Top 20,Precision,0.0622,0.06181,-0.00039000000000000146,-0.6270096463022532
XSimGCL,campus_34,loss2,Top 20,Recall,0.68789,0.68974,0.0018500000000000183,0.2689383477009432
XSimGCL,campus_34,loss2,Top 20,NDCG,0.4982,0.4944,-0.00379999999999997,-0.7627458851866661
XSimGCL,campus_34,loss3,Top 3,Hit Ratio,0.37506,0.37108,-0.0039799999999999836,-1.0611635471657823
XSimGCL,campus_34,loss3,Top 3,Precision,0.23213,0.22967,-0.00245999999999999,-1.0597510015939302
XSimGCL,campus_34,loss3,Top 3,Recall,0.43524,0.43448,-0.0007600000000000384,-0.17461630364857053
XSimGCL,campus_34,loss3,Top 3,NDCG,0.40479,0.40283,-0.0019599999999999618,-0.48420168482422044
XSimGCL,campus_34,loss3,Top 5,Hit Ratio,0.47486,0.47088,-0.0039799999999999836,-0.8381417681000681
XSimGCL,campus_34,loss3,Top 5,Precision,0.17634,0.17486,-0.001480000000000009,-0.8392877395939713
XSimGCL,campus_34,loss3,Top 5,Recall,0.52903,0.52634,-0.00268999999999997,-0.5084777800880801
XSimGCL,campus_34,loss3,Top 5,NDCG,0.44212,0.43994,-0.0021800000000000153,-0.49307880213517036
XSimGCL,campus_34,loss3,Top 10,Hit Ratio,0.59333,0.59134,-0.0019900000000000473,-0.3353951426693488
XSimGCL,campus_34,loss3,Top 10,Precision,0.11017,0.1098,-0.0003700000000000092,-0.3358446037941447
XSimGCL,campus_34,loss3,Top 10,Recall,0.62926,0.62531,-0.003950000000000009,-0.6277214505927611
XSimGCL,campus_34,loss3,Top 10,NDCG,0.47953,0.47713,-0.0024000000000000132,-0.5004900631868733
XSimGCL,campus_34,loss3,Top 20,Hit Ratio,0.66999,0.67272,0.00273000000000001,0.40746876819057154
XSimGCL,campus_34,loss3,Top 20,Precision,0.0622,0.06245,0.0002500000000000002,0.4019292604501612
XSimGCL,campus_34,loss3,Top 20,Recall,0.68789,0.69174,0.00385000000000002,0.5596825073776359
XSimGCL,campus_34,loss3,Top 20,NDCG,0.4982,0.49748,-0.0007199999999999984,-0.14452027298273754
XSimGCL,campus_34,loss4,Top 3,Hit Ratio,0.37506,0.36137,-0.01368999999999998,-3.6500826534421105
XSimGCL,campus_34,loss4,Top 3,Precision,0.23213,0.22366,-0.008470000000000005,-3.648817472967736
XSimGCL,campus_34,loss4,Top 3,Recall,0.43524,0.42379,-0.011450000000000016,-2.63073246944215
XSimGCL,campus_34,loss4,Top 3,NDCG,0.40479,0.38805,-0.016739999999999977,-4.135477655080407
XSimGCL,campus_34,loss4,Top 5,Hit Ratio,0.47486,0.46541,-0.009450000000000014,-1.990060228277811
XSimGCL,campus_34,loss4,Top 5,Precision,0.17634,0.17283,-0.0035099999999999854,-1.9904729499829792
XSimGCL,campus_34,loss4,Top 5,Recall,0.52903,0.52072,-0.00831000000000004,-1.5707993875583688
XSimGCL,campus_34,loss4,Top 5,NDCG,0.44212,0.42799,-0.014130000000000031,-3.195964896408222
XSimGCL,campus_34,loss4,Top 10,Hit Ratio,0.59333,0.58835,-0.0049799999999999844,-0.8393305580368403
XSimGCL,campus_34,loss4,Top 10,Precision,0.11017,0.10924,-0.0009300000000000003,-0.8441499500771537
XSimGCL,campus_34,loss4,Top 10,Recall,0.62926,0.62502,-0.0042400000000000215,-0.6738073292438771
XSimGCL,campus_34,loss4,Top 10,NDCG,0.47953,0.4671,-0.012429999999999997,-2.5921214522553324
XSimGCL,campus_34,loss4,Top 20,Hit Ratio,0.66999,0.67023,0.00024000000000001798,0.03582143017060224
XSimGCL,campus_34,loss4,Top 20,Precision,0.0622,0.06222,1.9999999999999185e-05,0.03215434083601155
XSimGCL,campus_34,loss4,Top 20,Recall,0.68789,0.6923,0.004410000000000025,0.6410908720871106
XSimGCL,campus_34,loss4,Top 20,NDCG,0.4982,0.48835,-0.00984999999999997,-1.9771176234443937
XSimGCL,campus_34,loss5,Top 3,Hit Ratio,0.37506,0.37631,0.0012499999999999734,0.3332800085319611
XSimGCL,campus_34,loss5,Top 3,Precision,0.23213,0.2329,0.0007699999999999929,0.3317106793607
XSimGCL,campus_34,loss5,Top 3,Recall,0.43524,0.43705,0.0018099999999999783,0.41586251263670115
XSimGCL,campus_34,loss5,Top 3,NDCG,0.40479,0.40643,0.0016400000000000303,0.4051483485264039
XSimGCL,campus_34,loss5,Top 5,Hit Ratio,0.47486,0.47536,0.0005000000000000004,0.1052941919723709
XSimGCL,campus_34,loss5,Top 5,Precision,0.17634,0.17652,0.00018000000000001348,0.1020755358965711
XSimGCL,campus_34,loss5,Top 5,Recall,0.52903,0.52752,-0.0015100000000000113,-0.28542804755874174
XSimGCL,campus_34,loss5,Top 5,NDCG,0.44212,0.44258,0.00045999999999996044,0.10404415090924646
XSimGCL,campus_34,loss5,Top 10,Hit Ratio,0.59333,0.59209,-0.0012400000000000189,-0.2089899381457231
XSimGCL,campus_34,loss5,Top 10,Precision,0.11017,0.10994,-0.00023000000000000798,-0.20876826722338926
XSimGCL,campus_34,loss5,Top 10,Recall,0.62926,0.62703,-0.0022300000000000653,-0.3543845151447836
XSimGCL,campus_34,loss5,Top 10,NDCG,0.47953,0.47955,1.999999999996449e-05,0.004170750526549849
XSimGCL,campus_34,loss5,Top 20,Hit Ratio,0.66999,0.666,-0.003989999999999938,-0.5955312765862084
XSimGCL,campus_34,loss5,Top 20,Precision,0.0622,0.06183,-0.00036999999999999533,-0.5948553054662304
XSimGCL,campus_34,loss5,Top 20,Recall,0.68789,0.68504,-0.002850000000000019,-0.4143104275392896
XSimGCL,campus_34,loss5,Top 20,NDCG,0.4982,0.49771,-0.0004899999999999904,-0.09835407466880579
