Model,Campus,Loss,TopK,Metric,Baseline(loss0),Value,AbsDiff,RelDiff(%)
LightGCN,campus_10,loss1,Top 10,Hit Ratio,0.21365,0.20272,-0.010929999999999995,-5.115843669553005
LightGCN,campus_10,loss1,Top 10,Precision,0.19111,0.18134,-0.009770000000000001,-5.1122390246454925
LightGCN,campus_10,loss1,Top 10,Recall,0.30956,0.29428,-0.015280000000000016,-4.936038247835643
LightGCN,campus_10,loss1,Top 10,NDCG,0.34674,0.32906,-0.017679999999999974,-5.098921382015336
LightGCN,campus_10,loss1,Top 20,Hit Ratio,0.29638,0.28335,-0.013029999999999986,-4.396383021796338
LightGCN,campus_10,loss1,Top 20,Precision,0.13256,0.12673,-0.005830000000000002,-4.398008449004225
LightGCN,campus_10,loss1,Top 20,Recall,0.38578,0.37062,-0.015160000000000007,-3.9297008657784245
LightGCN,campus_10,loss1,Top 20,NDCG,0.3573,0.34034,-0.01696000000000003,-4.746711446963345
LightGCN,campus_10,loss2,Top 10,Hit Ratio,0.21365,0.20511,-0.00854000000000002,-3.9971916686169062
LightGCN,campus_10,loss2,Top 10,Precision,0.19111,0.18348,-0.007629999999999998,-3.9924650724713504
LightGCN,campus_10,loss2,Top 10,Recall,0.30956,0.2985,-0.011060000000000014,-3.572813024938627
LightGCN,campus_10,loss2,Top 10,NDCG,0.34674,0.3321,-0.014639999999999986,-4.222183768818131
LightGCN,campus_10,loss2,Top 20,Hit Ratio,0.29638,0.28688,-0.009499999999999953,-3.205344490181508
LightGCN,campus_10,loss2,Top 20,Precision,0.13256,0.12831,-0.004250000000000004,-3.206095353047679
LightGCN,campus_10,loss2,Top 20,Recall,0.38578,0.37515,-0.010630000000000028,-2.7554564777852733
LightGCN,campus_10,loss2,Top 20,NDCG,0.3573,0.3435,-0.013799999999999979,-3.862300587741388
LightGCN,campus_10,loss3,Top 10,Hit Ratio,0.21365,0.21306,-0.0005900000000000072,-0.27615258600515197
LightGCN,campus_10,loss3,Top 10,Precision,0.19111,0.19059,-0.0005199999999999927,-0.27209460520118917
LightGCN,campus_10,loss3,Top 10,Recall,0.30956,0.30938,-0.00018000000000001348,-0.05814704742215192
LightGCN,campus_10,loss3,Top 10,NDCG,0.34674,0.34597,-0.0007699999999999929,-0.2220684086058698
LightGCN,campus_10,loss3,Top 20,Hit Ratio,0.29638,0.29606,-0.00031999999999998696,-0.1079694986166364
LightGCN,campus_10,loss3,Top 20,Precision,0.13256,0.13242,-0.00014000000000000123,-0.10561255280627732
LightGCN,campus_10,loss3,Top 20,Recall,0.38578,0.38498,-0.0008000000000000229,-0.2073720773497908
LightGCN,campus_10,loss3,Top 20,NDCG,0.3573,0.35639,-0.0009100000000000219,-0.2546879373075908
LightGCN,campus_10,loss4,Top 10,Hit Ratio,0.21365,0.2116,-0.0020499999999999963,-0.9595132225602604
LightGCN,campus_10,loss4,Top 10,Precision,0.19111,0.18928,-0.0018299999999999983,-0.957563706765736
LightGCN,campus_10,loss4,Top 10,Recall,0.30956,0.30858,-0.0009799999999999809,-0.3165783692983528
LightGCN,campus_10,loss4,Top 10,NDCG,0.34674,0.34377,-0.0029699999999999727,-0.8565495760512122
LightGCN,campus_10,loss4,Top 20,Hit Ratio,0.29638,0.29544,-0.0009399999999999964,-0.3171604021863812
LightGCN,campus_10,loss4,Top 20,Precision,0.13256,0.13214,-0.0004200000000000037,-0.316837658418832
LightGCN,campus_10,loss4,Top 20,Recall,0.38578,0.38469,-0.0010900000000000354,-0.28254445538909106
LightGCN,campus_10,loss4,Top 20,NDCG,0.3573,0.35475,-0.0025499999999999967,-0.7136859781696044
LightGCN,campus_10,loss5,Top 10,Hit Ratio,0.21365,0.21213,-0.0015199999999999936,-0.7114439503861425
LightGCN,campus_10,loss5,Top 10,Precision,0.19111,0.18975,-0.00136,-0.7116320443723511
LightGCN,campus_10,loss5,Top 10,Recall,0.30956,0.30724,-0.0023199999999999887,-0.7494508334410094
LightGCN,campus_10,loss5,Top 10,NDCG,0.34674,0.34319,-0.0035499999999999976,-1.0238218838322657
LightGCN,campus_10,loss5,Top 20,Hit Ratio,0.29638,0.29567,-0.0007099999999999884,-0.2395573250556679
LightGCN,campus_10,loss5,Top 20,Precision,0.13256,0.13224,-0.0003200000000000147,-0.2414001207000714
LightGCN,campus_10,loss5,Top 20,Recall,0.38578,0.38346,-0.0023199999999999887,-0.6013790243143732
LightGCN,campus_10,loss5,Top 20,NDCG,0.3573,0.35418,-0.0031200000000000117,-0.8732157850545793
LightGCN,campus_102,loss1,Top 10,Hit Ratio,0.21594,0.20448,-0.011459999999999998,-5.307029730480688
LightGCN,campus_102,loss1,Top 10,Precision,0.2024,0.19166,-0.01074,-5.3063241106719365
LightGCN,campus_102,loss1,Top 10,Recall,0.28871,0.27319,-0.015520000000000034,-5.375636451802858
LightGCN,campus_102,loss1,Top 10,NDCG,0.34075,0.32728,-0.013469999999999982,-3.95304475421863
LightGCN,campus_102,loss1,Top 20,Hit Ratio,0.29722,0.27823,-0.018990000000000007,-6.389206648274008
LightGCN,campus_102,loss1,Top 20,Precision,0.13929,0.13039,-0.008899999999999991,-6.3895469882977896
LightGCN,campus_102,loss1,Top 20,Recall,0.36599,0.3447,-0.021289999999999976,-5.817098827836819
LightGCN,campus_102,loss1,Top 20,NDCG,0.34991,0.33385,-0.01606000000000002,-4.5897516504244
LightGCN,campus_102,loss2,Top 10,Hit Ratio,0.21594,0.20361,-0.01232999999999998,-5.709919422061675
LightGCN,campus_102,loss2,Top 10,Precision,0.2024,0.19084,-0.011559999999999987,-5.711462450592879
LightGCN,campus_102,loss2,Top 10,Recall,0.28871,0.2708,-0.017910000000000037,-6.203456755914251
LightGCN,campus_102,loss2,Top 10,NDCG,0.34075,0.32622,-0.014529999999999987,-4.264123257520172
LightGCN,campus_102,loss2,Top 20,Hit Ratio,0.29722,0.27812,-0.019100000000000006,-6.426216270775859
LightGCN,campus_102,loss2,Top 20,Precision,0.13929,0.13034,-0.008949999999999986,-6.425443319692717
LightGCN,campus_102,loss2,Top 20,Recall,0.36599,0.34458,-0.021409999999999985,-5.849886608923737
LightGCN,campus_102,loss2,Top 20,NDCG,0.34991,0.33374,-0.016170000000000018,-4.621188305564293
LightGCN,campus_102,loss3,Top 10,Hit Ratio,0.21594,0.21642,0.0004800000000000082,0.22228396776882847
LightGCN,campus_102,loss3,Top 10,Precision,0.2024,0.20285,0.00045000000000000595,0.22233201581027962
LightGCN,campus_102,loss3,Top 10,Recall,0.28871,0.28886,0.00014999999999998348,0.05195524921200633
LightGCN,campus_102,loss3,Top 10,NDCG,0.34075,0.34336,0.002610000000000001,0.7659574468085111
LightGCN,campus_102,loss3,Top 20,Hit Ratio,0.29722,0.29711,-0.00010999999999999899,-0.037009622501850144
LightGCN,campus_102,loss3,Top 20,Precision,0.13929,0.13924,-4.999999999999449e-05,-0.03589633139492748
LightGCN,campus_102,loss3,Top 20,Recall,0.36599,0.36566,-0.00032999999999999696,-0.09016639798901527
LightGCN,campus_102,loss3,Top 20,NDCG,0.34991,0.35164,0.0017300000000000093,0.49441284901832167
LightGCN,campus_102,loss4,Top 10,Hit Ratio,0.21594,0.2121,-0.0038399999999999823,-1.7782717421505894
LightGCN,campus_102,loss4,Top 10,Precision,0.2024,0.19881,-0.00359000000000001,-1.7737154150197678
LightGCN,campus_102,loss4,Top 10,Recall,0.28871,0.2829,-0.005810000000000037,-2.01239998614528
LightGCN,campus_102,loss4,Top 10,NDCG,0.34075,0.34034,-0.00041000000000002146,-0.1203228173147532
LightGCN,campus_102,loss4,Top 20,Hit Ratio,0.29722,0.28852,-0.008699999999999986,-2.9271246887827154
LightGCN,campus_102,loss4,Top 20,Precision,0.13929,0.13522,-0.00406999999999999,-2.9219613755474123
LightGCN,campus_102,loss4,Top 20,Recall,0.36599,0.35646,-0.009529999999999983,-2.603896281319157
LightGCN,campus_102,loss4,Top 20,NDCG,0.34991,0.34696,-0.002950000000000008,-0.8430739332971359
LightGCN,campus_102,loss5,Top 10,Hit Ratio,0.21594,0.21418,-0.0017599999999999838,-0.8150412151523496
LightGCN,campus_102,loss5,Top 10,Precision,0.2024,0.20076,-0.0016400000000000026,-0.8102766798418984
LightGCN,campus_102,loss5,Top 10,Recall,0.28871,0.2863,-0.0024100000000000232,-0.8347476706730016
LightGCN,campus_102,loss5,Top 10,NDCG,0.34075,0.33976,-0.0009899999999999909,-0.29053558327219103
LightGCN,campus_102,loss5,Top 20,Hit Ratio,0.29722,0.29706,-0.00015999999999999348,-0.0538321781845076
LightGCN,campus_102,loss5,Top 20,Precision,0.13929,0.13922,-6.999999999998674e-05,-0.05025486395289449
LightGCN,campus_102,loss5,Top 20,Recall,0.36599,0.3667,0.0007100000000000439,0.19399437143092543
LightGCN,campus_102,loss5,Top 20,NDCG,0.34991,0.35019,0.00028000000000000247,0.08002057671972863
LightGCN,campus_143,loss1,Top 10,Hit Ratio,0.48996,0.47993,-0.010029999999999983,-2.047105886194788
LightGCN,campus_143,loss1,Top 10,Precision,0.15751,0.15429,-0.0032200000000000006,-2.0443146466890996
LightGCN,campus_143,loss1,Top 10,Recall,0.58061,0.57083,-0.009780000000000011,-1.6844353352508588
LightGCN,campus_143,loss1,Top 10,NDCG,0.53371,0.52351,-0.010199999999999987,-1.911150250135839
LightGCN,campus_143,loss1,Top 20,Hit Ratio,0.58126,0.57006,-0.011199999999999988,-1.9268485703471747
LightGCN,campus_143,loss1,Top 20,Precision,0.09343,0.09163,-0.001799999999999996,-1.9265760462378207
LightGCN,campus_143,loss1,Top 20,Recall,0.64642,0.63871,-0.007709999999999995,-1.1927229974320093
LightGCN,campus_143,loss1,Top 20,NDCG,0.55623,0.54654,-0.009689999999999976,-1.7420851086780604
LightGCN,campus_143,loss2,Top 10,Hit Ratio,0.48996,0.48168,-0.00828000000000001,-1.6899338721528305
LightGCN,campus_143,loss2,Top 10,Precision,0.15751,0.15485,-0.0026600000000000235,-1.6887816646562273
LightGCN,campus_143,loss2,Top 10,Recall,0.58061,0.57051,-0.010099999999999998,-1.7395497838480216
LightGCN,campus_143,loss2,Top 10,NDCG,0.53371,0.52535,-0.008360000000000034,-1.5663937344250687
LightGCN,campus_143,loss2,Top 20,Hit Ratio,0.58126,0.57129,-0.009970000000000034,-1.7152393077108408
LightGCN,campus_143,loss2,Top 20,Precision,0.09343,0.09183,-0.0016000000000000042,-1.7125120411002934
LightGCN,campus_143,loss2,Top 20,Recall,0.64642,0.63883,-0.007589999999999986,-1.1741592153708094
LightGCN,campus_143,loss2,Top 20,NDCG,0.55623,0.54834,-0.007889999999999953,-1.4184779677471464
LightGCN,campus_143,loss3,Top 10,Hit Ratio,0.48996,0.48996,0.0,0.0
LightGCN,campus_143,loss3,Top 10,Precision,0.15751,0.15751,0.0,0.0
LightGCN,campus_143,loss3,Top 10,Recall,0.58061,0.57975,-0.0008599999999999719,-0.14812008060487625
LightGCN,campus_143,loss3,Top 10,NDCG,0.53371,0.53435,0.0006399999999999739,0.11991530981244006
LightGCN,campus_143,loss3,Top 20,Hit Ratio,0.58126,0.58081,-0.00044999999999995044,-0.07741802291572626
LightGCN,campus_143,loss3,Top 20,Precision,0.09343,0.09336,-7.000000000000062e-05,-0.0749224017981383
LightGCN,campus_143,loss3,Top 20,Recall,0.64642,0.64631,-0.00010999999999994348,-0.01701680022275664
LightGCN,campus_143,loss3,Top 20,NDCG,0.55623,0.55703,0.0008000000000000229,0.1438253959692974
LightGCN,campus_143,loss4,Top 10,Hit Ratio,0.48996,0.48569,-0.004269999999999996,-0.871499714262388
LightGCN,campus_143,loss4,Top 10,Precision,0.15751,0.15614,-0.00137000000000001,-0.8697860453304616
LightGCN,campus_143,loss4,Top 10,Recall,0.58061,0.5764,-0.004209999999999936,-0.7250994643564417
LightGCN,campus_143,loss4,Top 10,NDCG,0.53371,0.53351,-0.00019999999999997797,-0.03747353431638492
LightGCN,campus_143,loss4,Top 20,Hit Ratio,0.58126,0.57174,-0.009519999999999973,-1.6378212847950955
LightGCN,campus_143,loss4,Top 20,Precision,0.09343,0.0919,-0.0015300000000000036,-1.637589639302155
LightGCN,campus_143,loss4,Top 20,Recall,0.64642,0.63651,-0.009909999999999974,-1.5330590018873138
LightGCN,campus_143,loss4,Top 20,NDCG,0.55623,0.55426,-0.0019700000000000273,-0.3541700375743896
LightGCN,campus_143,loss5,Top 10,Hit Ratio,0.48996,0.48886,-0.0010999999999999899,-0.2245081231120887
LightGCN,campus_143,loss5,Top 10,Precision,0.15751,0.15716,-0.00035000000000001696,-0.222208113770565
LightGCN,campus_143,loss5,Top 10,Recall,0.58061,0.58037,-0.00023999999999990695,-0.041335836447857766
LightGCN,campus_143,loss5,Top 10,NDCG,0.53371,0.53468,0.0009700000000000264,0.18174664143449185
LightGCN,campus_143,loss5,Top 20,Hit Ratio,0.58126,0.5788,-0.0024600000000000177,-0.4232185252726865
LightGCN,campus_143,loss5,Top 20,Precision,0.09343,0.09304,-0.00039000000000000146,-0.417424810018197
LightGCN,campus_143,loss5,Top 20,Recall,0.64642,0.64407,-0.0023499999999999632,-0.36354073203180026
LightGCN,campus_143,loss5,Top 20,NDCG,0.55623,0.55667,0.00043999999999999595,0.07910396778311057
LightGCN,campus_15,loss1,Top 10,Hit Ratio,0.1865,0.18124,-0.005259999999999987,-2.8203753351206364
LightGCN,campus_15,loss1,Top 10,Precision,0.24938,0.24235,-0.007029999999999981,-2.818991097922841
LightGCN,campus_15,loss1,Top 10,Recall,0.27629,0.26266,-0.013629999999999975,-4.933222338846855
LightGCN,campus_15,loss1,Top 10,NDCG,0.38158,0.36714,-0.014439999999999953,-3.7842654227160635
LightGCN,campus_15,loss1,Top 20,Hit Ratio,0.27748,0.26919,-0.00829000000000002,-2.98760271010524
LightGCN,campus_15,loss1,Top 20,Precision,0.18552,0.17998,-0.005539999999999989,-2.9862009486847723
LightGCN,campus_15,loss1,Top 20,Recall,0.35357,0.33732,-0.016249999999999987,-4.595978165568342
LightGCN,campus_15,loss1,Top 20,NDCG,0.3746,0.3589,-0.015699999999999992,-4.191137213027226
LightGCN,campus_15,loss2,Top 10,Hit Ratio,0.1865,0.18155,-0.00495000000000001,-2.6541554959785576
LightGCN,campus_15,loss2,Top 10,Precision,0.24938,0.24277,-0.006609999999999977,-2.650573422086766
LightGCN,campus_15,loss2,Top 10,Recall,0.27629,0.26278,-0.013509999999999966,-4.889789713706601
LightGCN,campus_15,loss2,Top 10,NDCG,0.38158,0.36861,-0.012969999999999982,-3.3990251061376333
LightGCN,campus_15,loss2,Top 20,Hit Ratio,0.27748,0.27021,-0.007269999999999999,-2.620008649272019
LightGCN,campus_15,loss2,Top 20,Precision,0.18552,0.18066,-0.004860000000000003,-2.6196636481241935
LightGCN,campus_15,loss2,Top 20,Recall,0.35357,0.33872,-0.014849999999999974,-4.200016969765527
LightGCN,campus_15,loss2,Top 20,NDCG,0.3746,0.36072,-0.013880000000000003,-3.7052856380138826
LightGCN,campus_15,loss3,Top 10,Hit Ratio,0.1865,0.18569,-0.0008100000000000052,-0.43431635388740225
LightGCN,campus_15,loss3,Top 10,Precision,0.24938,0.2483,-0.0010799999999999976,-0.4330740235784737
LightGCN,campus_15,loss3,Top 10,Recall,0.27629,0.27264,-0.0036499999999999866,-1.321075681349302
LightGCN,campus_15,loss3,Top 10,NDCG,0.38158,0.37912,-0.0024599999999999622,-0.6446878767230889
LightGCN,campus_15,loss3,Top 20,Hit Ratio,0.27748,0.2769,-0.0005800000000000249,-0.20902407380713023
LightGCN,campus_15,loss3,Top 20,Precision,0.18552,0.18513,-0.00039000000000000146,-0.21021992238033715
LightGCN,campus_15,loss3,Top 20,Recall,0.35357,0.35282,-0.0007499999999999729,-0.21212206918006984
LightGCN,campus_15,loss3,Top 20,NDCG,0.3746,0.37311,-0.0014899999999999913,-0.39775760811532074
LightGCN,campus_15,loss4,Top 10,Hit Ratio,0.1865,0.18645,-4.999999999999449e-05,-0.02680965147452788
LightGCN,campus_15,loss4,Top 10,Precision,0.24938,0.24931,-6.999999999998674e-05,-0.028069612639340262
LightGCN,campus_15,loss4,Top 10,Recall,0.27629,0.27593,-0.00035999999999997145,-0.13029787542074323
LightGCN,campus_15,loss4,Top 10,NDCG,0.38158,0.38157,-9.99999999995449e-06,-0.0026206824256917267
LightGCN,campus_15,loss4,Top 20,Hit Ratio,0.27748,0.27604,-0.0014399999999999968,-0.5189563211762999
LightGCN,campus_15,loss4,Top 20,Precision,0.18552,0.18456,-0.0009599999999999886,-0.5174644243208218
LightGCN,campus_15,loss4,Top 20,Recall,0.35357,0.35128,-0.0022900000000000142,-0.647679384563174
LightGCN,campus_15,loss4,Top 20,NDCG,0.3746,0.37347,-0.0011299999999999644,-0.30165509877201396
LightGCN,campus_15,loss5,Top 10,Hit Ratio,0.1865,0.18603,-0.0004699999999999982,-0.25201072386058887
LightGCN,campus_15,loss5,Top 10,Precision,0.24938,0.24876,-0.0006199999999999817,-0.2486165690913392
LightGCN,campus_15,loss5,Top 10,Recall,0.27629,0.27454,-0.0017499999999999738,-0.633392449961987
LightGCN,campus_15,loss5,Top 10,NDCG,0.38158,0.38049,-0.0010899999999999799,-0.28565438440169294
LightGCN,campus_15,loss5,Top 20,Hit Ratio,0.27748,0.27675,-0.0007300000000000084,-0.26308202392965563
LightGCN,campus_15,loss5,Top 20,Precision,0.18552,0.18503,-0.0004899999999999904,-0.26412246658041744
LightGCN,campus_15,loss5,Top 20,Recall,0.35357,0.35307,-0.0005000000000000004,-0.14141471278671847
LightGCN,campus_15,loss5,Top 20,NDCG,0.3746,0.37386,-0.0007399999999999629,-0.1975440469834391
LightGCN,campus_34,loss1,Top 10,Hit Ratio,0.37384,0.3594,-0.014440000000000008,-3.862615022469508
LightGCN,campus_34,loss1,Top 10,Precision,0.18883,0.18154,-0.007289999999999991,-3.860615368320707
LightGCN,campus_34,loss1,Top 10,Recall,0.47191,0.45598,-0.01593,-3.375643660867538
LightGCN,campus_34,loss1,Top 10,NDCG,0.45893,0.44672,-0.012209999999999999,-2.660536465256139
LightGCN,campus_34,loss1,Top 20,Hit Ratio,0.47333,0.4548,-0.01852999999999999,-3.914816301523248
LightGCN,campus_34,loss1,Top 20,Precision,0.11955,0.11486,-0.00469,-3.923044751150146
LightGCN,campus_34,loss1,Top 20,Recall,0.55033,0.53151,-0.018819999999999948,-3.419766322024957
LightGCN,campus_34,loss1,Top 20,NDCG,0.48315,0.47003,-0.01312000000000002,-2.7155127807099286
LightGCN,campus_34,loss2,Top 10,Hit Ratio,0.37384,0.36175,-0.01208999999999999,-3.2340038519152547
LightGCN,campus_34,loss2,Top 10,Precision,0.18883,0.18273,-0.006099999999999994,-3.23041889530265
LightGCN,campus_34,loss2,Top 10,Recall,0.47191,0.45556,-0.016349999999999976,-3.464643682058014
LightGCN,campus_34,loss2,Top 10,NDCG,0.45893,0.44699,-0.011940000000000006,-2.60170396356743
LightGCN,campus_34,loss2,Top 20,Hit Ratio,0.47333,0.45776,-0.015569999999999973,-3.2894597849280576
LightGCN,campus_34,loss2,Top 20,Precision,0.11955,0.11561,-0.003939999999999999,-3.2956921790045994
LightGCN,campus_34,loss2,Top 20,Recall,0.55033,0.53419,-0.016139999999999932,-2.932785783075597
LightGCN,campus_34,loss2,Top 20,NDCG,0.48315,0.47113,-0.01202000000000003,-2.487840215254068
LightGCN,campus_34,loss3,Top 10,Hit Ratio,0.37384,0.37003,-0.00380999999999998,-1.0191525786432645
LightGCN,campus_34,loss3,Top 10,Precision,0.18883,0.18691,-0.001920000000000005,-1.0167875867182148
LightGCN,campus_34,loss3,Top 10,Recall,0.47191,0.4652,-0.006709999999999994,-1.4218812909241156
LightGCN,campus_34,loss3,Top 10,NDCG,0.45893,0.45634,-0.002589999999999981,-0.5643562199028133
LightGCN,campus_34,loss3,Top 20,Hit Ratio,0.47333,0.46952,-0.00380999999999998,-0.804935246022855
LightGCN,campus_34,loss3,Top 20,Precision,0.11955,0.11858,-0.0009699999999999986,-0.8113759933082381
LightGCN,campus_34,loss3,Top 20,Recall,0.55033,0.54452,-0.005809999999999982,-1.0557301982446863
LightGCN,campus_34,loss3,Top 20,NDCG,0.48315,0.48088,-0.0022700000000000498,-0.4698333850771085
LightGCN,campus_34,loss4,Top 10,Hit Ratio,0.37384,0.36678,-0.007060000000000011,-1.888508452814041
LightGCN,campus_34,loss4,Top 10,Precision,0.18883,0.18527,-0.0035600000000000076,-1.885293650373356
LightGCN,campus_34,loss4,Top 10,Recall,0.47191,0.46111,-0.010799999999999976,-2.2885719734695127
LightGCN,campus_34,loss4,Top 10,NDCG,0.45893,0.45552,-0.003410000000000024,-0.743032706512981
LightGCN,campus_34,loss4,Top 20,Hit Ratio,0.47333,0.46425,-0.009079999999999977,-1.918323368474421
LightGCN,campus_34,loss4,Top 20,Precision,0.11955,0.11725,-0.0023000000000000104,-1.9238812212463492
LightGCN,campus_34,loss4,Top 20,Recall,0.55033,0.53866,-0.011669999999999958,-2.120545854305591
LightGCN,campus_34,loss4,Top 20,NDCG,0.48315,0.47914,-0.0040100000000000136,-0.8299699886163745
LightGCN,campus_34,loss5,Top 10,Hit Ratio,0.37384,0.36974,-0.0040999999999999925,-1.0967258720308133
LightGCN,campus_34,loss5,Top 10,Precision,0.18883,0.18677,-0.0020600000000000063,-1.0909283482497518
LightGCN,campus_34,loss5,Top 10,Recall,0.47191,0.46459,-0.007319999999999993,-1.5511432264626714
LightGCN,campus_34,loss5,Top 10,NDCG,0.45893,0.45588,-0.003049999999999997,-0.6645893709280276
LightGCN,campus_34,loss5,Top 20,Hit Ratio,0.47333,0.4681,-0.005229999999999957,-1.1049373587137847
LightGCN,campus_34,loss5,Top 20,Precision,0.11955,0.11822,-0.0013299999999999979,-1.1125052279380994
LightGCN,campus_34,loss5,Top 20,Recall,0.55033,0.54127,-0.009059999999999957,-1.64628495629894
LightGCN,campus_34,loss5,Top 20,NDCG,0.48315,0.47947,-0.0036800000000000166,-0.7616682189796163
MF,campus_10,loss1,Top 10,Hit Ratio,0.23654,0.17675,-0.05979000000000001,-25.27690876807306
MF,campus_10,loss1,Top 10,Precision,0.21159,0.15811,-0.05348,-25.275296564109833
MF,campus_10,loss1,Top 10,Recall,0.33488,0.23485,-0.10003000000000001,-29.870401337792647
MF,campus_10,loss1,Top 10,NDCG,0.3749,0.27308,-0.10182000000000002,-27.159242464657247
MF,campus_10,loss1,Top 20,Hit Ratio,0.32911,0.24695,-0.08216000000000001,-24.96429765124123
MF,campus_10,loss1,Top 20,Precision,0.1472,0.11045,-0.03674999999999999,-24.966032608695645
MF,campus_10,loss1,Top 20,Recall,0.41372,0.30081,-0.11290999999999995,-27.291404814850612
MF,campus_10,loss1,Top 20,NDCG,0.38527,0.28072,-0.10454999999999998,-27.136813144028853
MF,campus_10,loss2,Top 10,Hit Ratio,0.23654,0.15314,-0.0834,-35.25830726304219
MF,campus_10,loss2,Top 10,Precision,0.21159,0.13699,-0.0746,-35.256864691147975
MF,campus_10,loss2,Top 10,Recall,0.33488,0.21387,-0.12101,-36.1353320592451
MF,campus_10,loss2,Top 10,NDCG,0.3749,0.2494,-0.1255,-33.47559349159776
MF,campus_10,loss2,Top 20,Hit Ratio,0.32911,0.20622,-0.12289000000000003,-37.3400990550272
MF,campus_10,loss2,Top 20,Precision,0.1472,0.09224,-0.054959999999999995,-37.336956521739125
MF,campus_10,loss2,Top 20,Recall,0.41372,0.26264,-0.15108,-36.517451416416904
MF,campus_10,loss2,Top 20,NDCG,0.38527,0.2527,-0.13257000000000002,-34.409634801567734
MF,campus_10,loss3,Top 10,Hit Ratio,0.23654,0.2215,-0.015039999999999998,-6.358332628730869
MF,campus_10,loss3,Top 10,Precision,0.21159,0.19813,-0.01346,-6.361359232477905
MF,campus_10,loss3,Top 10,Recall,0.33488,0.30876,-0.026120000000000032,-7.799808886765418
MF,campus_10,loss3,Top 10,NDCG,0.3749,0.35505,-0.019850000000000034,-5.294745265404117
MF,campus_10,loss3,Top 20,Hit Ratio,0.32911,0.29933,-0.02978000000000003,-9.048646349244942
MF,campus_10,loss3,Top 20,Precision,0.1472,0.13388,-0.013319999999999999,-9.04891304347826
MF,campus_10,loss3,Top 20,Recall,0.41372,0.37482,-0.03889999999999999,-9.402494440684519
MF,campus_10,loss3,Top 20,NDCG,0.38527,0.35941,-0.025859999999999994,-6.712175876657926
MF,campus_10,loss4,Top 10,Hit Ratio,0.23654,0.14232,-0.09422,-39.83258645472225
MF,campus_10,loss4,Top 10,Precision,0.21159,0.12731,-0.08428,-39.83175008270712
MF,campus_10,loss4,Top 10,Recall,0.33488,0.20131,-0.13357000000000002,-39.885929288103206
MF,campus_10,loss4,Top 10,NDCG,0.3749,0.23338,-0.14152,-37.74873299546545
MF,campus_10,loss4,Top 20,Hit Ratio,0.32911,0.19558,-0.13353,-40.5730606788004
MF,campus_10,loss4,Top 20,Precision,0.1472,0.08748,-0.059719999999999995,-40.57065217391304
MF,campus_10,loss4,Top 20,Recall,0.41372,0.2579,-0.15581999999999996,-37.66315382384221
MF,campus_10,loss4,Top 20,NDCG,0.38527,0.23927,-0.146,-37.89550185584136
MF,campus_10,loss5,Top 10,Hit Ratio,0.23654,0.21644,-0.020100000000000007,-8.497505707279956
MF,campus_10,loss5,Top 10,Precision,0.21159,0.19361,-0.017979999999999996,-8.497566047544778
MF,campus_10,loss5,Top 10,Recall,0.33488,0.30235,-0.03253,-9.713927376970856
MF,campus_10,loss5,Top 10,NDCG,0.3749,0.35099,-0.023909999999999987,-6.377700720192047
MF,campus_10,loss5,Top 20,Hit Ratio,0.32911,0.29153,-0.03758,-11.418674607274165
MF,campus_10,loss5,Top 20,Precision,0.1472,0.13039,-0.01680999999999999,-11.419836956521735
MF,campus_10,loss5,Top 20,Recall,0.41372,0.36673,-0.046989999999999976,-11.35792323310451
MF,campus_10,loss5,Top 20,NDCG,0.38527,0.3548,-0.030469999999999997,-7.908739325667713
MF,campus_102,loss1,Top 10,Hit Ratio,0.23482,0.18558,-0.049240000000000006,-20.96925304488545
MF,campus_102,loss1,Top 10,Precision,0.2201,0.17395,-0.04615,-20.96774193548387
MF,campus_102,loss1,Top 10,Recall,0.31079,0.24743,-0.06336,-20.38675633064127
MF,campus_102,loss1,Top 10,NDCG,0.36371,0.29051,-0.07319999999999999,-20.12592450028869
MF,campus_102,loss1,Top 20,Hit Ratio,0.31833,0.25295,-0.06538,-20.538434957434106
MF,campus_102,loss1,Top 20,Precision,0.14919,0.11855,-0.030639999999999987,-20.537569542194507
MF,campus_102,loss1,Top 20,Recall,0.38597,0.30988,-0.07608999999999999,-19.713967406793273
MF,campus_102,loss1,Top 20,NDCG,0.37012,0.29598,-0.07413999999999998,-20.031341186642166
MF,campus_102,loss2,Top 10,Hit Ratio,0.23482,0.12898,-0.10583999999999999,-45.07282173579763
MF,campus_102,loss2,Top 10,Precision,0.2201,0.1209,-0.0992,-45.07042253521127
MF,campus_102,loss2,Top 10,Recall,0.31079,0.18123,-0.12956,-41.687312976608
MF,campus_102,loss2,Top 10,NDCG,0.36371,0.22148,-0.14222999999999997,-39.10533117043798
MF,campus_102,loss2,Top 20,Hit Ratio,0.31833,0.17266,-0.14567,-45.760688593597834
MF,campus_102,loss2,Top 20,Precision,0.14919,0.08092,-0.06826999999999998,-45.760439707755204
MF,campus_102,loss2,Top 20,Recall,0.38597,0.22707,-0.15889999999999999,-41.16900277223618
MF,campus_102,loss2,Top 20,NDCG,0.37012,0.22509,-0.14503,-39.18458878201664
MF,campus_102,loss3,Top 10,Hit Ratio,0.23482,0.18932,-0.04550000000000001,-19.376543735627294
MF,campus_102,loss3,Top 10,Precision,0.2201,0.17746,-0.042639999999999983,-19.37301226715129
MF,campus_102,loss3,Top 10,Recall,0.31079,0.25917,-0.05162,-16.609286013063482
MF,campus_102,loss3,Top 10,NDCG,0.36371,0.30977,-0.05393999999999999,-14.830496824393059
MF,campus_102,loss3,Top 20,Hit Ratio,0.31833,0.24995,-0.06838,-21.480853202651335
MF,campus_102,loss3,Top 20,Precision,0.14919,0.11714,-0.032049999999999995,-21.482673101414303
MF,campus_102,loss3,Top 20,Recall,0.38597,0.32042,-0.06555,-16.983185221649354
MF,campus_102,loss3,Top 20,NDCG,0.37012,0.31287,-0.05725000000000002,-15.467956338484823
MF,campus_102,loss4,Top 10,Hit Ratio,0.23482,0.15634,-0.07848,-33.421344008176476
MF,campus_102,loss4,Top 10,Precision,0.2201,0.14654,-0.07355999999999999,-33.42117219445706
MF,campus_102,loss4,Top 10,Recall,0.31079,0.20902,-0.10177,-32.74558383474372
MF,campus_102,loss4,Top 10,NDCG,0.36371,0.25711,-0.10659999999999997,-29.30906491435484
MF,campus_102,loss4,Top 20,Hit Ratio,0.31833,0.21291,-0.10542000000000001,-33.11657713693337
MF,campus_102,loss4,Top 20,Precision,0.14919,0.09978,-0.049409999999999996,-33.1188417454253
MF,campus_102,loss4,Top 20,Recall,0.38597,0.26964,-0.11632999999999999,-30.13964815918336
MF,campus_102,loss4,Top 20,NDCG,0.37012,0.2623,-0.10782000000000003,-29.13109261861019
MF,campus_102,loss5,Top 10,Hit Ratio,0.23482,0.19611,-0.038709999999999994,-16.484967208925983
MF,campus_102,loss5,Top 10,Precision,0.2201,0.18382,-0.03627999999999998,-16.48341662880508
MF,campus_102,loss5,Top 10,Recall,0.31079,0.2636,-0.04719000000000001,-15.18388622542553
MF,campus_102,loss5,Top 10,NDCG,0.36371,0.3199,-0.04380999999999996,-12.045310824558017
MF,campus_102,loss5,Top 20,Hit Ratio,0.31833,0.26114,-0.05719000000000002,-17.965633147991085
MF,campus_102,loss5,Top 20,Precision,0.14919,0.12239,-0.02679999999999999,-17.96367048729807
MF,campus_102,loss5,Top 20,Recall,0.38597,0.32564,-0.060329999999999995,-15.630748503769723
MF,campus_102,loss5,Top 20,NDCG,0.37012,0.3226,-0.04752000000000001,-12.839079217551067
MF,campus_143,loss1,Top 10,Hit Ratio,0.50835,0.42379,-0.08455999999999997,-16.634208714468375
MF,campus_143,loss1,Top 10,Precision,0.16343,0.13624,-0.027189999999999992,-16.63709233310897
MF,campus_143,loss1,Top 10,Recall,0.58704,0.49669,-0.09034999999999999,-15.390774052875441
MF,campus_143,loss1,Top 10,NDCG,0.55095,0.45977,-0.09118000000000004,-16.549596152100925
MF,campus_143,loss1,Top 20,Hit Ratio,0.58592,0.50492,-0.08099999999999996,-13.824412889131615
MF,campus_143,loss1,Top 20,Precision,0.09418,0.08116,-0.013020000000000004,-13.824591208324488
MF,campus_143,loss1,Top 20,Recall,0.64354,0.56217,-0.08137000000000005,-12.644124685334255
MF,campus_143,loss1,Top 20,NDCG,0.56938,0.48133,-0.08805000000000002,-15.464189117987988
MF,campus_143,loss2,Top 10,Hit Ratio,0.50835,0.43085,-0.07749999999999996,-15.245401790105234
MF,campus_143,loss2,Top 10,Precision,0.16343,0.13851,-0.024919999999999998,-15.248118460502965
MF,campus_143,loss2,Top 10,Recall,0.58704,0.50323,-0.08381000000000005,-14.276710275279376
MF,campus_143,loss2,Top 10,NDCG,0.55095,0.46984,-0.08111000000000007,-14.721844087485264
MF,campus_143,loss2,Top 20,Hit Ratio,0.58592,0.50589,-0.08003000000000005,-13.658861277990178
MF,campus_143,loss2,Top 20,Precision,0.09418,0.08132,-0.012859999999999996,-13.654703758759817
MF,campus_143,loss2,Top 20,Recall,0.64354,0.5657,-0.07784000000000002,-12.095596233334373
MF,campus_143,loss2,Top 20,NDCG,0.56938,0.48993,-0.07945000000000002,-13.95377428079666
MF,campus_143,loss3,Top 10,Hit Ratio,0.50835,0.50887,0.000520000000000076,0.10229172814007594
MF,campus_143,loss3,Top 10,Precision,0.16343,0.16359,0.00016000000000002124,0.09790124212202243
MF,campus_143,loss3,Top 10,Recall,0.58704,0.58656,-0.00048000000000003595,-0.08176614881439698
MF,campus_143,loss3,Top 10,NDCG,0.55095,0.55034,-0.0006099999999999994,-0.11071785098466275
MF,campus_143,loss3,Top 20,Hit Ratio,0.58592,0.58754,0.0016199999999999548,0.2764882577826247
MF,campus_143,loss3,Top 20,Precision,0.09418,0.09444,0.00025999999999999635,0.2760671055425742
MF,campus_143,loss3,Top 20,Recall,0.64354,0.64474,0.0011999999999999789,0.186468595580691
MF,campus_143,loss3,Top 20,NDCG,0.56938,0.56943,4.999999999999449e-05,0.008781481611576538
MF,campus_143,loss4,Top 10,Hit Ratio,0.50835,0.40877,-0.09957999999999995,-19.588865938821666
MF,campus_143,loss4,Top 10,Precision,0.16343,0.13141,-0.03201999999999999,-19.592486079667133
MF,campus_143,loss4,Top 10,Recall,0.58704,0.49833,-0.08871000000000001,-15.111406377759609
MF,campus_143,loss4,Top 10,NDCG,0.55095,0.46758,-0.08337000000000006,-15.132044650149751
MF,campus_143,loss4,Top 20,Hit Ratio,0.58592,0.49171,-0.09421000000000002,-16.078986892408523
MF,campus_143,loss4,Top 20,Precision,0.09418,0.07904,-0.01514,-16.075599915056277
MF,campus_143,loss4,Top 20,Recall,0.64354,0.57624,-0.06730000000000003,-10.45778040215061
MF,campus_143,loss4,Top 20,NDCG,0.56938,0.4924,-0.07697999999999999,-13.519969089184727
MF,campus_143,loss5,Top 10,Hit Ratio,0.50835,0.51114,0.00279000000000007,0.5488344644438026
MF,campus_143,loss5,Top 10,Precision,0.16343,0.16432,0.0008900000000000019,0.5445756593036786
MF,campus_143,loss5,Top 10,Recall,0.58704,0.59199,0.00495000000000001,0.8432134096484073
MF,campus_143,loss5,Top 10,NDCG,0.55095,0.55315,0.0021999999999999797,0.39931028223976395
MF,campus_143,loss5,Top 20,Hit Ratio,0.58592,0.58696,0.001040000000000041,0.1774986346258945
MF,campus_143,loss5,Top 20,Precision,0.09418,0.09435,0.00017000000000000348,0.18050541516245858
MF,campus_143,loss5,Top 20,Recall,0.64354,0.64893,0.005390000000000006,0.8375547751499528
MF,campus_143,loss5,Top 20,NDCG,0.56938,0.57155,0.0021700000000000053,0.38111630194246465
MF,campus_15,loss1,Top 10,Hit Ratio,0.20099,0.15068,-0.050309999999999994,-25.03109607443156
MF,campus_15,loss1,Top 10,Precision,0.26875,0.20148,-0.06727,-25.030697674418604
MF,campus_15,loss1,Top 10,Recall,0.29064,0.20255,-0.08809,-30.308973300302778
MF,campus_15,loss1,Top 10,NDCG,0.39765,0.2903,-0.10735,-26.996102099836538
MF,campus_15,loss1,Top 20,Hit Ratio,0.30357,0.22495,-0.07862,-25.898474816352074
MF,campus_15,loss1,Top 20,Precision,0.20296,0.1504,-0.052559999999999996,-25.896728419392982
MF,campus_15,loss1,Top 20,Recall,0.37617,0.26686,-0.10931000000000002,-29.058670282053335
MF,campus_15,loss1,Top 20,NDCG,0.39329,0.28324,-0.11004999999999998,-27.981896310610487
MF,campus_15,loss2,Top 10,Hit Ratio,0.20099,0.06489,-0.1361,-67.71481168217323
MF,campus_15,loss2,Top 10,Precision,0.26875,0.08677,-0.18197999999999998,-67.71348837209301
MF,campus_15,loss2,Top 10,Recall,0.29064,0.11281,-0.17783000000000002,-61.18565923479219
MF,campus_15,loss2,Top 10,NDCG,0.39765,0.14787,-0.24978,-62.81403244058845
MF,campus_15,loss2,Top 20,Hit Ratio,0.30357,0.09972,-0.20385,-67.15090423954936
MF,campus_15,loss2,Top 20,Precision,0.20296,0.06667,-0.13629000000000002,-67.15116279069768
MF,campus_15,loss2,Top 20,Recall,0.37617,0.15087,-0.2253,-59.893133423718005
MF,campus_15,loss2,Top 20,NDCG,0.39329,0.15012,-0.24316999999999997,-61.829693101782404
MF,campus_15,loss3,Top 10,Hit Ratio,0.20099,0.14496,-0.056029999999999996,-27.877008806408277
MF,campus_15,loss3,Top 10,Precision,0.26875,0.19384,-0.07490999999999998,-27.873488372093014
MF,campus_15,loss3,Top 10,Recall,0.29064,0.21119,-0.07945000000000002,-27.336223506743746
MF,campus_15,loss3,Top 10,NDCG,0.39765,0.30508,-0.09256999999999999,-23.279265685904686
MF,campus_15,loss3,Top 20,Hit Ratio,0.30357,0.21651,-0.08706,-28.6787231939915
MF,campus_15,loss3,Top 20,Precision,0.20296,0.14476,-0.0582,-28.67560110366575
MF,campus_15,loss3,Top 20,Recall,0.37617,0.274,-0.10216999999999998,-27.160592285402874
MF,campus_15,loss3,Top 20,NDCG,0.39329,0.2991,-0.09419,-23.949248646037276
MF,campus_15,loss4,Top 10,Hit Ratio,0.20099,0.12738,-0.07361000000000001,-36.62371262251854
MF,campus_15,loss4,Top 10,Precision,0.26875,0.17033,-0.09841999999999998,-36.621395348837204
MF,campus_15,loss4,Top 10,Recall,0.29064,0.15536,-0.13528,-46.54555463804019
MF,campus_15,loss4,Top 10,NDCG,0.39765,0.24535,-0.1523,-38.30001257387149
MF,campus_15,loss4,Top 20,Hit Ratio,0.30357,0.19017,-0.1134,-37.35546990809369
MF,campus_15,loss4,Top 20,Precision,0.20296,0.12715,-0.07580999999999999,-37.352187623176974
MF,campus_15,loss4,Top 20,Recall,0.37617,0.21531,-0.16086,-42.762580748066036
MF,campus_15,loss4,Top 20,NDCG,0.39329,0.23597,-0.15731999999999996,-40.00101706120165
MF,campus_15,loss5,Top 10,Hit Ratio,0.20099,0.1555,-0.04549,-22.632966814269366
MF,campus_15,loss5,Top 10,Precision,0.26875,0.20793,-0.060819999999999985,-22.630697674418602
MF,campus_15,loss5,Top 10,Recall,0.29064,0.21809,-0.07255,-24.962152491054226
MF,campus_15,loss5,Top 10,NDCG,0.39765,0.32149,-0.07616,-19.152521061234758
MF,campus_15,loss5,Top 20,Hit Ratio,0.30357,0.22863,-0.07494,-24.68623381757091
MF,campus_15,loss5,Top 20,Precision,0.20296,0.15286,-0.050100000000000006,-24.684666929444226
MF,campus_15,loss5,Top 20,Recall,0.37617,0.28167,-0.09450000000000003,-25.121620543903028
MF,campus_15,loss5,Top 20,NDCG,0.39329,0.31182,-0.08146999999999999,-20.71499402476544
MF,campus_34,loss1,Top 10,Hit Ratio,0.39947,0.3235,-0.07596999999999998,-19.017698450446836
MF,campus_34,loss1,Top 10,Precision,0.20178,0.16341,-0.03836999999999999,-19.015759738328867
MF,campus_34,loss1,Top 10,Recall,0.49008,0.4175,-0.07258000000000003,-14.8098269670258
MF,campus_34,loss1,Top 10,NDCG,0.48441,0.40645,-0.07796000000000003,-16.09380483474743
MF,campus_34,loss1,Top 20,Hit Ratio,0.48599,0.40548,-0.08050999999999997,-16.56618448939278
MF,campus_34,loss1,Top 20,Precision,0.12274,0.10241,-0.02033,-16.563467492260063
MF,campus_34,loss1,Top 20,Recall,0.55524,0.48911,-0.06612999999999997,-11.91016497370506
MF,campus_34,loss1,Top 20,NDCG,0.50215,0.42768,-0.07446999999999998,-14.8302300109529
MF,campus_34,loss2,Top 10,Hit Ratio,0.39947,0.32452,-0.07495000000000002,-18.762360127168503
MF,campus_34,loss2,Top 10,Precision,0.20178,0.16392,-0.03785999999999998,-18.763009217960143
MF,campus_34,loss2,Top 10,Recall,0.49008,0.41738,-0.07270000000000004,-14.834312765262823
MF,campus_34,loss2,Top 10,NDCG,0.48441,0.41392,-0.07049,-14.551722714229681
MF,campus_34,loss2,Top 20,Hit Ratio,0.48599,0.39773,-0.08826,-18.160867507561886
MF,campus_34,loss2,Top 20,Precision,0.12274,0.10045,-0.022290000000000004,-18.160338927814895
MF,campus_34,loss2,Top 20,Recall,0.55524,0.47679,-0.07844999999999996,-14.129025286362648
MF,campus_34,loss2,Top 20,NDCG,0.50215,0.4307,-0.07144999999999996,-14.228816090809513
MF,campus_34,loss3,Top 10,Hit Ratio,0.39947,0.38292,-0.01655000000000001,-4.142989461035875
MF,campus_34,loss3,Top 10,Precision,0.20178,0.19342,-0.008359999999999979,-4.143126177024472
MF,campus_34,loss3,Top 10,Recall,0.49008,0.46899,-0.021089999999999998,-4.303379040156709
MF,campus_34,loss3,Top 10,NDCG,0.48441,0.46894,-0.015469999999999984,-3.1935756900146535
MF,campus_34,loss3,Top 20,Hit Ratio,0.48599,0.46769,-0.018299999999999983,-3.7655095783863834
MF,campus_34,loss3,Top 20,Precision,0.12274,0.11812,-0.004619999999999999,-3.7640540980935304
MF,campus_34,loss3,Top 20,Recall,0.55524,0.53469,-0.020549999999999957,-3.701102226064397
MF,campus_34,loss3,Top 20,NDCG,0.50215,0.48688,-0.015270000000000006,-3.040924026685255
MF,campus_34,loss4,Top 10,Hit Ratio,0.39947,0.27982,-0.11964999999999998,-29.952186647307677
MF,campus_34,loss4,Top 10,Precision,0.20178,0.14134,-0.060439999999999994,-29.953414609971258
MF,campus_34,loss4,Top 10,Recall,0.49008,0.37053,-0.11954999999999999,-24.39397649363369
MF,campus_34,loss4,Top 10,NDCG,0.48441,0.37336,-0.11104999999999998,-22.92479511157903
MF,campus_34,loss4,Top 20,Hit Ratio,0.48599,0.35636,-0.12962999999999997,-26.67338834132389
MF,campus_34,loss4,Top 20,Precision,0.12274,0.09,-0.032740000000000005,-26.67427081635979
MF,campus_34,loss4,Top 20,Recall,0.55524,0.44941,-0.10582999999999998,-19.06022620848642
MF,campus_34,loss4,Top 20,NDCG,0.50215,0.39685,-0.1053,-20.969829732151748
MF,campus_34,loss5,Top 10,Hit Ratio,0.39947,0.37035,-0.02911999999999998,-7.289658797907222
MF,campus_34,loss5,Top 10,Precision,0.20178,0.18707,-0.01471,-7.29011795024284
MF,campus_34,loss5,Top 10,Recall,0.49008,0.45449,-0.03559000000000001,-7.262079660463599
MF,campus_34,loss5,Top 10,NDCG,0.48441,0.4584,-0.026010000000000033,-5.369418467826847
MF,campus_34,loss5,Top 20,Hit Ratio,0.48599,0.45033,-0.03565999999999997,-7.33759953908516
MF,campus_34,loss5,Top 20,Precision,0.12274,0.11374,-0.009000000000000008,-7.332572918364027
MF,campus_34,loss5,Top 20,Recall,0.55524,0.52099,-0.03425,-6.168503710107342
MF,campus_34,loss5,Top 20,NDCG,0.50215,0.47622,-0.02593000000000001,-5.163795678582099
MixGCF,campus_10,loss1,Top 10,Hit Ratio,0.24891,0.16641,-0.08249999999999999,-33.144510063878506
MixGCF,campus_10,loss1,Top 10,Precision,0.22266,0.14886,-0.0738,-33.14470493128537
MixGCF,campus_10,loss1,Top 10,Recall,0.34431,0.22364,-0.12067,-35.04690540501292
MixGCF,campus_10,loss1,Top 10,NDCG,0.3977,0.26493,-0.13277,-33.3844606487302
MixGCF,campus_10,loss1,Top 20,Hit Ratio,0.32551,0.22231,-0.10320000000000001,-31.70409511228534
MixGCF,campus_10,loss1,Top 20,Precision,0.14559,0.09943,-0.04615999999999999,-31.705474277079464
MixGCF,campus_10,loss1,Top 20,Recall,0.40577,0.28012,-0.12565000000000004,-30.965818074278538
MixGCF,campus_10,loss1,Top 20,NDCG,0.39676,0.26705,-0.12971,-32.69230769230769
MixGCF,campus_10,loss2,Top 10,Hit Ratio,0.24891,0.17631,-0.0726,-29.167168856213088
MixGCF,campus_10,loss2,Top 10,Precision,0.22266,0.15772,-0.06494,-29.165543878559237
MixGCF,campus_10,loss2,Top 10,Recall,0.34431,0.23251,-0.11180000000000001,-32.470738578606486
MixGCF,campus_10,loss2,Top 10,NDCG,0.3977,0.27806,-0.11964000000000002,-30.082977118430986
MixGCF,campus_10,loss2,Top 20,Hit Ratio,0.32551,0.23401,-0.09150000000000003,-28.109735491997178
MixGCF,campus_10,loss2,Top 20,Precision,0.14559,0.10466,-0.040929999999999994,-28.113194587540352
MixGCF,campus_10,loss2,Top 20,Recall,0.40577,0.28767,-0.11810000000000004,-29.10515809448703
MixGCF,campus_10,loss2,Top 20,NDCG,0.39676,0.2785,-0.11825999999999998,-29.806432100010078
MixGCF,campus_10,loss3,Top 10,Hit Ratio,0.24891,0.23606,-0.01285,-5.16250853722229
MixGCF,campus_10,loss3,Top 10,Precision,0.22266,0.21116,-0.01150000000000001,-5.164825294170488
MixGCF,campus_10,loss3,Top 10,Recall,0.34431,0.3282,-0.016110000000000013,-4.6789230635183445
MixGCF,campus_10,loss3,Top 10,NDCG,0.3977,0.38058,-0.017120000000000024,-4.304752325873781
MixGCF,campus_10,loss3,Top 20,Hit Ratio,0.32551,0.31052,-0.014990000000000003,-4.605081257104237
MixGCF,campus_10,loss3,Top 20,Precision,0.14559,0.13888,-0.006709999999999994,-4.608833024246167
MixGCF,campus_10,loss3,Top 20,Recall,0.40577,0.39057,-0.015200000000000047,-3.7459644626266226
MixGCF,campus_10,loss3,Top 20,NDCG,0.39676,0.3809,-0.015859999999999985,-3.9973787680209663
MixGCF,campus_10,loss4,Top 10,Hit Ratio,0.24891,0.01824,-0.23067,-92.6720501386043
MixGCF,campus_10,loss4,Top 10,Precision,0.22266,0.01632,-0.20634,-92.67043923470763
MixGCF,campus_10,loss4,Top 10,Recall,0.34431,0.02547,-0.31884,-92.60259649734252
MixGCF,campus_10,loss4,Top 10,NDCG,0.3977,0.02629,-0.37141,-93.38948956499875
MixGCF,campus_10,loss4,Top 20,Hit Ratio,0.32551,0.03143,-0.29408,-90.34438266105495
MixGCF,campus_10,loss4,Top 20,Precision,0.14559,0.01406,-0.13153,-90.34274332028299
MixGCF,campus_10,loss4,Top 20,Recall,0.40577,0.04119,-0.36458,-89.84892919634275
MixGCF,campus_10,loss4,Top 20,NDCG,0.39676,0.03085,-0.36591,-92.22451860066539
MixGCF,campus_10,loss5,Top 10,Hit Ratio,0.24891,0.23604,-0.012869999999999993,-5.170543569965045
MixGCF,campus_10,loss5,Top 10,Precision,0.22266,0.21115,-0.011509999999999992,-5.169316446600194
MixGCF,campus_10,loss5,Top 10,Recall,0.34431,0.32855,-0.015759999999999996,-4.577270482994974
MixGCF,campus_10,loss5,Top 10,NDCG,0.3977,0.3813,-0.016400000000000026,-4.123711340206191
MixGCF,campus_10,loss5,Top 20,Hit Ratio,0.32551,0.31108,-0.014429999999999998,-4.4330435316887336
MixGCF,campus_10,loss5,Top 20,Precision,0.14559,0.13914,-0.0064499999999999835,-4.4302493303111365
MixGCF,campus_10,loss5,Top 20,Recall,0.40577,0.39116,-0.014610000000000012,-3.600561894669397
MixGCF,campus_10,loss5,Top 20,NDCG,0.39676,0.38175,-0.015010000000000023,-3.783143462042551
MixGCF,campus_102,loss1,Top 10,Hit Ratio,0.23497,0.0928,-0.14217000000000002,-60.505596459122444
MixGCF,campus_102,loss1,Top 10,Precision,0.22024,0.08698,-0.13326,-60.506719941881585
MixGCF,campus_102,loss1,Top 10,Recall,0.30349,0.12298,-0.18050999999999998,-59.47807176513229
MixGCF,campus_102,loss1,Top 10,NDCG,0.37168,0.17325,-0.19843000000000002,-53.387322427894965
MixGCF,campus_102,loss1,Top 20,Hit Ratio,0.30035,0.11987,-0.18048,-60.08989512235725
MixGCF,campus_102,loss1,Top 20,Precision,0.14076,0.05618,-0.08457999999999999,-60.08809320829781
MixGCF,campus_102,loss1,Top 20,Recall,0.35889,0.14915,-0.20973999999999998,-58.44130513527822
MixGCF,campus_102,loss1,Top 20,NDCG,0.36629,0.16948,-0.19681,-53.730650577411346
MixGCF,campus_102,loss2,Top 10,Hit Ratio,0.23497,0.14044,-0.09453,-40.23066774481849
MixGCF,campus_102,loss2,Top 10,Precision,0.22024,0.13164,-0.08859999999999998,-40.22884126407555
MixGCF,campus_102,loss2,Top 10,Recall,0.30349,0.17895,-0.12453999999999998,-41.035948466176805
MixGCF,campus_102,loss2,Top 10,NDCG,0.37168,0.23256,-0.13912000000000002,-37.430047352561346
MixGCF,campus_102,loss2,Top 20,Hit Ratio,0.30035,0.18516,-0.11519000000000001,-38.35192275678376
MixGCF,campus_102,loss2,Top 20,Precision,0.14076,0.08678,-0.05398,-38.348962773515204
MixGCF,campus_102,loss2,Top 20,Recall,0.35889,0.22379,-0.1351,-37.64384630388141
MixGCF,campus_102,loss2,Top 20,NDCG,0.36629,0.23089,-0.1354,-36.965246116465096
MixGCF,campus_102,loss3,Top 10,Hit Ratio,0.23497,0.21878,-0.01619000000000001,-6.890241307400949
MixGCF,campus_102,loss3,Top 10,Precision,0.22024,0.20507,-0.015169999999999989,-6.887940428623315
MixGCF,campus_102,loss3,Top 10,Recall,0.30349,0.28334,-0.02015,-6.639427987742595
MixGCF,campus_102,loss3,Top 10,NDCG,0.37168,0.34996,-0.021720000000000017,-5.843736547567804
MixGCF,campus_102,loss3,Top 20,Hit Ratio,0.30035,0.28037,-0.019979999999999998,-6.65223905443649
MixGCF,campus_102,loss3,Top 20,Precision,0.14076,0.1314,-0.009360000000000007,-6.64961636828645
MixGCF,campus_102,loss3,Top 20,Recall,0.35889,0.33895,-0.019940000000000013,-5.556019950402634
MixGCF,campus_102,loss3,Top 20,NDCG,0.36629,0.34563,-0.02066000000000001,-5.640339621611295
MixGCF,campus_102,loss4,Top 10,Hit Ratio,0.23497,0.02035,-0.21462,-91.3393199131804
MixGCF,campus_102,loss4,Top 10,Precision,0.22024,0.01907,-0.20117,-91.34126407555394
MixGCF,campus_102,loss4,Top 10,Recall,0.30349,0.02661,-0.27687999999999996,-91.23200105440047
MixGCF,campus_102,loss4,Top 10,NDCG,0.37168,0.02852,-0.34316,-92.32673267326733
MixGCF,campus_102,loss4,Top 20,Hit Ratio,0.30035,0.03509,-0.26526,-88.31696354253371
MixGCF,campus_102,loss4,Top 20,Precision,0.14076,0.01644,-0.12432,-88.32054560954818
MixGCF,campus_102,loss4,Top 20,Recall,0.35889,0.0428,-0.31609,-88.07434032711973
MixGCF,campus_102,loss4,Top 20,NDCG,0.36629,0.03335,-0.33294,-90.89519233394306
MixGCF,campus_102,loss5,Top 10,Hit Ratio,0.23497,0.21966,-0.015310000000000018,-6.515725411754699
MixGCF,campus_102,loss5,Top 10,Precision,0.22024,0.20589,-0.014350000000000002,-6.515619324373412
MixGCF,campus_102,loss5,Top 10,Recall,0.30349,0.28523,-0.01826,-6.016672707502718
MixGCF,campus_102,loss5,Top 10,NDCG,0.37168,0.35124,-0.020440000000000014,-5.499354283254416
MixGCF,campus_102,loss5,Top 20,Hit Ratio,0.30035,0.28068,-0.01967000000000002,-6.5490261361744695
MixGCF,campus_102,loss5,Top 20,Precision,0.14076,0.13154,-0.009220000000000006,-6.550156294401824
MixGCF,campus_102,loss5,Top 20,Recall,0.35889,0.34073,-0.01816000000000001,-5.060046253726772
MixGCF,campus_102,loss5,Top 20,NDCG,0.36629,0.34665,-0.01963999999999999,-5.361871740970267
MixGCF,campus_143,loss1,Top 10,Hit Ratio,0.49184,0.32304,-0.1688,-34.32010409889395
MixGCF,campus_143,loss1,Top 10,Precision,0.15812,0.10385,-0.05427000000000001,-34.322033898305094
MixGCF,campus_143,loss1,Top 10,Recall,0.57299,0.37647,-0.19651999999999997,-34.297282675090315
MixGCF,campus_143,loss1,Top 10,NDCG,0.53975,0.36284,-0.17690999999999996,-32.77628531727651
MixGCF,campus_143,loss1,Top 20,Hit Ratio,0.5564,0.37801,-0.17839,-32.061466570812364
MixGCF,campus_143,loss1,Top 20,Precision,0.08944,0.06076,-0.028680000000000004,-32.06618962432916
MixGCF,campus_143,loss1,Top 20,Recall,0.62037,0.42648,-0.19388999999999995,-31.253929106823342
MixGCF,campus_143,loss1,Top 20,NDCG,0.55483,0.37853,-0.17630000000000007,-31.775498801434683
MixGCF,campus_143,loss2,Top 10,Hit Ratio,0.49184,0.33346,-0.15838000000000002,-32.20152895250488
MixGCF,campus_143,loss2,Top 10,Precision,0.15812,0.1072,-0.05092000000000001,-32.20338983050848
MixGCF,campus_143,loss2,Top 10,Recall,0.57299,0.38938,-0.18361,-32.04418925286654
MixGCF,campus_143,loss2,Top 10,NDCG,0.53975,0.36968,-0.17006999999999994,-31.50903195924038
MixGCF,campus_143,loss2,Top 20,Hit Ratio,0.5564,0.39213,-0.16427000000000003,-29.523723939611795
MixGCF,campus_143,loss2,Top 20,Precision,0.08944,0.06303,-0.026410000000000003,-29.528175313059034
MixGCF,campus_143,loss2,Top 20,Recall,0.62037,0.44176,-0.17861,-28.79088286022857
MixGCF,campus_143,loss2,Top 20,NDCG,0.55483,0.38614,-0.16869000000000006,-30.403907503199186
MixGCF,campus_143,loss3,Top 10,Hit Ratio,0.49184,0.46892,-0.022919999999999996,-4.660052049446974
MixGCF,campus_143,loss3,Top 10,Precision,0.15812,0.15075,-0.007370000000000015,-4.661016949152552
MixGCF,campus_143,loss3,Top 10,Recall,0.57299,0.5513,-0.021689999999999987,-3.7854063770746413
MixGCF,campus_143,loss3,Top 10,NDCG,0.53975,0.52013,-0.01961999999999997,-3.635016211208888
MixGCF,campus_143,loss3,Top 20,Hit Ratio,0.5564,0.53276,-0.023639999999999994,-4.248741912293314
MixGCF,campus_143,loss3,Top 20,Precision,0.08944,0.08564,-0.0038000000000000117,-4.248658318425773
MixGCF,campus_143,loss3,Top 20,Recall,0.62037,0.60184,-0.018529999999999935,-2.9869271563744113
MixGCF,campus_143,loss3,Top 20,NDCG,0.55483,0.53594,-0.018890000000000073,-3.4046464682875963
MixGCF,campus_143,loss4,Top 10,Hit Ratio,0.49184,0.14349,-0.34835,-70.8258783344177
MixGCF,campus_143,loss4,Top 10,Precision,0.15812,0.04613,-0.11199,-70.82595497090817
MixGCF,campus_143,loss4,Top 10,Recall,0.57299,0.20635,-0.36663999999999997,-63.98715509869282
MixGCF,campus_143,loss4,Top 10,NDCG,0.53975,0.17875,-0.361,-66.88281611857342
MixGCF,campus_143,loss4,Top 20,Hit Ratio,0.5564,0.18803,-0.36837,-66.20596693026599
MixGCF,campus_143,loss4,Top 20,Precision,0.08944,0.03022,-0.05922000000000001,-66.21198568872988
MixGCF,campus_143,loss4,Top 20,Recall,0.62037,0.25906,-0.36130999999999996,-58.24104969614907
MixGCF,campus_143,loss4,Top 20,NDCG,0.55483,0.19528,-0.35955000000000004,-64.8036335454103
MixGCF,campus_143,loss5,Top 10,Hit Ratio,0.49184,0.46762,-0.02422000000000002,-4.924365647365001
MixGCF,campus_143,loss5,Top 10,Precision,0.15812,0.15033,-0.007790000000000019,-4.926637996458398
MixGCF,campus_143,loss5,Top 10,Recall,0.57299,0.55013,-0.02285999999999999,-3.9895984223110337
MixGCF,campus_143,loss5,Top 10,NDCG,0.53975,0.52008,-0.019669999999999965,-3.644279759147748
MixGCF,campus_143,loss5,Top 20,Hit Ratio,0.5564,0.52991,-0.026490000000000014,-4.760963335729693
MixGCF,campus_143,loss5,Top 20,Precision,0.08944,0.08518,-0.00426,-4.762969588550983
MixGCF,campus_143,loss5,Top 20,Recall,0.62037,0.59682,-0.02354999999999996,-3.7961216693263635
MixGCF,campus_143,loss5,Top 20,NDCG,0.55483,0.53477,-0.020060000000000078,-3.6155218715642765
MixGCF,campus_15,loss1,Top 10,Hit Ratio,0.21304,0.16312,-0.04992000000000002,-23.432219301539625
MixGCF,campus_15,loss1,Top 10,Precision,0.28487,0.21812,-0.06675,-23.43174079404641
MixGCF,campus_15,loss1,Top 10,Recall,0.29678,0.20076,-0.09602,-32.353932205674234
MixGCF,campus_15,loss1,Top 10,NDCG,0.42066,0.31532,-0.10533999999999999,-25.04160129320591
MixGCF,campus_15,loss1,Top 20,Hit Ratio,0.30458,0.23144,-0.07314000000000001,-24.01339549543634
MixGCF,campus_15,loss1,Top 20,Precision,0.20364,0.15474,-0.0489,-24.012964054213317
MixGCF,campus_15,loss1,Top 20,Recall,0.36862,0.25698,-0.11164000000000002,-30.285931311377574
MixGCF,campus_15,loss1,Top 20,NDCG,0.40307,0.29508,-0.10798999999999997,-26.79187237948743
MixGCF,campus_15,loss2,Top 10,Hit Ratio,0.21304,0.18367,-0.029370000000000007,-13.786143447239956
MixGCF,campus_15,loss2,Top 10,Precision,0.28487,0.2456,-0.03927,-13.785235370519885
MixGCF,campus_15,loss2,Top 10,Recall,0.29678,0.23387,-0.06291,-21.197520048520786
MixGCF,campus_15,loss2,Top 10,NDCG,0.42066,0.3544,-0.06625999999999999,-15.751438216136545
MixGCF,campus_15,loss2,Top 20,Hit Ratio,0.30458,0.26149,-0.04309000000000002,-14.147350449799728
MixGCF,campus_15,loss2,Top 20,Precision,0.20364,0.17483,-0.028809999999999975,-14.147515222942436
MixGCF,campus_15,loss2,Top 20,Recall,0.36862,0.29495,-0.07367000000000001,-19.98535076772829
MixGCF,campus_15,loss2,Top 20,NDCG,0.40307,0.33399,-0.06907999999999997,-17.138462301833425
MixGCF,campus_15,loss3,Top 10,Hit Ratio,0.21304,0.2058,-0.0072399999999999964,-3.3984228313931637
MixGCF,campus_15,loss3,Top 10,Precision,0.28487,0.27519,-0.009680000000000022,-3.3980412117808196
MixGCF,campus_15,loss3,Top 10,Recall,0.29678,0.28761,-0.009170000000000011,-3.0898308511355252
MixGCF,campus_15,loss3,Top 10,NDCG,0.42066,0.40862,-0.012039999999999995,-2.8621689725669177
MixGCF,campus_15,loss3,Top 20,Hit Ratio,0.30458,0.29333,-0.011250000000000038,-3.693610873990425
MixGCF,campus_15,loss3,Top 20,Precision,0.20364,0.19611,-0.007529999999999981,-3.6977018267530846
MixGCF,campus_15,loss3,Top 20,Recall,0.36862,0.35662,-0.01200000000000001,-3.2553849492702542
MixGCF,campus_15,loss3,Top 20,NDCG,0.40307,0.3906,-0.012469999999999981,-3.0937554270970256
MixGCF,campus_15,loss4,Top 10,Hit Ratio,0.21304,0.01053,-0.20251,-95.05726624108148
MixGCF,campus_15,loss4,Top 10,Precision,0.28487,0.01408,-0.27079000000000003,-95.0573946010461
MixGCF,campus_15,loss4,Top 10,Recall,0.29678,0.0135,-0.28328,-95.45117595525305
MixGCF,campus_15,loss4,Top 10,NDCG,0.42066,0.01648,-0.40418,-96.08234678838016
MixGCF,campus_15,loss4,Top 20,Hit Ratio,0.30458,0.02076,-0.28382,-93.18405673386303
MixGCF,campus_15,loss4,Top 20,Precision,0.20364,0.01388,-0.18975999999999998,-93.18405028481635
MixGCF,campus_15,loss4,Top 20,Recall,0.36862,0.02613,-0.34249,-92.91139927296403
MixGCF,campus_15,loss4,Top 20,NDCG,0.40307,0.02036,-0.38271,-94.94876820403404
MixGCF,campus_15,loss5,Top 10,Hit Ratio,0.21304,0.20184,-0.011200000000000015,-5.257228689447998
MixGCF,campus_15,loss5,Top 10,Precision,0.28487,0.26989,-0.014979999999999993,-5.2585389826938576
MixGCF,campus_15,loss5,Top 10,Recall,0.29678,0.28046,-0.01632,-5.499022845205203
MixGCF,campus_15,loss5,Top 10,NDCG,0.42066,0.40182,-0.018839999999999968,-4.478676365711018
MixGCF,campus_15,loss5,Top 20,Hit Ratio,0.30458,0.2879,-0.016680000000000028,-5.476393722503127
MixGCF,campus_15,loss5,Top 20,Precision,0.20364,0.19249,-0.011149999999999993,-5.475348654488309
MixGCF,campus_15,loss5,Top 20,Recall,0.36862,0.35099,-0.01762999999999998,-4.7827030546362055
MixGCF,campus_15,loss5,Top 20,NDCG,0.40307,0.38456,-0.01850999999999997,-4.59225444711836
MixGCF,campus_34,loss1,Top 10,Hit Ratio,0.38856,0.16662,-0.22194000000000003,-57.11859172328598
MixGCF,campus_34,loss1,Top 10,Precision,0.19627,0.08416,-0.11211,-57.120293473276604
MixGCF,campus_34,loss1,Top 10,Recall,0.47219,0.20648,-0.26571,-56.271839725534214
MixGCF,campus_34,loss1,Top 10,NDCG,0.4735,0.22791,-0.24558999999999997,-51.86694825765576
MixGCF,campus_34,loss1,Top 20,Hit Ratio,0.45849,0.20734,-0.25115,-54.777639643176514
MixGCF,campus_34,loss1,Top 20,Precision,0.1158,0.05237,-0.06343,-54.77547495682211
MixGCF,campus_34,loss1,Top 20,Recall,0.52229,0.24188,-0.28041000000000005,-53.6885638246951
MixGCF,campus_34,loss1,Top 20,NDCG,0.48528,0.23724,-0.24803999999999998,-51.11275964391692
MixGCF,campus_34,loss2,Top 10,Hit Ratio,0.38856,0.29884,-0.08972000000000002,-23.090385011323868
MixGCF,campus_34,loss2,Top 10,Precision,0.19627,0.15095,-0.04532,-23.09064044428593
MixGCF,campus_34,loss2,Top 10,Recall,0.47219,0.3774,-0.09478999999999999,-20.07454626315678
MixGCF,campus_34,loss2,Top 10,NDCG,0.4735,0.38554,-0.08795999999999998,-18.576557550158395
MixGCF,campus_34,loss2,Top 20,Hit Ratio,0.45849,0.36662,-0.09187000000000001,-20.037514449606316
MixGCF,campus_34,loss2,Top 20,Precision,0.1158,0.09259,-0.023209999999999995,-20.04317789291882
MixGCF,campus_34,loss2,Top 20,Recall,0.52229,0.43672,-0.08557000000000003,-16.38361829634878
MixGCF,campus_34,loss2,Top 20,NDCG,0.48528,0.40173,-0.08355000000000001,-17.216864490603367
MixGCF,campus_34,loss3,Top 10,Hit Ratio,0.38856,0.36792,-0.02063999999999999,-5.311920938851141
MixGCF,campus_34,loss3,Top 10,Precision,0.19627,0.18584,-0.010429999999999995,-5.314108116370304
MixGCF,campus_34,loss3,Top 10,Recall,0.47219,0.44972,-0.02246999999999999,-4.758677650945592
MixGCF,campus_34,loss3,Top 10,NDCG,0.4735,0.45514,-0.018359999999999987,-3.877507919746566
MixGCF,campus_34,loss3,Top 20,Hit Ratio,0.45849,0.4361,-0.02239000000000002,-4.883421666775725
MixGCF,campus_34,loss3,Top 20,Precision,0.1158,0.11014,-0.005659999999999998,-4.887737478411052
MixGCF,campus_34,loss3,Top 20,Recall,0.52229,0.50356,-0.018730000000000024,-3.586130310746907
MixGCF,campus_34,loss3,Top 20,NDCG,0.48528,0.46803,-0.017249999999999988,-3.5546488625123613
MixGCF,campus_34,loss4,Top 10,Hit Ratio,0.38856,0.14358,-0.24498,-63.04817788758492
MixGCF,campus_34,loss4,Top 10,Precision,0.19627,0.07253,-0.12374,-63.045804249248484
MixGCF,campus_34,loss4,Top 10,Recall,0.47219,0.19278,-0.27941,-59.17321417226117
MixGCF,campus_34,loss4,Top 10,NDCG,0.4735,0.21396,-0.25954,-54.81309398099261
MixGCF,campus_34,loss4,Top 20,Hit Ratio,0.45849,0.17424,-0.28425,-61.99699011974089
MixGCF,campus_34,loss4,Top 20,Precision,0.1158,0.04401,-0.07178999999999999,-61.99481865284974
MixGCF,campus_34,loss4,Top 20,Recall,0.52229,0.22463,-0.29766000000000004,-56.99132665760401
MixGCF,campus_34,loss4,Top 20,NDCG,0.48528,0.22211,-0.26317,-54.23054731289153
MixGCF,campus_34,loss5,Top 10,Hit Ratio,0.38856,0.36885,-0.019710000000000005,-5.0725756639901185
MixGCF,campus_34,loss5,Top 10,Precision,0.19627,0.18631,-0.009959999999999997,-5.074642074693023
MixGCF,campus_34,loss5,Top 10,Recall,0.47219,0.45301,-0.019179999999999975,-4.061924225417729
MixGCF,campus_34,loss5,Top 10,NDCG,0.4735,0.45523,-0.018269999999999953,-3.858500527983095
MixGCF,campus_34,loss5,Top 20,Hit Ratio,0.45849,0.43671,-0.02178000000000002,-4.750376235032394
MixGCF,campus_34,loss5,Top 20,Precision,0.1158,0.1103,-0.005500000000000005,-4.749568221070816
MixGCF,campus_34,loss5,Top 20,Recall,0.52229,0.50442,-0.017870000000000053,-3.4214708303815984
MixGCF,campus_34,loss5,Top 20,NDCG,0.48528,0.46755,-0.017729999999999968,-3.6535608308605276
NCL,campus_10,loss1,Top 10,Hit Ratio,0.22378,0.22319,-0.0005900000000000072,-0.26365180087586343
NCL,campus_10,loss1,Top 10,Precision,0.20017,0.19965,-0.0005199999999999927,-0.2597791876904595
NCL,campus_10,loss1,Top 10,Recall,0.32194,0.32205,0.00010999999999999899,0.03416785736472603
NCL,campus_10,loss1,Top 10,NDCG,0.3652,0.36517,-3.0000000000030003e-05,-0.008214676889383899
NCL,campus_10,loss1,Top 20,Hit Ratio,0.30575,0.30458,-0.0011700000000000044,-0.3826655764513505
NCL,campus_10,loss1,Top 20,Precision,0.13675,0.13623,-0.0005200000000000204,-0.38025594149910086
NCL,campus_10,loss1,Top 20,Recall,0.39187,0.39227,0.00040000000000001146,0.1020746676193665
NCL,campus_10,loss1,Top 20,NDCG,0.37264,0.37221,-0.00043000000000004146,-0.11539287247746925
NCL,campus_10,loss2,Top 10,Hit Ratio,0.22378,0.22524,0.001459999999999989,0.6524264903029713
NCL,campus_10,loss2,Top 10,Precision,0.20017,0.20149,0.0013200000000000156,0.6594394764450295
NCL,campus_10,loss2,Top 10,Recall,0.32194,0.32448,0.0025399999999999867,0.7889668882400405
NCL,campus_10,loss2,Top 10,NDCG,0.3652,0.36692,0.0017199999999999993,0.4709748083242057
NCL,campus_10,loss2,Top 20,Hit Ratio,0.30575,0.30672,0.0009699999999999709,0.31725265739982694
NCL,campus_10,loss2,Top 20,Precision,0.13675,0.13718,0.00042999999999998595,0.31444241316269533
NCL,campus_10,loss2,Top 20,Recall,0.39187,0.39359,0.0017199999999999993,0.43892107076326314
NCL,campus_10,loss2,Top 20,NDCG,0.37264,0.37374,0.0010999999999999899,0.2951910691283785
NCL,campus_10,loss3,Top 10,Hit Ratio,0.22378,0.22512,0.00133999999999998,0.5988023952095719
NCL,campus_10,loss3,Top 10,Precision,0.20017,0.20138,0.0012100000000000166,0.6044861867412783
NCL,campus_10,loss3,Top 10,Recall,0.32194,0.32313,0.0011899999999999689,0.36963409330930264
NCL,campus_10,loss3,Top 10,NDCG,0.3652,0.36772,0.0025199999999999667,0.6900328587075484
NCL,campus_10,loss3,Top 20,Hit Ratio,0.30575,0.30658,0.0008299999999999974,0.2714636140637767
NCL,campus_10,loss3,Top 20,Precision,0.13675,0.13712,0.00036999999999998145,0.27056672760510525
NCL,campus_10,loss3,Top 20,Recall,0.39187,0.39514,0.003269999999999995,0.8344604077882959
NCL,campus_10,loss3,Top 20,NDCG,0.37264,0.37518,0.0025399999999999867,0.6816230141691677
NCL,campus_10,loss4,Top 10,Hit Ratio,0.22378,0.22381,3.0000000000002247e-05,0.013406023773349828
NCL,campus_10,loss4,Top 10,Precision,0.20017,0.20021,4.000000000001225e-05,0.01998301443773405
NCL,campus_10,loss4,Top 10,Recall,0.32194,0.32274,0.0008000000000000229,0.2484935081071078
NCL,campus_10,loss4,Top 10,NDCG,0.3652,0.36625,0.0010499999999999954,0.2875136911281477
NCL,campus_10,loss4,Top 20,Hit Ratio,0.30575,0.30665,0.0008999999999999564,0.29435813573179276
NCL,campus_10,loss4,Top 20,Precision,0.13675,0.13715,0.0003999999999999837,0.2925045703839003
NCL,campus_10,loss4,Top 20,Recall,0.39187,0.3937,0.0018299999999999983,0.46699160435858783
NCL,campus_10,loss4,Top 20,NDCG,0.37264,0.37392,0.0012799999999999478,0.343495062258466
NCL,campus_10,loss5,Top 10,Hit Ratio,0.22378,0.2239,0.00011999999999998123,0.053624095093386906
NCL,campus_10,loss5,Top 10,Precision,0.20017,0.20028,0.00011000000000002674,0.054953289703765174
NCL,campus_10,loss5,Top 10,Recall,0.32194,0.32239,0.00045000000000000595,0.139777598310246
NCL,campus_10,loss5,Top 10,NDCG,0.3652,0.36655,0.0013499999999999623,0.3696604600218955
NCL,campus_10,loss5,Top 20,Hit Ratio,0.30575,0.30592,0.00017000000000000348,0.055600981193786904
NCL,campus_10,loss5,Top 20,Precision,0.13675,0.13683,7.999999999999674e-05,0.058500914076780056
NCL,campus_10,loss5,Top 20,Recall,0.39187,0.39321,0.0013400000000000079,0.34195013652486994
NCL,campus_10,loss5,Top 20,NDCG,0.37264,0.374,0.0013599999999999723,0.3649635036496276
NCL,campus_102,loss1,Top 10,Hit Ratio,0.22207,0.22146,-0.0006099999999999994,-0.2746881613905523
NCL,campus_102,loss1,Top 10,Precision,0.20815,0.20758,-0.0005700000000000149,-0.27384098006246216
NCL,campus_102,loss1,Top 10,Recall,0.29495,0.28961,-0.005340000000000011,-1.8104763519240588
NCL,campus_102,loss1,Top 10,NDCG,0.35482,0.35572,0.0008999999999999564,0.2536497378952585
NCL,campus_102,loss1,Top 20,Hit Ratio,0.29702,0.29476,-0.0022599999999999842,-0.7608915224563949
NCL,campus_102,loss1,Top 20,Precision,0.1392,0.13814,-0.0010599999999999776,-0.7614942528735471
NCL,campus_102,loss1,Top 20,Recall,0.36295,0.35739,-0.005560000000000009,-1.531891445102634
NCL,campus_102,loss1,Top 20,NDCG,0.35831,0.35806,-0.000250000000000028,-0.06977198515252936
NCL,campus_102,loss2,Top 10,Hit Ratio,0.22207,0.22132,-0.0007500000000000007,-0.3377313459719911
NCL,campus_102,loss2,Top 10,Precision,0.20815,0.20745,-0.0007000000000000062,-0.3362959404275792
NCL,campus_102,loss2,Top 10,Recall,0.29495,0.29085,-0.0040999999999999925,-1.3900661129004892
NCL,campus_102,loss2,Top 10,NDCG,0.35482,0.35482,0.0,0.0
NCL,campus_102,loss2,Top 20,Hit Ratio,0.29702,0.29551,-0.0015100000000000113,-0.5083832738536164
NCL,campus_102,loss2,Top 20,Precision,0.1392,0.13849,-0.0007099999999999884,-0.5100574712643595
NCL,campus_102,loss2,Top 20,Recall,0.36295,0.35877,-0.004180000000000017,-1.1516737842678102
NCL,campus_102,loss2,Top 20,NDCG,0.35831,0.35757,-0.0007400000000000184,-0.20652507605146897
NCL,campus_102,loss3,Top 10,Hit Ratio,0.22207,0.22273,0.0006600000000000217,0.29720358445536166
NCL,campus_102,loss3,Top 10,Precision,0.20815,0.20877,0.0006200000000000094,0.29786211866442924
NCL,campus_102,loss3,Top 10,Recall,0.29495,0.29182,-0.003129999999999966,-1.0611968130191445
NCL,campus_102,loss3,Top 10,NDCG,0.35482,0.35463,-0.00019000000000002348,-0.053548278000119354
NCL,campus_102,loss3,Top 20,Hit Ratio,0.29702,0.29798,0.0009600000000000164,0.32321055821157374
NCL,campus_102,loss3,Top 20,Precision,0.1392,0.13965,0.00045000000000000595,0.3232758620689698
NCL,campus_102,loss3,Top 20,Recall,0.36295,0.36312,0.00017000000000000348,0.04683840749414616
NCL,campus_102,loss3,Top 20,NDCG,0.35831,0.35859,0.00028000000000000247,0.07814462337082483
NCL,campus_102,loss4,Top 10,Hit Ratio,0.22207,0.22216,9.000000000000674e-05,0.04052776151664193
NCL,campus_102,loss4,Top 10,Precision,0.20815,0.20823,7.999999999999674e-05,0.03843382176315001
NCL,campus_102,loss4,Top 10,Recall,0.29495,0.29145,-0.003500000000000003,-1.1866418036955426
NCL,campus_102,loss4,Top 10,NDCG,0.35482,0.35688,0.0020599999999999508,0.5805760667380504
NCL,campus_102,loss4,Top 20,Hit Ratio,0.29702,0.29463,-0.0023900000000000032,-0.8046596188808844
NCL,campus_102,loss4,Top 20,Precision,0.1392,0.13808,-0.0011199999999999821,-0.8045977011494124
NCL,campus_102,loss4,Top 20,Recall,0.36295,0.35751,-0.00544,-1.4988290398126465
NCL,campus_102,loss4,Top 20,NDCG,0.35831,0.35862,0.00030999999999997696,0.0865172615891203
NCL,campus_102,loss5,Top 10,Hit Ratio,0.22207,0.22347,0.0014000000000000123,0.6304318458143885
NCL,campus_102,loss5,Top 10,Precision,0.20815,0.20946,0.0013100000000000056,0.6293538313716097
NCL,campus_102,loss5,Top 10,Recall,0.29495,0.29536,0.00041000000000002146,0.13900661129005645
NCL,campus_102,loss5,Top 10,NDCG,0.35482,0.35685,0.0020299999999999763,0.572121075474882
NCL,campus_102,loss5,Top 20,Hit Ratio,0.29702,0.29689,-0.000130000000000019,-0.04376809642448959
NCL,campus_102,loss5,Top 20,Precision,0.1392,0.13914,-5.999999999997674e-05,-0.04310344827584536
NCL,campus_102,loss5,Top 20,Recall,0.36295,0.36058,-0.0023699999999999832,-0.6529825044771961
NCL,campus_102,loss5,Top 20,NDCG,0.35831,0.35908,0.0007699999999999929,0.21489771426976442
NCL,campus_143,loss1,Top 10,Hit Ratio,0.4796,0.48401,0.0044099999999999695,0.9195162635529543
NCL,campus_143,loss1,Top 10,Precision,0.15418,0.1556,0.0014199999999999768,0.9210014269036041
NCL,campus_143,loss1,Top 10,Recall,0.5708,0.57404,0.0032400000000000206,0.5676243868255118
NCL,campus_143,loss1,Top 10,NDCG,0.53001,0.53236,0.0023500000000000743,0.44338786060641766
NCL,campus_143,loss1,Top 20,Hit Ratio,0.57155,0.5709,-0.0006500000000000394,-0.11372583326043906
NCL,campus_143,loss1,Top 20,Precision,0.09187,0.09177,-9.999999999998899e-05,-0.10884946119515511
NCL,campus_143,loss1,Top 20,Recall,0.63684,0.6357,-0.0011399999999999189,-0.17900885622761115
NCL,campus_143,loss1,Top 20,NDCG,0.55278,0.55337,0.0005899999999999794,0.10673323926335601
NCL,campus_143,loss2,Top 10,Hit Ratio,0.4796,0.48278,0.0031799999999999606,0.6630525437864805
NCL,campus_143,loss2,Top 10,Precision,0.15418,0.1552,0.0010199999999999931,0.6615644052406233
NCL,campus_143,loss2,Top 10,Recall,0.5708,0.57083,2.999999999997449e-05,0.005255781359490976
NCL,campus_143,loss2,Top 10,NDCG,0.53001,0.5332,0.003190000000000026,0.6018754363125273
NCL,campus_143,loss2,Top 20,Hit Ratio,0.57155,0.56792,-0.003630000000000022,-0.6351150380544174
NCL,campus_143,loss2,Top 20,Precision,0.09187,0.09129,-0.0005799999999999972,-0.631326874931966
NCL,campus_143,loss2,Top 20,Recall,0.63684,0.63205,-0.004789999999999961,-0.752151246780975
NCL,campus_143,loss2,Top 20,NDCG,0.55278,0.55396,0.0011799999999999589,0.21346647852671202
NCL,campus_143,loss3,Top 10,Hit Ratio,0.4796,0.48258,0.0029799999999999827,0.6213511259382782
NCL,campus_143,loss3,Top 10,Precision,0.15418,0.15514,0.0009599999999999886,0.6226488519911717
NCL,campus_143,loss3,Top 10,Recall,0.5708,0.57179,0.0009900000000000464,0.17344078486335782
NCL,campus_143,loss3,Top 10,NDCG,0.53001,0.53162,0.0016100000000000003,0.3037678534367277
NCL,campus_143,loss3,Top 20,Hit Ratio,0.57155,0.56935,-0.0021999999999999797,-0.3849182048814591
NCL,campus_143,loss3,Top 20,Precision,0.09187,0.09152,-0.0003499999999999892,-0.38097311418307306
NCL,campus_143,loss3,Top 20,Recall,0.63684,0.63497,-0.0018699999999999273,-0.29363733433828393
NCL,campus_143,loss3,Top 20,NDCG,0.55278,0.55308,0.00029999999999996696,0.054271138608482025
NCL,campus_143,loss4,Top 10,Hit Ratio,0.4796,0.48187,0.0022699999999999942,0.47331109257714643
NCL,campus_143,loss4,Top 10,Precision,0.15418,0.15491,0.0007299999999999807,0.4734725645349465
NCL,campus_143,loss4,Top 10,Recall,0.5708,0.56945,-0.0013499999999999623,-0.23651016117728843
NCL,campus_143,loss4,Top 10,NDCG,0.53001,0.53119,0.0011800000000000699,0.22263730873003715
NCL,campus_143,loss4,Top 20,Hit Ratio,0.57155,0.56702,-0.004530000000000034,-0.7925815764150178
NCL,campus_143,loss4,Top 20,Precision,0.09187,0.09114,-0.0007299999999999945,-0.7946010667247138
NCL,campus_143,loss4,Top 20,Recall,0.63684,0.63103,-0.005809999999999982,-0.9123170655109576
NCL,campus_143,loss4,Top 20,NDCG,0.55278,0.55199,-0.0007900000000000684,-0.14291399833569746
NCL,campus_143,loss5,Top 10,Hit Ratio,0.4796,0.48316,0.003559999999999952,0.7422852376980718
NCL,campus_143,loss5,Top 10,Precision,0.15418,0.15533,0.0011499999999999844,0.7458814372810898
NCL,campus_143,loss5,Top 10,Recall,0.5708,0.57213,0.0013300000000000534,0.23300630693764077
NCL,campus_143,loss5,Top 10,NDCG,0.53001,0.53058,0.0005700000000000705,0.10754514065773674
NCL,campus_143,loss5,Top 20,Hit Ratio,0.57155,0.57142,-0.00012999999999996348,-0.022745166652080043
NCL,campus_143,loss5,Top 20,Precision,0.09187,0.09185,-1.9999999999992246e-05,-0.02176989223902498
NCL,campus_143,loss5,Top 20,Recall,0.63684,0.63513,-0.0017099999999999893,-0.2685132843414342
NCL,campus_143,loss5,Top 20,NDCG,0.55278,0.55228,-0.000500000000000056,-0.09045189768082346
NCL,campus_15,loss1,Top 10,Hit Ratio,0.1938,0.19586,0.0020600000000000063,1.062951496388032
NCL,campus_15,loss1,Top 10,Precision,0.25915,0.2619,0.00275000000000003,1.061161489484866
NCL,campus_15,loss1,Top 10,Recall,0.28583,0.28594,0.0001100000000000545,0.038484413812425046
NCL,campus_15,loss1,Top 10,NDCG,0.39712,0.399,0.0018800000000000483,0.4734085414988035
NCL,campus_15,loss1,Top 20,Hit Ratio,0.28803,0.28868,0.0006499999999999839,0.22567093705516228
NCL,campus_15,loss1,Top 20,Precision,0.19257,0.19301,0.00043999999999999595,0.22848834190164405
NCL,campus_15,loss1,Top 20,Recall,0.36399,0.36145,-0.0025399999999999867,-0.6978213687189172
NCL,campus_15,loss1,Top 20,NDCG,0.38991,0.3895,-0.00040999999999996595,-0.10515247108306174
NCL,campus_15,loss2,Top 10,Hit Ratio,0.1938,0.19534,0.0015400000000000136,0.7946336429308636
NCL,campus_15,loss2,Top 10,Precision,0.25915,0.26121,0.0020600000000000063,0.7949064248504752
NCL,campus_15,loss2,Top 10,Recall,0.28583,0.28678,0.0009500000000000064,0.3323653920162357
NCL,campus_15,loss2,Top 10,NDCG,0.39712,0.39913,0.0020100000000000118,0.5061442385173277
NCL,campus_15,loss2,Top 20,Hit Ratio,0.28803,0.28951,0.0014799999999999813,0.5138353643717604
NCL,campus_15,loss2,Top 20,Precision,0.19257,0.19356,0.0009900000000000186,0.5140987692787136
NCL,campus_15,loss2,Top 20,Recall,0.36399,0.36376,-0.00023000000000000798,-0.06318854913596747
NCL,campus_15,loss2,Top 20,NDCG,0.38991,0.39074,0.0008299999999999974,0.21286963658280048
NCL,campus_15,loss3,Top 10,Hit Ratio,0.1938,0.19459,0.0007900000000000129,0.4076367389060954
NCL,campus_15,loss3,Top 10,Precision,0.25915,0.2602,0.0010499999999999954,0.405170750530579
NCL,campus_15,loss3,Top 10,Recall,0.28583,0.28581,-1.999999999996449e-05,-0.006997166147697755
NCL,campus_15,loss3,Top 10,NDCG,0.39712,0.3973,0.00018000000000001348,0.04532634971797277
NCL,campus_15,loss3,Top 20,Hit Ratio,0.28803,0.28848,0.00045000000000000595,0.1562337256535798
NCL,campus_15,loss3,Top 20,Precision,0.19257,0.19288,0.0003100000000000047,0.16098042270343496
NCL,campus_15,loss3,Top 20,Recall,0.36399,0.36285,-0.0011399999999999744,-0.3131954174565165
NCL,campus_15,loss3,Top 20,NDCG,0.38991,0.38927,-0.0006399999999999739,-0.16414044266624964
NCL,campus_15,loss4,Top 10,Hit Ratio,0.1938,0.19582,0.002019999999999994,1.042311661506705
NCL,campus_15,loss4,Top 10,Precision,0.25915,0.26184,0.0026900000000000257,1.0380088751688312
NCL,campus_15,loss4,Top 10,Recall,0.28583,0.28677,0.0009400000000000519,0.32886680894239656
NCL,campus_15,loss4,Top 10,NDCG,0.39712,0.40026,0.0031400000000000317,0.790692989524585
NCL,campus_15,loss4,Top 20,Hit Ratio,0.28803,0.2892,0.0011700000000000044,0.4062076866993037
NCL,campus_15,loss4,Top 20,Precision,0.19257,0.19336,0.0007900000000000129,0.4102404320506896
NCL,campus_15,loss4,Top 20,Recall,0.36399,0.3638,-0.00018999999999996797,-0.05219923624274512
NCL,campus_15,loss4,Top 20,NDCG,0.38991,0.39122,0.0013100000000000334,0.335974968582502
NCL,campus_15,loss5,Top 10,Hit Ratio,0.1938,0.19492,0.0011200000000000099,0.5779153766769917
NCL,campus_15,loss5,Top 10,Precision,0.25915,0.26064,0.0014899999999999913,0.574956588848154
NCL,campus_15,loss5,Top 10,Recall,0.28583,0.28625,0.00042000000000003146,0.14694048910192475
NCL,campus_15,loss5,Top 10,NDCG,0.39712,0.39868,0.0015600000000000058,0.39282836422240275
NCL,campus_15,loss5,Top 20,Hit Ratio,0.28803,0.2887,0.0006700000000000039,0.23261465819532823
NCL,campus_15,loss5,Top 20,Precision,0.19257,0.19302,0.00045000000000000595,0.2336812587630503
NCL,campus_15,loss5,Top 20,Recall,0.36399,0.36377,-0.00021999999999999797,-0.06044122091266188
NCL,campus_15,loss5,Top 20,NDCG,0.38991,0.39048,0.0005700000000000149,0.1461875817496384
NCL,campus_34,loss1,Top 10,Hit Ratio,0.37124,0.36755,-0.0036900000000000266,-0.9939661674388607
NCL,campus_34,loss1,Top 10,Precision,0.18752,0.18566,-0.0018600000000000005,-0.9918941979522188
NCL,campus_34,loss1,Top 10,Recall,0.46225,0.45791,-0.0043400000000000105,-0.9388858842617654
NCL,campus_34,loss1,Top 10,NDCG,0.46046,0.45828,-0.0021799999999999597,-0.4734396038743777
NCL,campus_34,loss1,Top 20,Hit Ratio,0.46311,0.45755,-0.005560000000000009,-1.200578696206087
NCL,campus_34,loss1,Top 20,Precision,0.11696,0.11556,-0.0013999999999999985,-1.196990424076606
NCL,campus_34,loss1,Top 20,Recall,0.53206,0.52531,-0.006749999999999923,-1.2686539112130066
NCL,campus_34,loss1,Top 20,NDCG,0.48116,0.47825,-0.002909999999999968,-0.6047884279657428
NCL,campus_34,loss2,Top 10,Hit Ratio,0.37124,0.36974,-0.0015000000000000013,-0.4040512875767701
NCL,campus_34,loss2,Top 10,Precision,0.18752,0.18677,-0.0007500000000000007,-0.39995733788395943
NCL,campus_34,loss2,Top 10,Recall,0.46225,0.45793,-0.0043199999999999905,-0.9345592212006469
NCL,campus_34,loss2,Top 10,NDCG,0.46046,0.45841,-0.0020499999999999963,-0.4452069669460966
NCL,campus_34,loss2,Top 20,Hit Ratio,0.46311,0.46007,-0.0030400000000000427,-0.6564315173500989
NCL,campus_34,loss2,Top 20,Precision,0.11696,0.1162,-0.0007599999999999968,-0.6497948016415842
NCL,campus_34,loss2,Top 20,Recall,0.53206,0.52654,-0.005519999999999969,-1.0374769762808649
NCL,campus_34,loss2,Top 20,NDCG,0.48116,0.47851,-0.0026499999999999857,-0.5507523484911434
NCL,campus_34,loss3,Top 10,Hit Ratio,0.37124,0.3727,0.0014599999999999613,0.3932765865747121
NCL,campus_34,loss3,Top 10,Precision,0.18752,0.18826,0.0007400000000000184,0.39462457337884943
NCL,campus_34,loss3,Top 10,Recall,0.46225,0.46228,3.0000000000030003e-05,0.006489994591677664
NCL,campus_34,loss3,Top 10,NDCG,0.46046,0.46163,0.0011700000000000044,0.2540937323546029
NCL,campus_34,loss3,Top 20,Hit Ratio,0.46311,0.46364,0.0005299999999999749,0.11444365269589836
NCL,campus_34,loss3,Top 20,Precision,0.11696,0.1171,0.00014000000000000123,0.1196990424076618
NCL,campus_34,loss3,Top 20,Recall,0.53206,0.53076,-0.0012999999999999678,-0.24433334586324248
NCL,campus_34,loss3,Top 20,NDCG,0.48116,0.48174,0.0005800000000000249,0.12054202344335044
NCL,campus_34,loss4,Top 10,Hit Ratio,0.37124,0.368,-0.0032400000000000206,-0.8727507811658282
NCL,campus_34,loss4,Top 10,Precision,0.18752,0.18588,-0.0016400000000000026,-0.8745733788395919
NCL,campus_34,loss4,Top 10,Recall,0.46225,0.45727,-0.0049799999999999844,-1.0773391022174115
NCL,campus_34,loss4,Top 10,NDCG,0.46046,0.45782,-0.0026399999999999757,-0.5733397037744811
NCL,campus_34,loss4,Top 20,Hit Ratio,0.46311,0.45837,-0.004740000000000022,-1.0235149316577101
NCL,campus_34,loss4,Top 20,Precision,0.11696,0.11577,-0.0011899999999999966,-1.0174418604651134
NCL,campus_34,loss4,Top 20,Recall,0.53206,0.52527,-0.006789999999999963,-1.2761718603164987
NCL,campus_34,loss4,Top 20,NDCG,0.48116,0.47789,-0.003269999999999995,-0.6796076149305834
NCL,campus_34,loss5,Top 10,Hit Ratio,0.37124,0.37218,0.0009399999999999964,0.2532054735481081
NCL,campus_34,loss5,Top 10,Precision,0.18752,0.18799,0.0004699999999999982,0.2506399317406134
NCL,campus_34,loss5,Top 10,Recall,0.46225,0.46206,-0.00018999999999996797,-0.04110329908057717
NCL,campus_34,loss5,Top 10,NDCG,0.46046,0.4617,0.0012400000000000189,0.2692959214698386
NCL,campus_34,loss5,Top 20,Hit Ratio,0.46311,0.46254,-0.0005700000000000149,-0.12308090950314501
NCL,campus_34,loss5,Top 20,Precision,0.11696,0.11682,-0.00014000000000000123,-0.1196990424076618
NCL,campus_34,loss5,Top 20,Recall,0.53206,0.52964,-0.0024199999999999777,-0.45483592076081225
NCL,campus_34,loss5,Top 20,NDCG,0.48116,0.48168,0.0005200000000000204,0.10807215894921034
SGL,campus_10,loss1,Top 10,Hit Ratio,0.25263,0.24978,-0.002850000000000019,-1.1281320508253252
SGL,campus_10,loss1,Top 10,Precision,0.22598,0.22343,-0.0025499999999999967,-1.1284184441100968
SGL,campus_10,loss1,Top 10,Recall,0.35133,0.34696,-0.004369999999999985,-1.2438448182620288
SGL,campus_10,loss1,Top 10,NDCG,0.40239,0.39839,-0.0040000000000000036,-0.994060488580731
SGL,campus_10,loss1,Top 20,Hit Ratio,0.3365,0.33383,-0.0026700000000000057,-0.7934621099554251
SGL,campus_10,loss1,Top 20,Precision,0.15051,0.14931,-0.0012000000000000066,-0.7972892166633491
SGL,campus_10,loss1,Top 20,Recall,0.4151,0.41319,-0.0019100000000000228,-0.4601300891351536
SGL,campus_10,loss1,Top 20,NDCG,0.40391,0.40097,-0.002939999999999998,-0.727884924859498
SGL,campus_10,loss2,Top 10,Hit Ratio,0.25263,0.24966,-0.002970000000000028,-1.1756323477021842
SGL,campus_10,loss2,Top 10,Precision,0.22598,0.22332,-0.0026599999999999957,-1.1770953181697477
SGL,campus_10,loss2,Top 10,Recall,0.35133,0.34866,-0.00266999999999995,-0.7599692596703812
SGL,campus_10,loss2,Top 10,NDCG,0.40239,0.39959,-0.0028000000000000247,-0.6958423420065172
SGL,campus_10,loss2,Top 20,Hit Ratio,0.3365,0.33383,-0.0026700000000000057,-0.7934621099554251
SGL,campus_10,loss2,Top 20,Precision,0.15051,0.14931,-0.0012000000000000066,-0.7972892166633491
SGL,campus_10,loss2,Top 20,Recall,0.4151,0.41367,-0.0014300000000000423,-0.3444953023367965
SGL,campus_10,loss2,Top 20,NDCG,0.40391,0.40193,-0.0019799999999999818,-0.4902082147012903
SGL,campus_10,loss3,Top 10,Hit Ratio,0.25263,0.25093,-0.0017000000000000348,-0.672920872422133
SGL,campus_10,loss3,Top 10,Precision,0.22598,0.22446,-0.0015199999999999936,-0.6726258960969969
SGL,campus_10,loss3,Top 10,Recall,0.35133,0.35015,-0.0011799999999999589,-0.3358665641988896
SGL,campus_10,loss3,Top 10,NDCG,0.40239,0.40178,-0.0006099999999999994,-0.1515942245085612
SGL,campus_10,loss3,Top 20,Hit Ratio,0.3365,0.33518,-0.0013200000000000434,-0.39227340267460425
SGL,campus_10,loss3,Top 20,Precision,0.15051,0.14991,-0.0006000000000000172,-0.3986446083316837
SGL,campus_10,loss3,Top 20,Recall,0.4151,0.41536,0.00025999999999998247,0.06263550951577511
SGL,campus_10,loss3,Top 20,NDCG,0.40391,0.40383,-7.999999999996898e-05,-0.019806392513175952
SGL,campus_10,loss4,Top 10,Hit Ratio,0.25263,0.25008,-0.0025499999999999967,-1.0093813086331775
SGL,campus_10,loss4,Top 10,Precision,0.22598,0.2237,-0.0022799999999999765,-1.0089388441454894
SGL,campus_10,loss4,Top 10,Recall,0.35133,0.34769,-0.0036399999999999766,-1.0360629607491467
SGL,campus_10,loss4,Top 10,NDCG,0.40239,0.39972,-0.0026700000000000057,-0.6635353761276388
SGL,campus_10,loss4,Top 20,Hit Ratio,0.3365,0.33359,-0.0029100000000000237,-0.8647845468053562
SGL,campus_10,loss4,Top 20,Precision,0.15051,0.1492,-0.0013100000000000056,-0.8703740615241549
SGL,campus_10,loss4,Top 20,Recall,0.4151,0.41174,-0.0033600000000000296,-0.8094435075885399
SGL,campus_10,loss4,Top 20,NDCG,0.40391,0.40149,-0.0024199999999999777,-0.5991433735237993
SGL,campus_10,loss5,Top 10,Hit Ratio,0.25263,0.2507,-0.0019300000000000428,-0.7639631081027758
SGL,campus_10,loss5,Top 10,Precision,0.22598,0.22426,-0.0017199999999999993,-0.7611293034781836
SGL,campus_10,loss5,Top 10,Recall,0.35133,0.34817,-0.003159999999999996,-0.8994392736173957
SGL,campus_10,loss5,Top 10,NDCG,0.40239,0.40091,-0.0014800000000000368,-0.36780238077487926
SGL,campus_10,loss5,Top 20,Hit Ratio,0.3365,0.33419,-0.0023100000000000342,-0.686478454680545
SGL,campus_10,loss5,Top 20,Precision,0.15051,0.14947,-0.0010400000000000131,-0.6909839877749074
SGL,campus_10,loss5,Top 20,Recall,0.4151,0.41371,-0.0013900000000000023,-0.33485907010359006
SGL,campus_10,loss5,Top 20,NDCG,0.40391,0.40302,-0.0008900000000000019,-0.22034611670916837
SGL,campus_102,loss1,Top 10,Hit Ratio,0.23928,0.23751,-0.0017699999999999938,-0.7397191574724147
SGL,campus_102,loss1,Top 10,Precision,0.22429,0.22262,-0.001669999999999977,-0.7445717597752808
SGL,campus_102,loss1,Top 10,Recall,0.31039,0.30832,-0.0020700000000000163,-0.666902928573735
SGL,campus_102,loss1,Top 10,NDCG,0.37728,0.3753,-0.0019799999999999818,-0.5248091603053386
SGL,campus_102,loss1,Top 20,Hit Ratio,0.31327,0.30924,-0.004029999999999978,-1.2864302358987385
SGL,campus_102,loss1,Top 20,Precision,0.14682,0.14493,-0.0018900000000000028,-1.2872905598692295
SGL,campus_102,loss1,Top 20,Recall,0.37366,0.36954,-0.0041200000000000125,-1.1026066477546468
SGL,campus_102,loss1,Top 20,NDCG,0.37603,0.37354,-0.0024899999999999922,-0.6621812089460927
SGL,campus_102,loss2,Top 10,Hit Ratio,0.23928,0.23799,-0.0012899999999999856,-0.5391173520561625
SGL,campus_102,loss2,Top 10,Precision,0.22429,0.22308,-0.0012099999999999889,-0.5394801373222119
SGL,campus_102,loss2,Top 10,Recall,0.31039,0.31017,-0.00021999999999999797,-0.07087857211894648
SGL,campus_102,loss2,Top 10,NDCG,0.37728,0.37499,-0.0022900000000000142,-0.6069762510602243
SGL,campus_102,loss2,Top 20,Hit Ratio,0.31327,0.31147,-0.0017999999999999683,-0.5745842244708935
SGL,campus_102,loss2,Top 20,Precision,0.14682,0.14598,-0.0008400000000000074,-0.5721291377196618
SGL,campus_102,loss2,Top 20,Recall,0.37366,0.37133,-0.0023299999999999987,-0.6235615265214363
SGL,campus_102,loss2,Top 20,NDCG,0.37603,0.37359,-0.0024399999999999977,-0.6488843975214739
SGL,campus_102,loss3,Top 10,Hit Ratio,0.23928,0.23819,-0.0010899999999999799,-0.4555332664660565
SGL,campus_102,loss3,Top 10,Precision,0.22429,0.22326,-0.0010300000000000031,-0.45922689375362397
SGL,campus_102,loss3,Top 10,Recall,0.31039,0.31085,0.00046000000000001595,0.14820065079416733
SGL,campus_102,loss3,Top 10,NDCG,0.37728,0.37615,-0.0011300000000000199,-0.29951229855810535
SGL,campus_102,loss3,Top 20,Hit Ratio,0.31327,0.31292,-0.00035000000000001696,-0.11172471031379225
SGL,campus_102,loss3,Top 20,Precision,0.14682,0.14665,-0.00017000000000000348,-0.11578803977659954
SGL,campus_102,loss3,Top 20,Recall,0.37366,0.37427,0.0006099999999999994,0.1632500133811485
SGL,campus_102,loss3,Top 20,NDCG,0.37603,0.37578,-0.00024999999999997247,-0.06648405712309456
SGL,campus_102,loss4,Top 10,Hit Ratio,0.23928,0.23806,-0.0012199999999999989,-0.5098629220996318
SGL,campus_102,loss4,Top 10,Precision,0.22429,0.22314,-0.0011499999999999844,-0.5127290561326784
SGL,campus_102,loss4,Top 10,Recall,0.31039,0.30811,-0.0022800000000000042,-0.7345597474145444
SGL,campus_102,loss4,Top 10,NDCG,0.37728,0.37572,-0.0015600000000000058,-0.41348600508906
SGL,campus_102,loss4,Top 20,Hit Ratio,0.31327,0.31112,-0.0021499999999999853,-0.6863089347846858
SGL,campus_102,loss4,Top 20,Precision,0.14682,0.14581,-0.0010100000000000109,-0.6879171774962614
SGL,campus_102,loss4,Top 20,Recall,0.37366,0.37026,-0.003400000000000014,-0.9099181073703404
SGL,campus_102,loss4,Top 20,NDCG,0.37603,0.37422,-0.0018099999999999783,-0.48134457357125193
SGL,campus_102,loss5,Top 10,Hit Ratio,0.23928,0.23825,-0.0010300000000000031,-0.43045804078903505
SGL,campus_102,loss5,Top 10,Precision,0.22429,0.22332,-0.0009699999999999986,-0.4324758125640905
SGL,campus_102,loss5,Top 10,Recall,0.31039,0.30947,-0.0009199999999999764,-0.2964013015883168
SGL,campus_102,loss5,Top 10,NDCG,0.37728,0.37607,-0.0012099999999999889,-0.3207167090754848
SGL,campus_102,loss5,Top 20,Hit Ratio,0.31327,0.31108,-0.0021899999999999697,-0.6990774731062566
SGL,campus_102,loss5,Top 20,Precision,0.14682,0.14579,-0.0010300000000000031,-0.7015392998229145
SGL,campus_102,loss5,Top 20,Recall,0.37366,0.3704,-0.003259999999999985,-0.8724508911844953
SGL,campus_102,loss5,Top 20,NDCG,0.37603,0.37431,-0.0017199999999999993,-0.4574103130069408
SGL,campus_143,loss1,Top 10,Hit Ratio,0.49229,0.49417,0.0018799999999999928,0.3818887241260218
SGL,campus_143,loss1,Top 10,Precision,0.15826,0.15887,0.0006099999999999994,0.385441678250979
SGL,campus_143,loss1,Top 10,Recall,0.57545,0.57389,-0.0015600000000000058,-0.27109218872187085
SGL,campus_143,loss1,Top 10,NDCG,0.54275,0.54326,0.0005100000000000104,0.09396591432519769
SGL,campus_143,loss1,Top 20,Hit Ratio,0.5643,0.56087,-0.003430000000000044,-0.6078327130958788
SGL,campus_143,loss1,Top 20,Precision,0.09071,0.09015,-0.0005600000000000049,-0.6173520008819369
SGL,campus_143,loss1,Top 20,Recall,0.62422,0.61803,-0.006190000000000029,-0.9916375636794766
SGL,campus_143,loss1,Top 20,NDCG,0.55902,0.55775,-0.0012699999999999934,-0.22718328503452354
SGL,campus_143,loss2,Top 10,Hit Ratio,0.49229,0.4943,0.0020100000000000118,0.40829592313474
SGL,campus_143,loss2,Top 10,Precision,0.15826,0.15891,0.0006499999999999839,0.4107165423985744
SGL,campus_143,loss2,Top 10,Recall,0.57545,0.57646,0.0010099999999999554,0.17551481449299772
SGL,campus_143,loss2,Top 10,NDCG,0.54275,0.54339,0.0006400000000000849,0.11791801013359465
SGL,campus_143,loss2,Top 20,Hit Ratio,0.5643,0.56307,-0.0012300000000000644,-0.2179691653375978
SGL,campus_143,loss2,Top 20,Precision,0.09071,0.09051,-0.00020000000000000573,-0.220482857457839
SGL,campus_143,loss2,Top 20,Recall,0.62422,0.62268,-0.0015399999999999858,-0.2467078914485255
SGL,campus_143,loss2,Top 20,NDCG,0.55902,0.5586,-0.00041999999999997595,-0.07513148009015348
SGL,campus_143,loss3,Top 10,Hit Ratio,0.49229,0.49074,-0.0015499999999999958,-0.3148550651039013
SGL,campus_143,loss3,Top 10,Precision,0.15826,0.15776,-0.0005000000000000004,-0.31593580184506537
SGL,campus_143,loss3,Top 10,Recall,0.57545,0.57295,-0.0025000000000000577,-0.43444261013121166
SGL,campus_143,loss3,Top 10,NDCG,0.54275,0.54128,-0.0014699999999999713,-0.270842929525559
SGL,campus_143,loss3,Top 20,Hit Ratio,0.5643,0.56346,-0.0008400000000000629,-0.14885699096226526
SGL,campus_143,loss3,Top 20,Precision,0.09071,0.09057,-0.00014000000000000123,-0.15433800022048422
SGL,campus_143,loss3,Top 20,Recall,0.62422,0.62268,-0.0015399999999999858,-0.2467078914485255
SGL,campus_143,loss3,Top 20,NDCG,0.55902,0.5578,-0.0012199999999999989,-0.21823906121426767
SGL,campus_143,loss4,Top 10,Hit Ratio,0.49229,0.49663,0.0043400000000000105,0.8815941822909281
SGL,campus_143,loss4,Top 10,Precision,0.15826,0.15966,0.0013999999999999846,0.8846202451661724
SGL,campus_143,loss4,Top 10,Recall,0.57545,0.57442,-0.0010299999999999754,-0.1789903553740508
SGL,campus_143,loss4,Top 10,NDCG,0.54275,0.54455,0.0018000000000000238,0.33164440350069535
SGL,campus_143,loss4,Top 20,Hit Ratio,0.5643,0.56242,-0.0018799999999999928,-0.33315612262980554
SGL,campus_143,loss4,Top 20,Precision,0.09071,0.0904,-0.0003100000000000047,-0.3417484290596458
SGL,campus_143,loss4,Top 20,Recall,0.62422,0.61728,-0.006939999999999946,-1.1117875108134867
SGL,campus_143,loss4,Top 20,NDCG,0.55902,0.55853,-0.0004899999999999904,-0.0876533934385157
SGL,campus_143,loss5,Top 10,Hit Ratio,0.49229,0.49553,0.0032400000000000206,0.6581486522171932
SGL,campus_143,loss5,Top 10,Precision,0.15826,0.1593,0.0010399999999999854,0.657146467837726
SGL,campus_143,loss5,Top 10,Recall,0.57545,0.57348,-0.0019700000000000273,-0.34234077678339164
SGL,campus_143,loss5,Top 10,NDCG,0.54275,0.54266,-8.999999999992347e-05,-0.016582220175020448
SGL,campus_143,loss5,Top 20,Hit Ratio,0.5643,0.56242,-0.0018799999999999928,-0.33315612262980554
SGL,campus_143,loss5,Top 20,Precision,0.09071,0.0904,-0.0003100000000000047,-0.3417484290596458
SGL,campus_143,loss5,Top 20,Recall,0.62422,0.61749,-0.006730000000000014,-1.0781455256159709
SGL,campus_143,loss5,Top 20,NDCG,0.55902,0.55709,-0.0019299999999999873,-0.34524703946191326
SGL,campus_15,loss1,Top 10,Hit Ratio,0.21142,0.21181,0.00039000000000000146,0.1844669378488324
SGL,campus_15,loss1,Top 10,Precision,0.28271,0.28323,0.0005199999999999649,0.1839340667114587
SGL,campus_15,loss1,Top 10,Recall,0.30052,0.2986,-0.0019200000000000328,-0.6388925861839587
SGL,campus_15,loss1,Top 10,NDCG,0.4177,0.41853,0.0008299999999999974,0.19870720612879994
SGL,campus_15,loss1,Top 20,Hit Ratio,0.31328,0.31365,0.00036999999999998145,0.1181052093973383
SGL,campus_15,loss1,Top 20,Precision,0.20946,0.2097,0.00023999999999999022,0.11458034947006122
SGL,campus_15,loss1,Top 20,Recall,0.38032,0.38021,-0.00010999999999999899,-0.028923012200252157
SGL,campus_15,loss1,Top 20,NDCG,0.40776,0.40859,0.0008299999999999974,0.2035511084951926
SGL,campus_15,loss2,Top 10,Hit Ratio,0.21142,0.21126,-0.00015999999999999348,-0.07567874373285095
SGL,campus_15,loss2,Top 10,Precision,0.28271,0.28249,-0.00021999999999999797,-0.07781825899331399
SGL,campus_15,loss2,Top 10,Recall,0.30052,0.29613,-0.004390000000000005,-1.460801277785174
SGL,campus_15,loss2,Top 10,NDCG,0.4177,0.41687,-0.0008299999999999974,-0.19870720612879994
SGL,campus_15,loss2,Top 20,Hit Ratio,0.31328,0.31265,-0.0006300000000000194,-0.20109805924413285
SGL,campus_15,loss2,Top 20,Precision,0.20946,0.20903,-0.0004300000000000137,-0.20528979280054122
SGL,campus_15,loss2,Top 20,Recall,0.38032,0.37635,-0.0039699999999999736,-1.0438578039545576
SGL,campus_15,loss2,Top 20,NDCG,0.40776,0.40636,-0.0014000000000000123,-0.3433392191485217
SGL,campus_15,loss3,Top 10,Hit Ratio,0.21142,0.21192,0.0005000000000000004,0.23649607416516907
SGL,campus_15,loss3,Top 10,Precision,0.28271,0.28337,0.0006599999999999939,0.23345477697994196
SGL,campus_15,loss3,Top 10,Recall,0.30052,0.30016,-0.00036000000000002697,-0.11979235990949917
SGL,campus_15,loss3,Top 10,NDCG,0.4177,0.4181,0.00040000000000001146,0.09576250897773796
SGL,campus_15,loss3,Top 20,Hit Ratio,0.31328,0.31306,-0.00021999999999999797,-0.07022471910112295
SGL,campus_15,loss3,Top 20,Precision,0.20946,0.20931,-0.00015000000000001124,-0.07161271841879654
SGL,campus_15,loss3,Top 20,Recall,0.38032,0.37982,-0.0005000000000000004,-0.13146823727387477
SGL,campus_15,loss3,Top 20,NDCG,0.40776,0.40767,-9.00000000000345e-05,-0.02207180694527038
SGL,campus_15,loss4,Top 10,Hit Ratio,0.21142,0.21226,0.0008400000000000074,0.3973134045974872
SGL,campus_15,loss4,Top 10,Precision,0.28271,0.28384,0.0011299999999999644,0.39970287573837654
SGL,campus_15,loss4,Top 10,Recall,0.30052,0.3005,-2.0000000000020002e-05,-0.006655131106089445
SGL,campus_15,loss4,Top 10,NDCG,0.4177,0.41942,0.0017199999999999993,0.4117787886042613
SGL,campus_15,loss4,Top 20,Hit Ratio,0.31328,0.31237,-0.0009100000000000219,-0.2904749744637455
SGL,campus_15,loss4,Top 20,Precision,0.20946,0.20885,-0.0006099999999999994,-0.29122505490308387
SGL,campus_15,loss4,Top 20,Recall,0.38032,0.37883,-0.0014899999999999913,-0.39177534707614414
SGL,campus_15,loss4,Top 20,NDCG,0.40776,0.40843,0.0006700000000000039,0.16431234059250635
SGL,campus_15,loss5,Top 10,Hit Ratio,0.21142,0.2122,0.0007800000000000029,0.3689338756976648
SGL,campus_15,loss5,Top 10,Precision,0.28271,0.28374,0.0010299999999999754,0.3643309398323283
SGL,campus_15,loss5,Top 10,Recall,0.30052,0.2991,-0.0014200000000000323,-0.47251430853188886
SGL,campus_15,loss5,Top 10,NDCG,0.4177,0.41823,0.0005299999999999749,0.12688532439549316
SGL,campus_15,loss5,Top 20,Hit Ratio,0.31328,0.31415,0.0008699999999999819,0.27770684371807386
SGL,campus_15,loss5,Top 20,Precision,0.20946,0.21004,0.0005799999999999972,0.2769025112193245
SGL,campus_15,loss5,Top 20,Recall,0.38032,0.37916,-0.0011599999999999944,-0.3050063104753877
SGL,campus_15,loss5,Top 20,NDCG,0.40776,0.40783,7.00000000000145e-05,0.017166960957429492
SGL,campus_34,loss1,Top 10,Hit Ratio,0.38856,0.39173,0.003170000000000006,0.8158328186123137
SGL,campus_34,loss1,Top 10,Precision,0.19627,0.19787,0.0015999999999999903,0.8152035461354207
SGL,campus_34,loss1,Top 10,Recall,0.47152,0.47049,-0.0010299999999999754,-0.21844248388190857
SGL,campus_34,loss1,Top 10,NDCG,0.47837,0.47916,0.0007899999999999574,0.16514413529275612
SGL,campus_34,loss1,Top 20,Hit Ratio,0.46542,0.46283,-0.002589999999999981,-0.5564866142408966
SGL,campus_34,loss1,Top 20,Precision,0.11755,0.11689,-0.0006600000000000078,-0.5614632071459019
SGL,campus_34,loss1,Top 20,Recall,0.52597,0.51866,-0.007310000000000039,-1.389813107211445
SGL,campus_34,loss1,Top 20,NDCG,0.49196,0.49006,-0.0019000000000000128,-0.3862102609968316
SGL,campus_34,loss2,Top 10,Hit Ratio,0.38856,0.39002,0.0014599999999999613,0.3757463454807395
SGL,campus_34,loss2,Top 10,Precision,0.19627,0.19701,0.0007399999999999907,0.3770316400876296
SGL,campus_34,loss2,Top 10,Recall,0.47152,0.47049,-0.0010299999999999754,-0.21844248388190857
SGL,campus_34,loss2,Top 10,NDCG,0.47837,0.4796,0.0012300000000000089,0.25712314735456004
SGL,campus_34,loss2,Top 20,Hit Ratio,0.46542,0.46218,-0.0032400000000000206,-0.6961454170426756
SGL,campus_34,loss2,Top 20,Precision,0.11755,0.11673,-0.0008200000000000013,-0.6975754997873256
SGL,campus_34,loss2,Top 20,Recall,0.52597,0.51761,-0.008360000000000034,-1.589444264882034
SGL,campus_34,loss2,Top 20,NDCG,0.49196,0.49046,-0.0015000000000000013,-0.30490283762907583
SGL,campus_34,loss3,Top 10,Hit Ratio,0.38856,0.38974,0.0011799999999999589,0.30368540251182796
SGL,campus_34,loss3,Top 10,Precision,0.19627,0.19687,0.0005999999999999894,0.30570132980077924
SGL,campus_34,loss3,Top 10,Recall,0.47152,0.46963,-0.0018900000000000028,-0.40083135391924046
SGL,campus_34,loss3,Top 10,NDCG,0.47837,0.47922,0.0008499999999999619,0.17768672784663792
SGL,campus_34,loss3,Top 20,Hit Ratio,0.46542,0.46498,-0.00043999999999999595,-0.09453826651196681
SGL,campus_34,loss3,Top 20,Precision,0.11755,0.11743,-0.00011999999999999511,-0.10208421948106772
SGL,campus_34,loss3,Top 20,Recall,0.52597,0.52185,-0.0041200000000000125,-0.7833146377169824
SGL,campus_34,loss3,Top 20,NDCG,0.49196,0.49181,-0.00014999999999998348,-0.030490283762904195
SGL,campus_34,loss4,Top 10,Hit Ratio,0.38856,0.39006,0.0015000000000000013,0.3860407659048799
SGL,campus_34,loss4,Top 10,Precision,0.19627,0.19703,0.0007600000000000107,0.38722168441433263
SGL,campus_34,loss4,Top 10,Recall,0.47152,0.47021,-0.0013099999999999778,-0.27782490668475945
SGL,campus_34,loss4,Top 10,NDCG,0.47837,0.47938,0.0010099999999999554,0.21113364132365228
SGL,campus_34,loss4,Top 20,Hit Ratio,0.46542,0.46279,-0.002630000000000021,-0.5650810021056296
SGL,campus_34,loss4,Top 20,Precision,0.11755,0.11688,-0.0006700000000000039,-0.5699702254359881
SGL,campus_34,loss4,Top 20,Recall,0.52597,0.51977,-0.006200000000000094,-1.1787744548168324
SGL,campus_34,loss4,Top 20,NDCG,0.49196,0.49105,-0.0009100000000000219,-0.1849743881616436
SGL,campus_34,loss5,Top 10,Hit Ratio,0.38856,0.39108,0.0025199999999999667,0.648548486720189
SGL,campus_34,loss5,Top 10,Precision,0.19627,0.19754,0.0012699999999999934,0.6470678147449908
SGL,campus_34,loss5,Top 10,Recall,0.47152,0.47118,-0.00034000000000000696,-0.0721072276891769
SGL,campus_34,loss5,Top 10,NDCG,0.47837,0.47929,0.0009199999999999764,0.19231975249283534
SGL,campus_34,loss5,Top 20,Hit Ratio,0.46542,0.46627,0.0008500000000000174,0.18263074212539587
SGL,campus_34,loss5,Top 20,Precision,0.11755,0.11776,0.00021000000000000185,0.17864738409187736
SGL,campus_34,loss5,Top 20,Recall,0.52597,0.52157,-0.0044000000000000705,-0.8365496130958173
SGL,campus_34,loss5,Top 20,NDCG,0.49196,0.49149,-0.00047000000000002595,-0.09553622245711561
SimGCL,campus_10,loss1,Top 10,Hit Ratio,0.23085,0.23198,0.0011299999999999921,0.48949534329650946
SimGCL,campus_10,loss1,Top 10,Precision,0.2065,0.20751,0.0010100000000000109,0.4891041162227656
SimGCL,campus_10,loss1,Top 10,Recall,0.3271,0.32875,0.0016499999999999848,0.5044328951390966
SimGCL,campus_10,loss1,Top 10,NDCG,0.38264,0.38354,0.0009000000000000119,0.23520802843404034
SimGCL,campus_10,loss1,Top 20,Hit Ratio,0.29984,0.30088,0.0010399999999999854,0.3468516542155768
SimGCL,campus_10,loss1,Top 20,Precision,0.13411,0.13457,0.0004599999999999882,0.34300201327267776
SimGCL,campus_10,loss1,Top 20,Recall,0.38506,0.38781,0.0027499999999999747,0.7141744143769736
SimGCL,campus_10,loss1,Top 20,NDCG,0.38136,0.38232,0.0009600000000000164,0.25173064820642344
SimGCL,campus_10,loss2,Top 10,Hit Ratio,0.23085,0.23044,-0.0004099999999999937,-0.1776045050898825
SimGCL,campus_10,loss2,Top 10,Precision,0.2065,0.20614,-0.0003599999999999992,-0.17433414043583498
SimGCL,campus_10,loss2,Top 10,Recall,0.3271,0.32674,-0.00036000000000002697,-0.11005808621217578
SimGCL,campus_10,loss2,Top 10,NDCG,0.38264,0.382,-0.0006399999999999739,-0.16725904244197523
SimGCL,campus_10,loss2,Top 20,Hit Ratio,0.29984,0.30104,0.0011999999999999789,0.40021344717181795
SimGCL,campus_10,loss2,Top 20,Precision,0.13411,0.13465,0.0005399999999999849,0.40265453732009915
SimGCL,campus_10,loss2,Top 20,Recall,0.38506,0.38691,0.0018499999999999628,0.48044460603541334
SimGCL,campus_10,loss2,Top 20,NDCG,0.38136,0.38184,0.00048000000000003595,0.12586532410321902
SimGCL,campus_10,loss3,Top 10,Hit Ratio,0.23085,0.23083,-1.9999999999992246e-05,-0.008663634394625188
SimGCL,campus_10,loss3,Top 10,Precision,0.2065,0.20648,-1.9999999999992246e-05,-0.00968523002420932
SimGCL,campus_10,loss3,Top 10,Recall,0.3271,0.32727,0.00017000000000000348,0.05197187404463573
SimGCL,campus_10,loss3,Top 10,NDCG,0.38264,0.3829,0.000260000000000038,0.06794898599206511
SimGCL,campus_10,loss3,Top 20,Hit Ratio,0.29984,0.30168,0.0018400000000000083,0.613660618996801
SimGCL,campus_10,loss3,Top 20,Precision,0.13411,0.13493,0.0008199999999999874,0.611438371486084
SimGCL,campus_10,loss3,Top 20,Recall,0.38506,0.38722,0.0021599999999999953,0.5609515400197359
SimGCL,campus_10,loss3,Top 20,NDCG,0.38136,0.38266,0.0013000000000000234,0.340885252779532
SimGCL,campus_10,loss4,Top 10,Hit Ratio,0.23085,0.2335,0.0026500000000000135,1.1479315572882882
SimGCL,campus_10,loss4,Top 10,Precision,0.2065,0.20887,0.002370000000000011,1.1476997578692547
SimGCL,campus_10,loss4,Top 10,Recall,0.3271,0.33077,0.0036700000000000066,1.121981045551821
SimGCL,campus_10,loss4,Top 10,NDCG,0.38264,0.38646,0.0038200000000000456,0.9983274095755921
SimGCL,campus_10,loss4,Top 20,Hit Ratio,0.29984,0.30276,0.002919999999999978,0.9738527214514335
SimGCL,campus_10,loss4,Top 20,Precision,0.13411,0.13541,0.0012999999999999956,0.9693535157706327
SimGCL,campus_10,loss4,Top 20,Recall,0.38506,0.38883,0.0037699999999999956,0.9790681971640772
SimGCL,campus_10,loss4,Top 20,NDCG,0.38136,0.38497,0.003610000000000002,0.9466121250262225
SimGCL,campus_10,loss5,Top 10,Hit Ratio,0.23085,0.2315,0.0006500000000000117,0.28156811782543284
SimGCL,campus_10,loss5,Top 10,Precision,0.2065,0.20708,0.0005799999999999972,0.28087167070217783
SimGCL,campus_10,loss5,Top 10,Recall,0.3271,0.32962,0.0025200000000000222,0.7704066034851795
SimGCL,campus_10,loss5,Top 10,NDCG,0.38264,0.38313,0.000490000000000046,0.1280577043696545
SimGCL,campus_10,loss5,Top 20,Hit Ratio,0.29984,0.30431,0.0044700000000000295,1.4907950907150578
SimGCL,campus_10,loss5,Top 20,Precision,0.13411,0.13611,0.0020000000000000018,1.4913131011855951
SimGCL,campus_10,loss5,Top 20,Recall,0.38506,0.39078,0.005720000000000003,1.4854827819041194
SimGCL,campus_10,loss5,Top 20,NDCG,0.38136,0.38374,0.0023800000000000487,0.6240822320117603
SimGCL,campus_102,loss1,Top 10,Hit Ratio,0.21784,0.21716,-0.0006800000000000139,-0.31215571061330055
SimGCL,campus_102,loss1,Top 10,Precision,0.20419,0.20355,-0.0006400000000000017,-0.3134335667760427
SimGCL,campus_102,loss1,Top 10,Recall,0.28902,0.28774,-0.0012800000000000034,-0.4428759255414862
SimGCL,campus_102,loss1,Top 10,NDCG,0.35609,0.35458,-0.0015100000000000113,-0.42405009969390073
SimGCL,campus_102,loss1,Top 20,Hit Ratio,0.28171,0.28234,0.0006299999999999639,0.22363423378650524
SimGCL,campus_102,loss1,Top 20,Precision,0.13203,0.13232,0.0002899999999999847,0.219647049912887
SimGCL,campus_102,loss1,Top 20,Recall,0.34573,0.34629,0.0005600000000000049,0.16197610852399416
SimGCL,campus_102,loss1,Top 20,NDCG,0.3538,0.35313,-0.0006700000000000039,-0.18937252685132952
SimGCL,campus_102,loss2,Top 10,Hit Ratio,0.21784,0.21835,0.0005099999999999827,0.2341167829599627
SimGCL,campus_102,loss2,Top 10,Precision,0.20419,0.20466,0.0004699999999999982,0.2301777756011549
SimGCL,campus_102,loss2,Top 10,Recall,0.28902,0.28946,0.00043999999999999595,0.15223859940488407
SimGCL,campus_102,loss2,Top 10,NDCG,0.35609,0.35653,0.00043999999999999595,0.12356426746047233
SimGCL,campus_102,loss2,Top 20,Hit Ratio,0.28171,0.2832,0.0014899999999999913,0.5289127116538254
SimGCL,campus_102,loss2,Top 20,Precision,0.13203,0.13272,0.0006899999999999962,0.5226084980686179
SimGCL,campus_102,loss2,Top 20,Recall,0.34573,0.34976,0.0040300000000000336,1.165649495270886
SimGCL,campus_102,loss2,Top 20,NDCG,0.3538,0.35514,0.0013400000000000079,0.37874505370265904
SimGCL,campus_102,loss3,Top 10,Hit Ratio,0.21784,0.21852,0.0006799999999999862,0.31215571061328784
SimGCL,campus_102,loss3,Top 10,Precision,0.20419,0.20482,0.0006299999999999917,0.3085361672951622
SimGCL,campus_102,loss3,Top 10,Recall,0.28902,0.28935,0.00032999999999999696,0.11417894955366306
SimGCL,campus_102,loss3,Top 10,NDCG,0.35609,0.35513,-0.0009600000000000164,-0.26959476536831034
SimGCL,campus_102,loss3,Top 20,Hit Ratio,0.28171,0.28195,0.00023999999999996247,0.08519399382342212
SimGCL,campus_102,loss3,Top 20,Precision,0.13203,0.13214,0.00010999999999999899,0.08331439824282283
SimGCL,campus_102,loss3,Top 20,Recall,0.34573,0.34628,0.0005499999999999949,0.15908367801463424
SimGCL,campus_102,loss3,Top 20,NDCG,0.3538,0.35267,-0.0011300000000000199,-0.3193894855850819
SimGCL,campus_102,loss4,Top 10,Hit Ratio,0.21784,0.21909,0.0012500000000000011,0.5738156445097324
SimGCL,campus_102,loss4,Top 10,Precision,0.20419,0.20536,0.0011699999999999766,0.5729957392624402
SimGCL,campus_102,loss4,Top 10,Recall,0.28902,0.28925,0.00023000000000000798,0.07957926787073835
SimGCL,campus_102,loss4,Top 10,NDCG,0.35609,0.3561,1.0000000000010001e-05,0.00280827880592266
SimGCL,campus_102,loss4,Top 20,Hit Ratio,0.28171,0.28453,0.002819999999999989,1.0010294274253626
SimGCL,campus_102,loss4,Top 20,Precision,0.13203,0.13335,0.0013199999999999878,0.9997727789138741
SimGCL,campus_102,loss4,Top 20,Recall,0.34573,0.34821,0.0024800000000000377,0.71732276632055
SimGCL,campus_102,loss4,Top 20,NDCG,0.3538,0.35451,0.0007099999999999884,0.20067834934991194
SimGCL,campus_102,loss5,Top 10,Hit Ratio,0.21784,0.21631,-0.0015300000000000036,-0.7023503488799135
SimGCL,campus_102,loss5,Top 10,Precision,0.20419,0.20275,-0.0014399999999999968,-0.7052255252460927
SimGCL,campus_102,loss5,Top 10,Recall,0.28902,0.28657,-0.0024500000000000077,-0.8476922012317513
SimGCL,campus_102,loss5,Top 10,NDCG,0.35609,0.35365,-0.0024399999999999977,-0.6852200286444432
SimGCL,campus_102,loss5,Top 20,Hit Ratio,0.28171,0.28029,-0.0014200000000000323,-0.504064463455338
SimGCL,campus_102,loss5,Top 20,Precision,0.13203,0.13136,-0.0006700000000000039,-0.5074604256608376
SimGCL,campus_102,loss5,Top 20,Recall,0.34573,0.34566,-6.999999999995898e-05,-0.020247013565487228
SimGCL,campus_102,loss5,Top 20,NDCG,0.3538,0.35208,-0.0017199999999999993,-0.486150367439231
SimGCL,campus_143,loss1,Top 10,Hit Ratio,0.45001,0.45027,0.00025999999999998247,0.0577764938556882
SimGCL,campus_143,loss1,Top 10,Precision,0.14467,0.14475,7.999999999999674e-05,0.05529826501693284
SimGCL,campus_143,loss1,Top 10,Recall,0.53443,0.53586,0.0014300000000000423,0.26757479931890843
SimGCL,campus_143,loss1,Top 10,NDCG,0.51394,0.51479,0.0008500000000000174,0.1653889559092535
SimGCL,campus_143,loss1,Top 20,Hit Ratio,0.50518,0.50537,0.00019000000000002348,0.03761035670454561
SimGCL,campus_143,loss1,Top 20,Precision,0.0812,0.08123,3.0000000000002247e-05,0.03694581280788454
SimGCL,campus_143,loss1,Top 20,Recall,0.57795,0.58061,0.0026599999999999957,0.46024742624794457
SimGCL,campus_143,loss1,Top 20,NDCG,0.52716,0.52822,0.001060000000000061,0.20107747173534807
SimGCL,campus_143,loss2,Top 10,Hit Ratio,0.45001,0.45202,0.0020099999999999563,0.44665674096130226
SimGCL,campus_143,loss2,Top 10,Precision,0.14467,0.14532,0.0006500000000000117,0.44929840326260573
SimGCL,campus_143,loss2,Top 10,Recall,0.53443,0.53587,0.0014399999999999968,0.26944595176168945
SimGCL,campus_143,loss2,Top 10,NDCG,0.51394,0.51379,-0.00014999999999998348,-0.029186286336923276
SimGCL,campus_143,loss2,Top 20,Hit Ratio,0.50518,0.50991,0.004730000000000012,0.9362999326972589
SimGCL,campus_143,loss2,Top 20,Precision,0.0812,0.08196,0.0007600000000000107,0.9359605911330181
SimGCL,campus_143,loss2,Top 20,Recall,0.57795,0.57962,0.0016700000000000603,0.2889523315165776
SimGCL,campus_143,loss2,Top 20,NDCG,0.52716,0.52735,0.00019000000000002348,0.036042188329923265
SimGCL,campus_143,loss3,Top 10,Hit Ratio,0.45001,0.45286,0.0028499999999999637,0.6333192595720014
SimGCL,campus_143,loss3,Top 10,Precision,0.14467,0.14559,0.0009200000000000041,0.6359300476947565
SimGCL,campus_143,loss3,Top 10,Recall,0.53443,0.53574,0.0013100000000000334,0.2451209700054326
SimGCL,campus_143,loss3,Top 10,NDCG,0.51394,0.51538,0.0014399999999999968,0.28018834883449373
SimGCL,campus_143,loss3,Top 20,Hit Ratio,0.50518,0.50887,0.003690000000000082,0.7304327170513644
SimGCL,campus_143,loss3,Top 20,Precision,0.0812,0.0818,0.0006000000000000033,0.7389162561576396
SimGCL,campus_143,loss3,Top 20,Recall,0.57795,0.5775,-0.00044999999999995044,-0.0778614066960724
SimGCL,campus_143,loss3,Top 20,NDCG,0.52716,0.52823,0.0010700000000000154,0.2029744290158615
SimGCL,campus_143,loss4,Top 10,Hit Ratio,0.45001,0.45442,0.0044099999999999695,0.9799782227061552
SimGCL,campus_143,loss4,Top 10,Precision,0.14467,0.14609,0.0014200000000000046,0.981544204050601
SimGCL,campus_143,loss4,Top 10,Recall,0.53443,0.5385,0.004070000000000018,0.7615590442153357
SimGCL,campus_143,loss4,Top 10,NDCG,0.51394,0.5154,0.0014600000000000168,0.2840798536794211
SimGCL,campus_143,loss4,Top 20,Hit Ratio,0.50518,0.509,0.0038200000000000456,0.7561661190070956
SimGCL,campus_143,loss4,Top 20,Precision,0.0812,0.08182,0.0006200000000000094,0.7635467980295683
SimGCL,campus_143,loss4,Top 20,Recall,0.57795,0.58068,0.00273000000000001,0.472359200622893
SimGCL,campus_143,loss4,Top 20,NDCG,0.52716,0.5282,0.001040000000000041,0.19728355717430018
SimGCL,campus_143,loss5,Top 10,Hit Ratio,0.45001,0.45487,0.0048599999999999755,1.0799760005333159
SimGCL,campus_143,loss5,Top 10,Precision,0.14467,0.14623,0.0015600000000000058,1.0783161678302384
SimGCL,campus_143,loss5,Top 10,Recall,0.53443,0.53705,0.0026200000000000667,0.4902419400108652
SimGCL,campus_143,loss5,Top 10,NDCG,0.51394,0.5147,0.0007600000000000939,0.1478771841071125
SimGCL,campus_143,loss5,Top 20,Hit Ratio,0.50518,0.51049,0.005310000000000037,1.0511104952690205
SimGCL,campus_143,loss5,Top 20,Precision,0.0812,0.08206,0.0008599999999999997,1.0591133004926105
SimGCL,campus_143,loss5,Top 20,Recall,0.57795,0.57869,0.0007400000000000739,0.12803875767801262
SimGCL,campus_143,loss5,Top 20,NDCG,0.52716,0.52731,0.00014999999999998348,0.028454359207827507
SimGCL,campus_15,loss1,Top 10,Hit Ratio,0.19727,0.19846,0.0011899999999999966,0.6032341460941839
SimGCL,campus_15,loss1,Top 10,Precision,0.26379,0.26537,0.0015799999999999703,0.5989612949694719
SimGCL,campus_15,loss1,Top 10,Recall,0.28174,0.28345,0.0017099999999999893,0.6069425711649
SimGCL,campus_15,loss1,Top 10,NDCG,0.39722,0.39827,0.0010499999999999954,0.26433714314485557
SimGCL,campus_15,loss1,Top 20,Hit Ratio,0.28462,0.28595,0.0013299999999999979,0.4672897196261675
SimGCL,campus_15,loss1,Top 20,Precision,0.19029,0.19118,0.0008900000000000019,0.4677071837721383
SimGCL,campus_15,loss1,Top 20,Recall,0.35642,0.35711,0.0006899999999999684,0.19359182986363516
SimGCL,campus_15,loss1,Top 20,NDCG,0.38449,0.38494,0.00045000000000000595,0.11703815443834846
SimGCL,campus_15,loss2,Top 10,Hit Ratio,0.19727,0.19784,0.0005699999999999872,0.2889440867846034
SimGCL,campus_15,loss2,Top 10,Precision,0.26379,0.26455,0.0007599999999999829,0.2881079646688589
SimGCL,campus_15,loss2,Top 10,Recall,0.28174,0.28412,0.0023799999999999932,0.8447504791651853
SimGCL,campus_15,loss2,Top 10,NDCG,0.39722,0.39847,0.0012499999999999734,0.31468707517244177
SimGCL,campus_15,loss2,Top 20,Hit Ratio,0.28462,0.28598,0.0013600000000000279,0.47783008924180587
SimGCL,campus_15,loss2,Top 20,Precision,0.19029,0.1912,0.0009100000000000219,0.47821745756478107
SimGCL,campus_15,loss2,Top 20,Recall,0.35642,0.35703,0.0006099999999999994,0.17114640031423586
SimGCL,campus_15,loss2,Top 20,NDCG,0.38449,0.3854,0.0009100000000000219,0.23667715675310722
SimGCL,campus_15,loss3,Top 10,Hit Ratio,0.19727,0.19811,0.0008400000000000074,0.4258123384194289
SimGCL,campus_15,loss3,Top 10,Precision,0.26379,0.26491,0.0011199999999999544,0.42458015845936325
SimGCL,campus_15,loss3,Top 10,Recall,0.28174,0.28356,0.0018199999999999883,0.6459856605380806
SimGCL,campus_15,loss3,Top 10,NDCG,0.39722,0.39854,0.0013199999999999878,0.33230955138210255
SimGCL,campus_15,loss3,Top 20,Hit Ratio,0.28462,0.28661,0.0019899999999999918,0.6991778511699782
SimGCL,campus_15,loss3,Top 20,Precision,0.19029,0.19163,0.0013400000000000079,0.7041883441063682
SimGCL,campus_15,loss3,Top 20,Recall,0.35642,0.35854,0.0021200000000000108,0.5948038830593151
SimGCL,campus_15,loss3,Top 20,NDCG,0.38449,0.38621,0.0017199999999999993,0.4473458347421257
SimGCL,campus_15,loss4,Top 10,Hit Ratio,0.19727,0.19826,0.0009899999999999909,0.5018502559943179
SimGCL,campus_15,loss4,Top 10,Precision,0.26379,0.26511,0.0013199999999999878,0.500398043898551
SimGCL,campus_15,loss4,Top 10,Recall,0.28174,0.28401,0.0022699999999999942,0.8057073897920048
SimGCL,campus_15,loss4,Top 10,NDCG,0.39722,0.39946,0.0022399999999999642,0.5639192387090187
SimGCL,campus_15,loss4,Top 20,Hit Ratio,0.28462,0.28573,0.0011099999999999999,0.38999367577823063
SimGCL,campus_15,loss4,Top 20,Precision,0.19029,0.19104,0.0007500000000000007,0.3941352672237115
SimGCL,campus_15,loss4,Top 20,Recall,0.35642,0.35714,0.0007199999999999984,0.20200886594467157
SimGCL,campus_15,loss4,Top 20,NDCG,0.38449,0.38611,0.0016200000000000103,0.42133735597805155
SimGCL,campus_15,loss5,Top 10,Hit Ratio,0.19727,0.19697,-0.0002999999999999947,-0.15207583514979203
SimGCL,campus_15,loss5,Top 10,Precision,0.26379,0.26339,-0.00040000000000001146,-0.15163577087835453
SimGCL,campus_15,loss5,Top 10,Recall,0.28174,0.28281,0.0010700000000000154,0.37978277844822017
SimGCL,campus_15,loss5,Top 10,NDCG,0.39722,0.39663,-0.0005900000000000349,-0.14853229948140448
SimGCL,campus_15,loss5,Top 20,Hit Ratio,0.28462,0.28624,0.0016200000000000103,0.5691799592439077
SimGCL,campus_15,loss5,Top 20,Precision,0.19029,0.19138,0.0010900000000000076,0.5728099216984643
SimGCL,campus_15,loss5,Top 20,Recall,0.35642,0.3577,0.0012800000000000034,0.35912687279052896
SimGCL,campus_15,loss5,Top 20,NDCG,0.38449,0.38456,7.00000000000145e-05,0.018205935134857732
SimGCL,campus_34,loss1,Top 10,Hit Ratio,0.34318,0.34119,-0.0019899999999999918,-0.5798706218311067
SimGCL,campus_34,loss1,Top 10,Precision,0.17335,0.17234,-0.0010100000000000109,-0.5826362849726051
SimGCL,campus_34,loss1,Top 10,Recall,0.4301,0.42741,-0.00268999999999997,-0.6254359451290328
SimGCL,campus_34,loss1,Top 10,NDCG,0.4427,0.43917,-0.0035299999999999776,-0.7973797153828727
SimGCL,campus_34,loss1,Top 20,Hit Ratio,0.40661,0.40831,0.0016999999999999793,0.4180910454735445
SimGCL,campus_34,loss1,Top 20,Precision,0.10269,0.10312,0.0004299999999999998,0.41873600155808727
SimGCL,campus_34,loss1,Top 20,Recall,0.48049,0.48185,0.0013600000000000279,0.2830443921829857
SimGCL,campus_34,loss1,Top 20,NDCG,0.45501,0.45292,-0.0020900000000000363,-0.459330564163433
SimGCL,campus_34,loss2,Top 10,Hit Ratio,0.34318,0.34415,0.0009700000000000264,0.28265050410863873
SimGCL,campus_34,loss2,Top 10,Precision,0.17335,0.17384,0.0004899999999999904,0.2826651283530374
SimGCL,campus_34,loss2,Top 10,Recall,0.4301,0.43154,0.0014399999999999968,0.3348058591025336
SimGCL,campus_34,loss2,Top 10,NDCG,0.4427,0.44212,-0.0005799999999999694,-0.13101423085610334
SimGCL,campus_34,loss2,Top 20,Hit Ratio,0.40661,0.40949,0.0028799999999999937,0.7082954182140118
SimGCL,campus_34,loss2,Top 20,Precision,0.10269,0.10342,0.0007299999999999945,0.7108773979939571
SimGCL,campus_34,loss2,Top 20,Recall,0.48049,0.4816,0.0011099999999999999,0.23101417303169677
SimGCL,campus_34,loss2,Top 20,NDCG,0.45501,0.45455,-0.00046000000000001595,-0.10109667919386738
SimGCL,campus_34,loss3,Top 10,Hit Ratio,0.34318,0.34403,0.0008500000000000174,0.24768343143540344
SimGCL,campus_34,loss3,Top 10,Precision,0.17335,0.17378,0.00042999999999998595,0.24805307182000919
SimGCL,campus_34,loss3,Top 10,Recall,0.4301,0.43117,0.0010700000000000154,0.24877935363869225
SimGCL,campus_34,loss3,Top 10,NDCG,0.4427,0.44413,0.0014300000000000423,0.3230178450417986
SimGCL,campus_34,loss3,Top 20,Hit Ratio,0.40661,0.40933,0.00272,0.6689456727576794
SimGCL,campus_34,loss3,Top 20,Precision,0.10269,0.10338,0.0006899999999999962,0.6719252118025086
SimGCL,campus_34,loss3,Top 20,Recall,0.48049,0.4813,0.0008100000000000329,0.16857791005016398
SimGCL,campus_34,loss3,Top 20,NDCG,0.45501,0.45663,0.0016199999999999548,0.35603613107403237
SimGCL,campus_34,loss4,Top 10,Hit Ratio,0.34318,0.34419,0.0010100000000000109,0.29430619499971183
SimGCL,campus_34,loss4,Top 10,Precision,0.17335,0.17386,0.0005099999999999827,0.2942024805307082
SimGCL,campus_34,loss4,Top 10,Recall,0.4301,0.42989,-0.00020999999999998797,-0.04882585445245012
SimGCL,campus_34,loss4,Top 10,NDCG,0.4427,0.44193,-0.0007699999999999929,-0.17393268579173093
SimGCL,campus_34,loss4,Top 20,Hit Ratio,0.40661,0.40815,0.0015399999999999858,0.378741300017212
SimGCL,campus_34,loss4,Top 20,Precision,0.10269,0.10308,0.00039000000000000146,0.37978381536663885
SimGCL,campus_34,loss4,Top 20,Recall,0.48049,0.48007,-0.00041999999999997595,-0.08741076817415055
SimGCL,campus_34,loss4,Top 20,NDCG,0.45501,0.45406,-0.0009500000000000064,-0.2087866200742855
SimGCL,campus_34,loss5,Top 10,Hit Ratio,0.34318,0.34569,0.0025100000000000122,0.7313946034151211
SimGCL,campus_34,loss5,Top 10,Precision,0.17335,0.17462,0.0012699999999999934,0.7326218632823728
SimGCL,campus_34,loss5,Top 10,Recall,0.4301,0.43006,-3.999999999998449e-05,-0.00930016275284457
SimGCL,campus_34,loss5,Top 10,NDCG,0.4427,0.44121,-0.0014899999999999913,-0.33657104133724675
SimGCL,campus_34,loss5,Top 20,Hit Ratio,0.40661,0.41136,0.0047499999999999765,1.168195568234912
SimGCL,campus_34,loss5,Top 20,Precision,0.10269,0.10389,0.0011999999999999927,1.168565585743493
SimGCL,campus_34,loss5,Top 20,Recall,0.48049,0.48139,0.0009000000000000119,0.18730878894462152
SimGCL,campus_34,loss5,Top 20,NDCG,0.45501,0.45388,-0.0011300000000000199,-0.24834619019362647
XSimGCL,campus_10,loss1,Top 10,Hit Ratio,0.23489,0.2359,0.0010100000000000109,0.4299885052577849
XSimGCL,campus_10,loss1,Top 10,Precision,0.21012,0.21102,0.0009000000000000119,0.42832667047402057
XSimGCL,campus_10,loss1,Top 10,Recall,0.32947,0.3329,0.0034299999999999886,1.0410659544116274
XSimGCL,campus_10,loss1,Top 10,NDCG,0.3846,0.38448,-0.00012000000000000899,-0.031201248049924333
XSimGCL,campus_10,loss1,Top 20,Hit Ratio,0.31183,0.31147,-0.00035999999999997145,-0.11544751948175977
XSimGCL,campus_10,loss1,Top 20,Precision,0.13947,0.13931,-0.00016000000000002124,-0.11472001147201637
XSimGCL,campus_10,loss1,Top 20,Recall,0.39633,0.39636,2.999999999997449e-05,0.0075694497010003
XSimGCL,campus_10,loss1,Top 20,NDCG,0.38706,0.38569,-0.0013700000000000379,-0.35395029194441113
XSimGCL,campus_10,loss2,Top 10,Hit Ratio,0.23489,0.23482,-6.999999999998674e-05,-0.029801183532711797
XSimGCL,campus_10,loss2,Top 10,Precision,0.21012,0.21006,-6.0000000000004494e-05,-0.02855511136493646
XSimGCL,campus_10,loss2,Top 10,Recall,0.32947,0.33112,0.0016500000000000403,0.5008043220930708
XSimGCL,campus_10,loss2,Top 10,NDCG,0.3846,0.38365,-0.0009500000000000064,-0.24700988039521748
XSimGCL,campus_10,loss2,Top 20,Hit Ratio,0.31183,0.312,0.00017000000000000348,0.05451688419972532
XSimGCL,campus_10,loss2,Top 20,Precision,0.13947,0.13955,7.999999999999674e-05,0.057360005735998226
XSimGCL,campus_10,loss2,Top 20,Recall,0.39633,0.3976,0.0012699999999999934,0.32044003734261683
XSimGCL,campus_10,loss2,Top 20,NDCG,0.38706,0.38598,-0.0010800000000000254,-0.2790265075182208
XSimGCL,campus_10,loss3,Top 10,Hit Ratio,0.23489,0.23557,0.0006800000000000139,0.2894972114606897
XSimGCL,campus_10,loss3,Top 10,Precision,0.21012,0.21072,0.0005999999999999894,0.2855511136493382
XSimGCL,campus_10,loss3,Top 10,Recall,0.32947,0.33318,0.003709999999999991,1.1260509302819652
XSimGCL,campus_10,loss3,Top 10,NDCG,0.3846,0.38586,0.0012599999999999834,0.32761310452417663
XSimGCL,campus_10,loss3,Top 20,Hit Ratio,0.31183,0.31151,-0.00031999999999998696,-0.10262001731712375
XSimGCL,campus_10,loss3,Top 20,Precision,0.13947,0.13933,-0.00014000000000000123,-0.10038001003800187
XSimGCL,campus_10,loss3,Top 20,Recall,0.39633,0.39649,0.00015999999999999348,0.040370398405367616
XSimGCL,campus_10,loss3,Top 20,NDCG,0.38706,0.38715,8.999999999997899e-05,0.02325220895984576
XSimGCL,campus_10,loss4,Top 10,Hit Ratio,0.23489,0.23454,-0.0003499999999999892,-0.14900591766358262
XSimGCL,campus_10,loss4,Top 10,Precision,0.21012,0.2098,-0.0003200000000000147,-0.15229392727965674
XSimGCL,campus_10,loss4,Top 10,Recall,0.32947,0.33203,0.0025600000000000067,0.7770054936716566
XSimGCL,campus_10,loss4,Top 10,NDCG,0.3846,0.38316,-0.0014399999999999968,-0.37441497659906314
XSimGCL,campus_10,loss4,Top 20,Hit Ratio,0.31183,0.31296,0.0011300000000000199,0.3623769361511144
XSimGCL,campus_10,loss4,Top 20,Precision,0.13947,0.13997,0.0005000000000000004,0.3585000358500039
XSimGCL,campus_10,loss4,Top 20,Recall,0.39633,0.39983,0.003500000000000003,0.8831024651174534
XSimGCL,campus_10,loss4,Top 20,NDCG,0.38706,0.38636,-0.0007000000000000339,-0.18085051413218464
XSimGCL,campus_10,loss5,Top 10,Hit Ratio,0.23489,0.23438,-0.0005099999999999827,-0.21712290859550545
XSimGCL,campus_10,loss5,Top 10,Precision,0.21012,0.20966,-0.0004599999999999882,-0.21892252046449087
XSimGCL,campus_10,loss5,Top 10,Recall,0.32947,0.33007,0.0005999999999999894,0.18211066257929082
XSimGCL,campus_10,loss5,Top 10,NDCG,0.3846,0.38495,0.00035000000000001696,0.09100364014561023
XSimGCL,campus_10,loss5,Top 20,Hit Ratio,0.31183,0.31011,-0.0017199999999999993,-0.5515825930795624
XSimGCL,campus_10,loss5,Top 20,Precision,0.13947,0.1387,-0.0007700000000000207,-0.5520900552090203
XSimGCL,campus_10,loss5,Top 20,Recall,0.39633,0.39345,-0.0028799999999999937,-0.7266671712966452
XSimGCL,campus_10,loss5,Top 20,NDCG,0.38706,0.38628,-0.0007800000000000029,-0.201519144318711
XSimGCL,campus_102,loss1,Top 10,Hit Ratio,0.22494,0.22454,-0.00040000000000001146,-0.17782519783053768
XSimGCL,campus_102,loss1,Top 10,Precision,0.21084,0.21047,-0.0003700000000000092,-0.17548852210207228
XSimGCL,campus_102,loss1,Top 10,Recall,0.29707,0.29691,-0.00015999999999999348,-0.05385935974685881
XSimGCL,campus_102,loss1,Top 10,NDCG,0.36293,0.36268,-0.00024999999999997247,-0.06888380679469112
XSimGCL,campus_102,loss1,Top 20,Hit Ratio,0.29726,0.29739,0.00012999999999996348,0.043732759200687435
XSimGCL,campus_102,loss1,Top 20,Precision,0.13931,0.13938,7.00000000000145e-05,0.05024764912785479
XSimGCL,campus_102,loss1,Top 20,Recall,0.36394,0.36539,0.0014500000000000068,0.3984173215365189
XSimGCL,campus_102,loss1,Top 20,NDCG,0.36435,0.36465,0.00029999999999996696,0.08233841086866116
XSimGCL,campus_102,loss2,Top 10,Hit Ratio,0.22494,0.22476,-0.00018000000000001348,-0.08002133902374566
XSimGCL,campus_102,loss2,Top 10,Precision,0.21084,0.21068,-0.00015999999999999348,-0.07588692847656682
XSimGCL,campus_102,loss2,Top 10,Recall,0.29707,0.29526,-0.0018099999999999783,-0.6092840071363579
XSimGCL,campus_102,loss2,Top 10,NDCG,0.36293,0.36316,0.00023000000000000798,0.063373102251125
XSimGCL,campus_102,loss2,Top 20,Hit Ratio,0.29726,0.29553,-0.0017300000000000093,-0.5819821032093148
XSimGCL,campus_102,loss2,Top 20,Precision,0.13931,0.1385,-0.0008099999999999774,-0.5814370827650401
XSimGCL,campus_102,loss2,Top 20,Recall,0.36394,0.36426,0.00031999999999998696,0.08792658130460708
XSimGCL,campus_102,loss2,Top 20,NDCG,0.36435,0.36449,0.00013999999999997348,0.038424591738705494
XSimGCL,campus_102,loss3,Top 10,Hit Ratio,0.22494,0.22478,-0.00015999999999999348,-0.07113007913221014
XSimGCL,campus_102,loss3,Top 10,Precision,0.21084,0.2107,-0.00014000000000000123,-0.06640106241699925
XSimGCL,campus_102,loss3,Top 10,Recall,0.29707,0.29594,-0.0011300000000000199,-0.38038172821221256
XSimGCL,campus_102,loss3,Top 10,NDCG,0.36293,0.36326,0.0003300000000000525,0.09092662496901675
XSimGCL,campus_102,loss3,Top 20,Hit Ratio,0.29726,0.29708,-0.00018000000000001348,-0.06055305120097338
XSimGCL,campus_102,loss3,Top 20,Precision,0.13931,0.13923,-7.999999999999674e-05,-0.0574258847175341
XSimGCL,campus_102,loss3,Top 20,Recall,0.36394,0.36534,0.0014000000000000123,0.384678793207675
XSimGCL,campus_102,loss3,Top 20,NDCG,0.36435,0.36514,0.0007900000000000129,0.2168244819541685
XSimGCL,campus_102,loss4,Top 10,Hit Ratio,0.22494,0.22514,0.00020000000000000573,0.08891259891526884
XSimGCL,campus_102,loss4,Top 10,Precision,0.21084,0.21102,0.00018000000000001348,0.08537279453614754
XSimGCL,campus_102,loss4,Top 10,Recall,0.29707,0.29577,-0.0013000000000000234,-0.4376072979432536
XSimGCL,campus_102,loss4,Top 10,NDCG,0.36293,0.36286,-6.999999999995898e-05,-0.019287465902504335
XSimGCL,campus_102,loss4,Top 20,Hit Ratio,0.29726,0.29735,8.999999999997899e-05,0.03027652560047735
XSimGCL,campus_102,loss4,Top 20,Precision,0.13931,0.13936,5.000000000002225e-05,0.035891177948476245
XSimGCL,campus_102,loss4,Top 20,Recall,0.36394,0.36352,-0.00041999999999997595,-0.11540363796229487
XSimGCL,campus_102,loss4,Top 20,NDCG,0.36435,0.36425,-9.999999999998899e-05,-0.02744613695622039
XSimGCL,campus_102,loss5,Top 10,Hit Ratio,0.22494,0.22623,0.0012899999999999856,0.5734862630034612
XSimGCL,campus_102,loss5,Top 10,Precision,0.21084,0.21205,0.0012099999999999889,0.5738948966040547
XSimGCL,campus_102,loss5,Top 10,Recall,0.29707,0.29827,0.0011999999999999789,0.4039451981014504
XSimGCL,campus_102,loss5,Top 10,NDCG,0.36293,0.36523,0.0023000000000000242,0.6337310225112348
XSimGCL,campus_102,loss5,Top 20,Hit Ratio,0.29726,0.29783,0.0005699999999999594,0.19175132880305437
XSimGCL,campus_102,loss5,Top 20,Precision,0.13931,0.13958,0.0002700000000000202,0.19381236092169998
XSimGCL,campus_102,loss5,Top 20,Recall,0.36394,0.36688,0.002939999999999998,0.8078254657361099
XSimGCL,campus_102,loss5,Top 20,NDCG,0.36435,0.3667,0.0023500000000000187,0.6449842184712553
XSimGCL,campus_143,loss1,Top 10,Hit Ratio,0.48744,0.48802,0.0005800000000000249,0.11898900377482868
XSimGCL,campus_143,loss1,Top 10,Precision,0.1567,0.15689,0.00018999999999999573,0.12125079770261374
XSimGCL,campus_143,loss1,Top 10,Recall,0.57384,0.57263,-0.0012100000000000444,-0.2108601700822606
XSimGCL,campus_143,loss1,Top 10,NDCG,0.537,0.53732,0.00031999999999998696,0.05959031657355436
XSimGCL,campus_143,loss1,Top 20,Hit Ratio,0.56702,0.56436,-0.0026599999999999957,-0.46911925505273105
XSimGCL,campus_143,loss1,Top 20,Precision,0.09114,0.09072,-0.0004200000000000037,-0.46082949308756166
XSimGCL,campus_143,loss1,Top 20,Recall,0.63489,0.63057,-0.0043199999999999905,-0.6804328308840887
XSimGCL,campus_143,loss1,Top 20,NDCG,0.557,0.55614,-0.0008600000000000829,-0.15439856373430572
XSimGCL,campus_143,loss2,Top 10,Hit Ratio,0.48744,0.48517,-0.0022699999999999942,-0.46569834236008417
XSimGCL,campus_143,loss2,Top 10,Precision,0.1567,0.15597,-0.0007300000000000084,-0.46585832801532123
XSimGCL,campus_143,loss2,Top 10,Recall,0.57384,0.57052,-0.0033199999999999896,-0.5785584832008904
XSimGCL,campus_143,loss2,Top 10,NDCG,0.537,0.53607,-0.0009299999999999864,-0.1731843575418969
XSimGCL,campus_143,loss2,Top 20,Hit Ratio,0.56702,0.56579,-0.0012299999999999534,-0.2169235653063302
XSimGCL,campus_143,loss2,Top 20,Precision,0.09114,0.09095,-0.00018999999999999573,-0.20847048496817613
XSimGCL,campus_143,loss2,Top 20,Recall,0.63489,0.63246,-0.002429999999999932,-0.38274346737229004
XSimGCL,campus_143,loss2,Top 20,NDCG,0.557,0.55632,-0.0006800000000000139,-0.12208258527827898
XSimGCL,campus_143,loss3,Top 10,Hit Ratio,0.48744,0.48349,-0.003950000000000009,-0.8103561463975072
XSimGCL,campus_143,loss3,Top 10,Precision,0.1567,0.15543,-0.0012699999999999934,-0.8104658583280111
XSimGCL,campus_143,loss3,Top 10,Recall,0.57384,0.57229,-0.0015500000000000513,-0.27011013522934113
XSimGCL,campus_143,loss3,Top 10,NDCG,0.537,0.53585,-0.0011499999999999844,-0.21415270018621682
XSimGCL,campus_143,loss3,Top 20,Hit Ratio,0.56702,0.56799,0.0009700000000000264,0.17106980353427154
XSimGCL,campus_143,loss3,Top 20,Precision,0.09114,0.0913,0.00016000000000000736,0.17555409260479193
XSimGCL,campus_143,loss3,Top 20,Recall,0.63489,0.63856,0.003670000000000062,0.5780528910520031
XSimGCL,campus_143,loss3,Top 20,NDCG,0.557,0.55763,0.0006299999999999084,0.11310592459603383
XSimGCL,campus_143,loss4,Top 10,Hit Ratio,0.48744,0.48653,-0.0009099999999999664,-0.1866896438535956
XSimGCL,campus_143,loss4,Top 10,Precision,0.1567,0.15641,-0.00029000000000001247,-0.18506700701979098
XSimGCL,campus_143,loss4,Top 10,Recall,0.57384,0.56972,-0.0041200000000000125,-0.7179701658999046
XSimGCL,campus_143,loss4,Top 10,NDCG,0.537,0.53578,-0.0012199999999999989,-0.22718808193668508
XSimGCL,campus_143,loss4,Top 20,Hit Ratio,0.56702,0.56404,-0.0029799999999999827,-0.5255546541568169
XSimGCL,campus_143,loss4,Top 20,Precision,0.09114,0.09066,-0.0004799999999999943,-0.5266622778143454
XSimGCL,campus_143,loss4,Top 20,Recall,0.63489,0.62957,-0.005319999999999991,-0.8379404306257764
XSimGCL,campus_143,loss4,Top 20,NDCG,0.557,0.55523,-0.0017700000000000493,-0.3177737881508167
XSimGCL,campus_143,loss5,Top 10,Hit Ratio,0.48744,0.48491,-0.0025299999999999767,-0.519038240603967
XSimGCL,campus_143,loss5,Top 10,Precision,0.1567,0.15589,-0.0008100000000000052,-0.5169112954690523
XSimGCL,campus_143,loss5,Top 10,Recall,0.57384,0.57154,-0.0022999999999999687,-0.40080858775964884
XSimGCL,campus_143,loss5,Top 10,NDCG,0.537,0.53657,-0.00043000000000004146,-0.08007448789572466
XSimGCL,campus_143,loss5,Top 20,Hit Ratio,0.56702,0.56501,-0.0020099999999999563,-0.3544848506225453
XSimGCL,campus_143,loss5,Top 20,Precision,0.09114,0.09082,-0.00032000000000000084,-0.3511081852095686
XSimGCL,campus_143,loss5,Top 20,Recall,0.63489,0.63126,-0.003629999999999911,-0.5717525870623118
XSimGCL,campus_143,loss5,Top 20,NDCG,0.557,0.55628,-0.0007200000000000539,-0.12926391382406713
XSimGCL,campus_15,loss1,Top 10,Hit Ratio,0.20235,0.20332,0.0009699999999999986,0.4793674326661718
XSimGCL,campus_15,loss1,Top 10,Precision,0.27058,0.27187,0.0012900000000000134,0.4767536403281889
XSimGCL,campus_15,loss1,Top 10,Recall,0.28658,0.28771,0.0011300000000000199,0.39430525507712333
XSimGCL,campus_15,loss1,Top 10,NDCG,0.40888,0.40917,0.00028999999999995696,0.07092545490118297
XSimGCL,campus_15,loss1,Top 20,Hit Ratio,0.29394,0.29471,0.0007700000000000484,0.2619582227665675
XSimGCL,campus_15,loss1,Top 20,Precision,0.19652,0.19704,0.0005199999999999927,0.2646041115408064
XSimGCL,campus_15,loss1,Top 20,Recall,0.36268,0.36406,0.0013799999999999923,0.38050071688540654
XSimGCL,campus_15,loss1,Top 20,NDCG,0.39545,0.39571,0.00025999999999998247,0.06574788215956062
XSimGCL,campus_15,loss2,Top 10,Hit Ratio,0.20235,0.20252,0.00017000000000000348,0.08401284902397009
XSimGCL,campus_15,loss2,Top 10,Precision,0.27058,0.2708,0.00021999999999999797,0.08130682238155
XSimGCL,campus_15,loss2,Top 10,Recall,0.28658,0.28648,-9.999999999998899e-05,-0.03489427036080291
XSimGCL,campus_15,loss2,Top 10,NDCG,0.40888,0.40904,0.00015999999999999348,0.03913128546272585
XSimGCL,campus_15,loss2,Top 20,Hit Ratio,0.29394,0.29385,-8.999999999997899e-05,-0.030618493570109206
XSimGCL,campus_15,loss2,Top 20,Precision,0.19652,0.19646,-6.0000000000004494e-05,-0.03053124363932653
XSimGCL,campus_15,loss2,Top 20,Recall,0.36268,0.36149,-0.0011900000000000244,-0.3281129370243808
XSimGCL,campus_15,loss2,Top 20,NDCG,0.39545,0.39524,-0.00021000000000004349,-0.053104058667351996
XSimGCL,campus_15,loss3,Top 10,Hit Ratio,0.20235,0.20265,0.0002999999999999947,0.14825796886582393
XSimGCL,campus_15,loss3,Top 10,Precision,0.27058,0.27098,0.00040000000000001146,0.14783058614827832
XSimGCL,campus_15,loss3,Top 10,Recall,0.28658,0.28711,0.0005299999999999749,0.18493963291226706
XSimGCL,campus_15,loss3,Top 10,NDCG,0.40888,0.40986,0.0009799999999999809,0.23967912345920095
XSimGCL,campus_15,loss3,Top 20,Hit Ratio,0.29394,0.29379,-0.00014999999999998348,-0.05103082261685497
XSimGCL,campus_15,loss3,Top 20,Precision,0.19652,0.19642,-9.999999999998899e-05,-0.0508854060655348
XSimGCL,campus_15,loss3,Top 20,Recall,0.36268,0.3632,0.0005200000000000204,0.14337708172494223
XSimGCL,campus_15,loss3,Top 20,NDCG,0.39545,0.39623,0.0007800000000000029,0.19724364647869586
XSimGCL,campus_15,loss4,Top 10,Hit Ratio,0.20235,0.20228,-7.00000000000145e-05,-0.034593526068700024
XSimGCL,campus_15,loss4,Top 10,Precision,0.27058,0.27049,-8.999999999997899e-05,-0.033261881883353904
XSimGCL,campus_15,loss4,Top 10,Recall,0.28658,0.28625,-0.00032999999999999696,-0.11515109219066123
XSimGCL,campus_15,loss4,Top 10,NDCG,0.40888,0.40867,-0.00021000000000004349,-0.05135981216984042
XSimGCL,campus_15,loss4,Top 20,Hit Ratio,0.29394,0.29299,-0.0009500000000000064,-0.3231952099067859
XSimGCL,campus_15,loss4,Top 20,Precision,0.19652,0.19589,-0.0006299999999999917,-0.3205780582129003
XSimGCL,campus_15,loss4,Top 20,Recall,0.36268,0.36298,0.00030000000000002247,0.08271754714900807
XSimGCL,campus_15,loss4,Top 20,NDCG,0.39545,0.39501,-0.00044000000000005146,-0.11126564673158462
XSimGCL,campus_15,loss5,Top 10,Hit Ratio,0.20235,0.20242,6.999999999998674e-05,0.034593526068686306
XSimGCL,campus_15,loss5,Top 10,Precision,0.27058,0.27067,9.00000000000345e-05,0.03326188188337442
XSimGCL,campus_15,loss5,Top 10,Recall,0.28658,0.28689,0.00030999999999997696,0.10817223811849291
XSimGCL,campus_15,loss5,Top 10,NDCG,0.40888,0.40919,0.00030999999999997696,0.0758168655840288
XSimGCL,campus_15,loss5,Top 20,Hit Ratio,0.29394,0.29404,0.0001000000000000445,0.03402054841125553
XSimGCL,campus_15,loss5,Top 20,Precision,0.19652,0.19659,6.999999999998674e-05,0.03561978424587153
XSimGCL,campus_15,loss5,Top 20,Recall,0.36268,0.36266,-2.0000000000020002e-05,-0.005514503143272307
XSimGCL,campus_15,loss5,Top 20,NDCG,0.39545,0.39566,0.00020999999999998797,0.05310405866733796
XSimGCL,campus_34,loss1,Top 10,Hit Ratio,0.38061,0.38195,0.0013400000000000079,0.35206641969470265
XSimGCL,campus_34,loss1,Top 10,Precision,0.19226,0.19293,0.0006700000000000039,0.34848642463331114
XSimGCL,campus_34,loss1,Top 10,Recall,0.47119,0.47305,0.0018600000000000283,0.3947452195505058
XSimGCL,campus_34,loss1,Top 10,NDCG,0.47239,0.47279,0.00040000000000001146,0.08467579754017052
XSimGCL,campus_34,loss1,Top 20,Hit Ratio,0.46469,0.46396,-0.0007300000000000084,-0.15709397662958283
XSimGCL,campus_34,loss1,Top 20,Precision,0.11736,0.11718,-0.0001799999999999996,-0.15337423312883403
XSimGCL,campus_34,loss1,Top 20,Recall,0.53896,0.54133,0.0023699999999999832,0.4397357874424787
XSimGCL,campus_34,loss1,Top 20,NDCG,0.49087,0.49115,0.00028000000000000247,0.05704157923686566
XSimGCL,campus_34,loss2,Top 10,Hit Ratio,0.38061,0.38232,0.0017099999999999893,0.4492787893118913
XSimGCL,campus_34,loss2,Top 10,Precision,0.19226,0.19312,0.0008600000000000274,0.44731093311142595
XSimGCL,campus_34,loss2,Top 10,Recall,0.47119,0.47311,0.0019199999999999773,0.4074789363101885
XSimGCL,campus_34,loss2,Top 10,NDCG,0.47239,0.47444,0.0020499999999999963,0.43396346239336064
XSimGCL,campus_34,loss2,Top 20,Hit Ratio,0.46469,0.46591,0.0012199999999999989,0.26254061847683374
XSimGCL,campus_34,loss2,Top 20,Precision,0.11736,0.11767,0.00030999999999999084,0.26414451261076244
XSimGCL,campus_34,loss2,Top 20,Recall,0.53896,0.53958,0.0006199999999999539,0.11503636633515546
XSimGCL,campus_34,loss2,Top 20,NDCG,0.49087,0.49248,0.0016100000000000003,0.32798908061197474
XSimGCL,campus_34,loss3,Top 10,Hit Ratio,0.38061,0.38236,0.0017499999999999738,0.45978823467590807
XSimGCL,campus_34,loss3,Top 10,Precision,0.19226,0.19314,0.0008800000000000197,0.45771351295122215
XSimGCL,campus_34,loss3,Top 10,Recall,0.47119,0.47361,0.0024199999999999777,0.5135932426409682
XSimGCL,campus_34,loss3,Top 10,NDCG,0.47239,0.47417,0.0017800000000000038,0.37680729905374877
XSimGCL,campus_34,loss3,Top 20,Hit Ratio,0.46469,0.46421,-0.00047999999999998044,-0.10329466956465179
XSimGCL,campus_34,loss3,Top 20,Precision,0.11736,0.11724,-0.00012000000000000899,-0.1022494887525639
XSimGCL,campus_34,loss3,Top 20,Recall,0.53896,0.54048,0.0015199999999999658,0.28202464004749256
XSimGCL,campus_34,loss3,Top 20,NDCG,0.49087,0.49211,0.0012400000000000189,0.2526127080489782
XSimGCL,campus_34,loss4,Top 10,Hit Ratio,0.38061,0.38211,0.0015000000000000013,0.39410420115078465
XSimGCL,campus_34,loss4,Top 10,Precision,0.19226,0.19301,0.0007500000000000007,0.3900967439925105
XSimGCL,campus_34,loss4,Top 10,Recall,0.47119,0.47301,0.0018199999999999883,0.386256075044035
XSimGCL,campus_34,loss4,Top 10,NDCG,0.47239,0.47446,0.0020700000000000163,0.4381972522703733
XSimGCL,campus_34,loss4,Top 20,Hit Ratio,0.46469,0.46627,0.0015800000000000258,0.34001162065033164
XSimGCL,campus_34,loss4,Top 20,Precision,0.11736,0.11776,0.0003999999999999976,0.3408316291751854
XSimGCL,campus_34,loss4,Top 20,Recall,0.53896,0.54105,0.0020900000000000363,0.3877838800653177
XSimGCL,campus_34,loss4,Top 20,NDCG,0.49087,0.49301,0.0021400000000000308,0.43596064131033285
XSimGCL,campus_34,loss5,Top 10,Hit Ratio,0.38061,0.38126,0.0006499999999999839,0.1707784871653356
XSimGCL,campus_34,loss5,Top 10,Precision,0.19226,0.19258,0.0003200000000000147,0.16644127743681197
XSimGCL,campus_34,loss5,Top 10,Recall,0.47119,0.4744,0.0032099999999999906,0.6812538466436026
XSimGCL,campus_34,loss5,Top 10,NDCG,0.47239,0.47394,0.0015499999999999958,0.32811871546815047
XSimGCL,campus_34,loss5,Top 20,Hit Ratio,0.46469,0.46595,0.0012599999999999834,0.2711485076072185
XSimGCL,campus_34,loss5,Top 20,Precision,0.11736,0.11768,0.00032000000000000084,0.27266530334015066
XSimGCL,campus_34,loss5,Top 20,Recall,0.53896,0.54364,0.0046800000000000175,0.8683390233041446
XSimGCL,campus_34,loss5,Top 20,NDCG,0.49087,0.49289,0.0020200000000000218,0.4115142502088174
